,name,price,year,x,y,house_type_num,house_structure_area
0,卓越·蔚蓝海岸,13000,70,30.338303000000003,121.20443700000001,0,[]
1,保利天悦,32000,70,29.882046000000003,121.51498799999999,1,"[{'structure': '4室2厅2卫', 'area': 125, 'total_price': 400}]"
2,余姚恒大河悦府,8500,70,30.174954999999997,121.21122,14,"[{'structure': '3室2厅1卫', 'area': 91, 'total_price': 83}, {'structure': '3室2厅2卫', 'area': 115, 'total_price': 104}, {'structure': '3室2厅2卫', 'area': 119, 'total_price': 110}, {'structure': '3室2厅2卫', 'area': 120, 'total_price': 111}, {'structure': '3室2厅2卫', 'area': 117, 'total_price': 114}, {'structure': '3室2厅2卫', 'area': 121, 'total_price': 119}, {'structure': '3室2厅2卫', 'area': 125, 'total_price': 134}, {'structure': '4室2厅2卫', 'area': 135, 'total_price': 136}, {'structure': '4室2厅2卫', 'area': 135, 'total_price': 136}, {'structure': '3室2厅2卫', 'area': 130, 'total_price': 161}, {'structure': '4室2厅2卫', 'area': 145, 'total_price': 163}, {'structure': '4室2厅2卫', 'area': 155, 'total_price': 211}, {'structure': '4室2厅2卫', 'area': 175, 'total_price': 268}, {'structure': '3室2厅2卫', 'area': 127, 'total_price': 134}]"
3,大爱书院小镇,9500,70,29.717938,121.301475,4,"[{'structure': '3室2厅2卫', 'area': 92, 'total_price': 78}, {'structure': '3室2厅2卫', 'area': 104, 'total_price': 88}, {'structure': '3室2厅2卫', 'area': 115, 'total_price': 98}, {'structure': '3室2厅2卫', 'area': 130, 'total_price': 130}]"
4,大爱书院小镇,230,70,29.717938,121.301475,7,"[{'structure': '2室2厅2卫', 'area': 90, 'total_price': 230}, {'structure': '3室2厅2卫', 'area': 95, 'total_price': 230}, {'structure': '2室2厅3卫', 'area': 120, 'total_price': 240}, {'structure': '4室2厅3卫', 'area': 144, 'total_price': 288}, {'structure': '3室2厅2卫', 'area': 114, 'total_price': 300}, {'structure': '3室2厅2卫', 'area': 107, 'total_price': 300}, {'structure': '3室2厅3卫', 'area': 180, 'total_price': 500}]"
5,绿地铭庐,11800,70,30.299694,121.299107,7,"[{'structure': '3室2厅2卫', 'area': 128, 'total_price': 150}, {'structure': '3室2厅2卫', 'area': 128, 'total_price': 150}, {'structure': '3室2厅2卫', 'area': 128, 'total_price': 150}, {'structure': '3室2厅2卫', 'area': 128, 'total_price': 150}, {'structure': '3室2厅2卫', 'area': 136, 'total_price': 160}, {'structure': '4室2厅2卫', 'area': 142, 'total_price': 166}, {'structure': '4室2厅2卫', 'area': 142, 'total_price': 166}]"
6,碧桂园都荟名邸,8350,70,30.178475,121.04942,3,"[{'structure': '3室2厅2卫', 'area': 119, 'total_price': 98}, {'structure': '4室2厅2卫', 'area': 143, 'total_price': 115}, {'structure': '6室2厅3卫', 'area': 220, 'total_price': 195}]"
7,绿地海湾,13500,70,30.325351,121.236453,4,"[{'structure': '2室1厅1卫', 'area': 70, 'total_price': 84}, {'structure': '3室2厅1卫', 'area': 90, 'total_price': 108}, {'structure': '3室2厅2卫', 'area': 100, 'total_price': 120}, {'structure': '3室2厅2卫', 'area': 100, 'total_price': 120}]"
8,中南菩悦海悦湾,17000,70,30.299196999999996,121.35246399999998,0,[]
9,碧桂园天元府,9800,70,30.184524,121.185282,3,"[{'structure': '3室2厅2卫', 'area': 120, 'total_price': 117}, {'structure': '4室1厅2卫', 'area': 140, 'total_price': 137}, {'structure': '3室2厅2卫', 'area': 105, 'total_price': 103}]"
10,合生杭州湾国际新城,11500,70,30.333438,121.213528,9,"[{'structure': '2室2厅1卫', 'area': 95, 'total_price': 102}, {'structure': '3室2厅1卫', 'area': 95, 'total_price': 110}, {'structure': '3室2厅2卫', 'area': 120, 'total_price': 132}, {'structure': '3室2厅2卫', 'area': 121, 'total_price': 144}, {'structure': '2室2厅1卫', 'area': 93, 'total_price': 107}, {'structure': '3室2厅2卫', 'area': 109, 'total_price': 125}, {'structure': '3室2厅2卫', 'area': 110, 'total_price': 126}, {'structure': '3室2厅2卫', 'area': 126, 'total_price': 145}, {'structure': '3室2厅2卫', 'area': 130, 'total_price': 150}]"
11,碧桂园紫宸府,12000,70,30.081393,121.17780800000001,0,[]
12,碧桂园观邸,11000,70,30.16007,121.065215,0,[]
13,中南珑悦,7500,70,30.112095,121.46398799999999,0,[]
14,城市方格,12000,40,29.893612,121.47084699999999,0,[]
15,宁波公馆,23500,40,29.864572999999996,121.54136499999998,4,"[{'structure': '4室3厅4卫', 'area': 213, 'total_price': 458}, {'structure': '5室3厅3卫', 'area': 229, 'total_price': 492}, {'structure': '5室3厅4卫', 'area': 265, 'total_price': 570}, {'structure': '6室3厅4卫', 'area': 305, 'total_price': 656}]"
16,奥园奥创中心,35000,40,29.879277000000002,121.52250500000001,0,[]
17,合能宁玥府,36000,70,29.867986,121.65486200000001,2,"[{'structure': '5室2厅3卫', 'area': 185, 'total_price': 592}, {'structure': '5室2厅4卫', 'area': 220, 'total_price': 858}]"
18,融信宋都南山府,12580,70,29.682894,121.42104599999999,2,"[{'structure': '4室2厅2卫', 'area': 135, 'total_price': 169}, {'structure': '4室2厅2卫', 'area': 135, 'total_price': 169}]"
19,融信宋都南山府,450,70,29.682894,121.42104599999999,2,"[{'structure': '5室3厅4卫', 'area': 140, 'total_price': 450}, {'structure': '5室3厅4卫', 'area': 160, 'total_price': 600}]"
20,北宸府,32500,70,29.853846,121.53699399999999,1,"[{'structure': '3室2厅2卫', 'area': 119, 'total_price': 380}]"
21,碧桂园海上传奇,13500,70,30.343894,121.20288799999999,5,"[{'structure': '2室2厅1卫', 'area': 67, 'total_price': 84}, {'structure': '2室2厅1卫', 'area': 79, 'total_price': 99}, {'structure': '3室2厅2卫', 'area': 99, 'total_price': 124}, {'structure': '4室2厅2卫', 'area': 129, 'total_price': 161}, {'structure': '4室2厅2卫', 'area': 143, 'total_price': 179}]"
22,1872花园坊,18500,40,29.911046999999996,121.56066799999999,0,[]
23,朗诗清澄,16000,40,29.919709,121.53461100000001,3,"[{'structure': '1室2厅1卫', 'area': 43, 'total_price': 60}, {'structure': '2室2厅2卫', 'area': 58, 'total_price': 81}, {'structure': '2室4厅2卫', 'area': 54, 'total_price': 92}]"
24,路劲新天地,20000,40,29.892394,121.568224,5,"[{'structure': '1室1厅1卫', 'area': 50, 'total_price': 100}, {'structure': '1室1厅1卫', 'area': 50, 'total_price': 100}, {'structure': '2室1厅2卫', 'area': 75, 'total_price': 150}, {'structure': '1室1厅1卫', 'area': 75, 'total_price': 150}, {'structure': '1室0厅1卫', 'area': 30, 'total_price': 60}]"
25,印象M公馆三期-印象湾,17000,40,29.835651000000002,121.539847,0,[]
26,荣安桃李郡,22000,70,29.867147999999997,121.43963799999999,4,"[{'structure': '3室2厅2卫', 'area': 103, 'total_price': 221}, {'structure': '4室2厅2卫', 'area': 108, 'total_price': 232}, {'structure': '4室2厅2卫', 'area': 123, 'total_price': 264}, {'structure': '4室2厅2卫', 'area': 126, 'total_price': 271}]"
27,荣安桃李郡,22000,70,29.867147999999997,121.43963799999999,0,[]
28,宝龙天地,13500,40,29.928245,121.55556999999999,3,"[{'structure': '1室1厅1卫', 'area': 38, 'total_price': 52}, {'structure': '1室1厅1卫', 'area': 53, 'total_price': 72}, {'structure': '1室1厅1卫', 'area': 57, 'total_price': 77}]"
29,江洲里,11000,40,29.777890000000003,121.60561100000001,3,"[{'structure': '1室1厅1卫', 'area': 48, 'total_price': 53}, {'structure': '1室1厅1卫', 'area': 56, 'total_price': 62}, {'structure': '2室1厅1卫', 'area': 75, 'total_price': 83}]"
30,蓝光雍锦湾,12500,70,30.29702,121.32820900000002,7,"[{'structure': '3室2厅1卫', 'area': 83, 'total_price': 104}, {'structure': '3室2厅1卫', 'area': 83, 'total_price': 104}, {'structure': '3室2厅1卫', 'area': 88, 'total_price': 106}, {'structure': '3室2厅2卫', 'area': 95, 'total_price': 114}, {'structure': '3室2厅1卫', 'area': 92, 'total_price': 115}, {'structure': '3室2厅2卫', 'area': 100, 'total_price': 125}, {'structure': '4室2厅2卫', 'area': 118, 'total_price': 147}]"
31,融创杭州湾壹号,12500,70,30.36318,121.21415400000001,2,"[{'structure': '1室2厅1卫', 'area': 63, 'total_price': 79}, {'structure': '3室2厅2卫', 'area': 85, 'total_price': 106}]"
32,绿地海湾,16000,70,30.325351,121.236453,9,"[{'structure': '4室2厅3卫', 'area': 130, 'total_price': 208}, {'structure': '4室2厅3卫', 'area': 130, 'total_price': 208}, {'structure': '4室2厅3卫', 'area': 130, 'total_price': 208}, {'structure': '4室2厅3卫', 'area': 130, 'total_price': 208}, {'structure': '4室2厅3卫', 'area': 148, 'total_price': 237}, {'structure': '4室2厅3卫', 'area': 148, 'total_price': 237}, {'structure': '4室2厅3卫', 'area': 153, 'total_price': 245}, {'structure': '4室2厅3卫', 'area': 153, 'total_price': 245}, {'structure': '4室2厅3卫', 'area': 166, 'total_price': 266}]"
33,宝龙广场·珑御,18000,40,29.888042,121.638704,0,[]
34,绿地新都会,18000,40,29.968684999999997,121.455974,0,[]
35,南方新都,9500,70,29.477899,121.910195,5,"[{'structure': '3室2厅1卫', 'area': 89, 'total_price': 85}, {'structure': '3室2厅1卫', 'area': 108, 'total_price': 103}, {'structure': '4室2厅2卫', 'area': 126, 'total_price': 120}, {'structure': '4室2厅2卫', 'area': 130, 'total_price': 124}, {'structure': '4室2厅2卫', 'area': 140, 'total_price': 133}]"
36,恒银铂悦,16000,40,29.810021999999996,121.54616000000001,1,"[{'structure': '2室1厅1卫', 'area': 40, 'total_price': 57}]"
37,景瑞时光里,30000,40,29.898115999999998,121.630319,0,[]
38,美的蝴蝶海,7958,70,29.788616776213,121.97814485474,1,"[{'structure': '3室2厅1卫', 'area': 106, 'total_price': 84}]"
39,隆尚府邸,12000,70,29.698888,121.30293400000001,3,"[{'structure': '5室4厅6卫', 'area': 254, 'total_price': 330}, {'structure': '7室2厅7卫', 'area': 293, 'total_price': 381}, {'structure': '7室2厅7卫', 'area': 338, 'total_price': 439}]"
40,时代广场,11000,40,30.073354766785997,121.16619503118,4,"[{'structure': '1室0厅1卫', 'area': 44, 'total_price': 50}, {'structure': '1室0厅1卫', 'area': 60, 'total_price': 70}, {'structure': '1室1厅1卫', 'area': 74, 'total_price': 85}, {'structure': '2室1厅1卫', 'area': 102, 'total_price': 118}]"
41,杭州湾世纪城,12000,70,30.330001,121.23563700000001,5,"[{'structure': '3室2厅1卫', 'area': 95, 'total_price': 120}, {'structure': '3室2厅1卫', 'area': 100, 'total_price': 130}, {'structure': '3室2厅2卫', 'area': 125, 'total_price': 163}, {'structure': '4室2厅3卫', 'area': 157, 'total_price': 180}, {'structure': '3室2厅2卫', 'area': 109, 'total_price': 290}]"
42,小城花园(象山县),5300,70,29.214689,121.862131,2,"[{'structure': '2室2厅1卫', 'area': 95, 'total_price': 53}, {'structure': '3室2厅2卫', 'area': 119, 'total_price': 67}]"
43,中南菩悦海悦湾,15000,70,30.299196999999996,121.35246399999998,1,"[{'structure': '5室4厅4卫', 'area': 144, 'total_price': 245}]"
44,星悦城,500,70,29.873026,121.54343899999999,0,[]
45,三江观邸,25000,40,29.927139,121.560207,0,[]
46,杭州湾世纪城,9000,40,30.330001,121.23563700000001,0,[]
47,杭州湾世纪城,25000,40,30.330001,121.23563700000001,0,[]
48,阳光一品,19000,40,29.885953000000004,121.519476,3,"[{'structure': '2室2厅2卫', 'area': 50, 'total_price': 95}, {'structure': '2室2厅2卫', 'area': 50, 'total_price': 95}, {'structure': '2室2厅2卫', 'area': 60, 'total_price': 114}]"
49,碧桂园云顶,16500,70,30.212327000000002,121.28928799999998,0,[]
50,观海商业广场,8000,40,29.671409000000004,121.78983600000001,2,"[{'structure': '1室1厅1卫', 'area': 48, 'total_price': 34}, {'structure': '2室2厅1卫', 'area': 93, 'total_price': 65}]"
51,锦绣东方国风小镇,13000,70,30.321340000000003,121.20865,3,"[{'structure': '3室2厅1卫', 'area': 89, 'total_price': 94}, {'structure': '3室2厅2卫', 'area': 111, 'total_price': 115}, {'structure': '4室2厅2卫', 'area': 116, 'total_price': 132}]"
52,奥园誉山湖,10000,70,30.178013,121.431527,5,"[{'structure': '3室2厅1卫', 'area': 89, 'total_price': 89}, {'structure': '3室2厅2卫', 'area': 109, 'total_price': 110}, {'structure': '4室2厅2卫', 'area': 128, 'total_price': 130}, {'structure': '4室2厅2卫', 'area': 115, 'total_price': 140}, {'structure': '4室2厅2卫', 'area': 138, 'total_price': 170}]"
53,翡丽国际公馆,14000,40,29.949027,121.474653,2,"[{'structure': '2室1厅1卫', 'area': 52, 'total_price': 80}, {'structure': '2室1厅1卫', 'area': 57, 'total_price': 80}]"
54,恒大御海天下,9500,70,29.592867,121.72925500000001,17,"[{'structure': '1室1厅1卫', 'area': 54, 'total_price': 51}, {'structure': '2室2厅1卫', 'area': 64, 'total_price': 60}, {'structure': '2室2厅1卫', 'area': 69, 'total_price': 66}, {'structure': '2室2厅1卫', 'area': 71, 'total_price': 68}, {'structure': '2室2厅1卫', 'area': 78, 'total_price': 74}, {'structure': '2室2厅1卫', 'area': 81, 'total_price': 75}, {'structure': '2室2厅1卫', 'area': 80, 'total_price': 76}, {'structure': '2室2厅1卫', 'area': 83, 'total_price': 78}, {'structure': '2室2厅1卫', 'area': 84, 'total_price': 79}, {'structure': '3室2厅2卫', 'area': 86, 'total_price': 81}, {'structure': '3室2厅1卫', 'area': 94, 'total_price': 90}, {'structure': '3室2厅1卫', 'area': 100, 'total_price': 95}, {'structure': '3室2厅1卫', 'area': 105, 'total_price': 98}, {'structure': '3室2厅1卫', 'area': 105, 'total_price': 100}, {'structure': '3室2厅1卫', 'area': 110, 'total_price': 105}, {'structure': '3室2厅2卫', 'area': 117, 'total_price': 110}, {'structure': '4室2厅2卫', 'area': 138, 'total_price': 128}]"
55,恒大御澜庭,180,70,30.041346518144003,121.13874515184999,4,"[{'structure': '3室2厅2卫', 'area': 123, 'total_price': 160}, {'structure': '3室2厅1卫', 'area': 106, 'total_price': 170}, {'structure': '3室2厅2卫', 'area': 119, 'total_price': 190}, {'structure': '4室2厅2卫', 'area': 170, 'total_price': 240}]"
56,宁波恒大溪上桃花源,12000,70,29.698128999999998,121.31003,10,"[{'structure': '3室2厅1卫', 'area': 101, 'total_price': 121}, {'structure': '3室2厅2卫', 'area': 116, 'total_price': 140}, {'structure': '3室2厅2卫', 'area': 118, 'total_price': 142}, {'structure': '3室2厅2卫', 'area': 119, 'total_price': 143}, {'structure': '3室2厅2卫', 'area': 121, 'total_price': 145}, {'structure': '3室2厅2卫', 'area': 124, 'total_price': 148}, {'structure': '3室2厅2卫', 'area': 129, 'total_price': 154}, {'structure': '4室2厅2卫', 'area': 134, 'total_price': 161}, {'structure': '4室2厅2卫', 'area': 136, 'total_price': 163}, {'structure': '3室2厅1卫', 'area': 97, 'total_price': 116}]"
57,中海枫桥里,26000,70,29.925998,121.55551100000001,1,"[{'structure': '3室2厅1卫', 'area': 97, 'total_price': 240}]"
58,九唐·酌月台,500,70,29.739510557747003,121.65287672389,1,"[{'structure': '3室1厅3卫', 'area': 135, 'total_price': 500}]"
59,海伦堡·象东府,65,70,29.531932,121.93513300000001,3,"[{'structure': '3室2厅1卫', 'area': 88, 'total_price': 66}, {'structure': '2室2厅2卫', 'area': 101, 'total_price': 77}, {'structure': '3室2厅2卫', 'area': 116, 'total_price': 87}]"
60,龙湖景瑞星海彼岸,12500,70,29.767746999999996,121.92304299999999,4,"[{'structure': '3室2厅2卫', 'area': 104, 'total_price': 130}, {'structure': '3室2厅2卫', 'area': 120, 'total_price': 150}, {'structure': '4室2厅2卫', 'area': 125, 'total_price': 156}, {'structure': '4室2厅2卫', 'area': 139, 'total_price': 174}]"
61,龙湖景瑞星海彼岸,400,70,29.767746999999996,121.92304299999999,1,"[{'structure': '5室2厅4卫', 'area': 180, 'total_price': 450}]"
62,恒大御海湾,9000,70,29.474922999999997,121.97223400000001,3,"[{'structure': '1室1厅1卫', 'area': 45, 'total_price': 41}, {'structure': '1室1厅1卫', 'area': 47, 'total_price': 43}, {'structure': '2室2厅1卫', 'area': 86, 'total_price': 78}]"
63,星澜府,8500,70,30.177026,121.05396299999998,2,"[{'structure': '3室2厅1卫', 'area': 95, 'total_price': 81}, {'structure': '4室2厅2卫', 'area': 97, 'total_price': 82}]"
64,恒厚阳光里,22000,70,29.825432,121.51508999999999,2,"[{'structure': '4室2厅2卫', 'area': 101, 'total_price': 222}, {'structure': '3室2厅2卫', 'area': 101, 'total_price': 222}]"
65,滨江诺德学府,20000,70,29.703262,121.373875,0,[]
66,保亿东海府,8900,70,29.199240999999997,121.944374,0,[]
67,锦尚府,12300,70,30.208676,121.26543000000001,4,"[{'structure': '4室2厅2卫', 'area': 128, 'total_price': 154}, {'structure': '4室2厅2卫', 'area': 143, 'total_price': 170}, {'structure': '5室2厅4卫', 'area': 183, 'total_price': 210}, {'structure': '5室2厅5卫', 'area': 206, 'total_price': 240}]"
68,石榴十里春风,8200,70,29.423986,121.966307,4,"[{'structure': '2室2厅1卫', 'area': 78, 'total_price': 64}, {'structure': '3室2厅1卫', 'area': 88, 'total_price': 72}, {'structure': '3室2厅2卫', 'area': 99, 'total_price': 81}, {'structure': '4室2厅2卫', 'area': 109, 'total_price': 90}]"
69,大发熙悦湖山府,13000,70,29.691732000000002,121.30003,5,"[{'structure': '4室2厅3卫', 'area': 168, 'total_price': 231}, {'structure': '4室2厅3卫', 'area': 170, 'total_price': 238}, {'structure': '4室2厅4卫', 'area': 173, 'total_price': 242}, {'structure': '4室2厅4卫', 'area': 176, 'total_price': 245}, {'structure': '4室2厅4卫', 'area': 184, 'total_price': 252}]"
70,二号府邸,33000,70,29.875764,121.583983,4,"[{'structure': '4室2厅2卫', 'area': 137, 'total_price': 452}, {'structure': '4室2厅2卫', 'area': 138, 'total_price': 455}, {'structure': '4室2厅2卫', 'area': 158, 'total_price': 521}, {'structure': '4室3厅3卫', 'area': 203, 'total_price': 670}]"
71,新凯旋,21500,70,29.925083,121.83278500000002,0,[]
72,漫乐荟,20000,40,29.893425,121.612624,3,"[{'structure': '2室2厅2卫', 'area': 50, 'total_price': 100}, {'structure': '2室2厅2卫', 'area': 50, 'total_price': 100}, {'structure': '2室2厅2卫', 'area': 50, 'total_price': 100}]"
73,雅戈尔新长岛,24000,70,29.926067,121.56168000000001,1,"[{'structure': '4室2厅2卫', 'area': 127, 'total_price': 305}]"
74,城投·悦江湾,28000,70,29.858065999999997,121.550859,6,"[{'structure': '2室2厅1卫', 'area': 84, 'total_price': 235}, {'structure': '3室2厅1卫', 'area': 96, 'total_price': 269}, {'structure': '3室2厅2卫', 'area': 106, 'total_price': 297}, {'structure': '3室2厅2卫', 'area': 111, 'total_price': 311}, {'structure': '4室2厅2卫', 'area': 134, 'total_price': 375}, {'structure': '4室2厅2卫', 'area': 137, 'total_price': 384}]"
75,未来道,29888,70,29.852642,121.58343700000002,3,"[{'structure': '3室2厅2卫', 'area': 93, 'total_price': 293}, {'structure': '4室2厅2卫', 'area': 118, 'total_price': 372}, {'structure': '4室2厅2卫', 'area': 130, 'total_price': 410}]"
76,荣安劝学里,28800,70,29.803061,121.58960800000001,6,"[{'structure': '3室2厅1卫', 'area': 89, 'total_price': 256}, {'structure': '3室2厅2卫', 'area': 103, 'total_price': 296}, {'structure': '3室2厅2卫', 'area': 110, 'total_price': 322}, {'structure': '3室2厅2卫', 'area': 110, 'total_price': 322}, {'structure': '4室2厅2卫', 'area': 120, 'total_price': 345}, {'structure': '4室2厅2卫', 'area': 130, 'total_price': 374}]"
77,碧桂园梧桐府,8200,70,30.139413,121.254023,0,[]
78,爱琴海国际广场,9000,70,30.229409999999998,121.22406799999999,8,"[{'structure': '3室2厅1卫', 'area': 93, 'total_price': 83}, {'structure': '3室2厅2卫', 'area': 110, 'total_price': 99}, {'structure': '4室2厅2卫', 'area': 115, 'total_price': 103}, {'structure': '3室2厅2卫', 'area': 125, 'total_price': 112}, {'structure': '4室2厅2卫', 'area': 130, 'total_price': 117}, {'structure': '4室2厅2卫', 'area': 130, 'total_price': 117}, {'structure': '4室2厅2卫', 'area': 133, 'total_price': 119}, {'structure': '4室2厅3卫', 'area': 143, 'total_price': 128}]"
79,雅戈尔江上,29000,70,29.822307000000002,121.52355800000001,0,[]
80,江湾城,38000,70,29.859863547807002,121.54961088673001,1,"[{'structure': '3室2厅2卫', 'area': 150, 'total_price': 551}]"
81,美的九峰天宸,30000,70,29.877171999999998,121.838305,2,"[{'structure': '4室2厅3卫', 'area': 183, 'total_price': 549}, {'structure': '5室2厅3卫', 'area': 220, 'total_price': 660}]"
82,云堇台,28000,70,29.812234999999998,121.61277,1,"[{'structure': '4室2厅2卫', 'area': 132, 'total_price': 383}]"
83,梁祝天逸湾,31500,70,29.909471000000003,121.48486100000001,0,[]
84,上湖城章,33000,70,29.8637,121.643672,0,[]
85,东寅府,32800,70,29.855132,121.638143,6,"[{'structure': '5室2厅3卫', 'area': 250, 'total_price': 800}, {'structure': '6室2厅3卫', 'area': 289, 'total_price': 925}, {'structure': '3室2厅2卫', 'area': 118, 'total_price': 378}, {'structure': '3室2厅2卫', 'area': 140, 'total_price': 448}, {'structure': '4室2厅3卫', 'area': 190, 'total_price': 608}, {'structure': '6室2厅3卫', 'area': 245, 'total_price': 784}]"
86,白金湾小区,9500,70,30.212476951822,121.23665474193999,0,[]
87,碧桂园天玺湾,8800,70,29.233597999999997,121.963474,4,"[{'structure': '3室2厅2卫', 'area': 95, 'total_price': 78}, {'structure': '3室2厅2卫', 'area': 107, 'total_price': 88}, {'structure': '4室2厅2卫', 'area': 120, 'total_price': 100}, {'structure': '4室2厅2卫', 'area': 146, 'total_price': 118}]"
88,中南绿地云堤,13000,70,30.328546000000003,121.234632,5,"[{'structure': '3室2厅1卫', 'area': 88, 'total_price': 112}, {'structure': '3室2厅2卫', 'area': 99, 'total_price': 125}, {'structure': '3室2厅2卫', 'area': 99, 'total_price': 125}, {'structure': '3室2厅2卫', 'area': 112, 'total_price': 142}, {'structure': '3室2厅2卫', 'area': 123, 'total_price': 156}]"
89,中南绿地云堤,20500,70,30.328546000000003,121.234632,4,"[{'structure': '3室2厅3卫', 'area': 150, 'total_price': 255}, {'structure': '4室2厅3卫', 'area': 170, 'total_price': 310}, {'structure': '7室3厅3卫', 'area': 250, 'total_price': 550}, {'structure': '5室3厅6卫', 'area': 460, 'total_price': 575}]"
90,晶萃公馆,8000,70,30.078021000000003,121.095323,2,"[{'structure': '2室2厅1卫', 'area': 70, 'total_price': 56}, {'structure': '3室2厅1卫', 'area': 89, 'total_price': 72}]"
91,景瑞天赋姚江,330,70,29.947640999999997,121.51714199999999,2,"[{'structure': '3室2厅3卫', 'area': 135, 'total_price': 330}, {'structure': '3室2厅3卫', 'area': 147, 'total_price': 390}]"
92,佳兆业东宸壹品,18000,40,29.881231,121.613556,0,[]
93,中昂江南印,7800,70,30.177861,121.05663200000001,2,"[{'structure': '3室2厅1卫', 'area': 95, 'total_price': 76}, {'structure': '3室2厅2卫', 'area': 112, 'total_price': 90}]"
94,锦港府,28000,70,29.856527000000003,121.55805,1,"[{'structure': '4室2厅2卫', 'area': 175, 'total_price': 490}]"
95,万科白石湖东,32000,70,29.801965000000003,121.654486,0,[]
96,利时江山一品,45,40,29.762788,121.542057,1,"[{'structure': '1室1厅1卫', 'area': 35, 'total_price': 65}]"
97,荣安西溪里,22300,70,29.868915,121.444042,0,[]
98,荣安西溪里,22300,40,29.868915,121.444042,0,[]
99,宁波宝龙广场,18000,40,29.841276,121.573578,1,"[{'structure': '1室1厅1卫', 'area': 46, 'total_price': 90}]"
100,慈城金茂逸墅,14000,70,29.982360999999997,121.481567,7,"[{'structure': '3室2厅2卫', 'area': 99, 'total_price': 149}, {'structure': '3室2厅2卫', 'area': 103, 'total_price': 152}, {'structure': '3室2厅2卫', 'area': 111, 'total_price': 167}, {'structure': '4室2厅2卫', 'area': 124, 'total_price': 186}, {'structure': '4室2厅2卫', 'area': 124, 'total_price': 186}, {'structure': '4室2厅2卫', 'area': 139, 'total_price': 209}, {'structure': '5室2厅2卫', 'area': 146, 'total_price': 212}]"
101,慈城金茂逸墅,14000,70,29.982360999999997,121.481567,2,"[{'structure': '4室2厅3卫', 'area': 155, 'total_price': 280}, {'structure': '4室2厅3卫', 'area': 155, 'total_price': 280}]"
102,月湖天第,37000,70,29.86556,121.55051499999999,1,"[{'structure': '3室2厅2卫', 'area': 120, 'total_price': 444}]"
103,景瑞兴宁府,18000,40,29.857253000000004,121.602506,1,"[{'structure': '1室1厅1卫', 'area': 35, 'total_price': 60}]"
104,公园道,19000,40,29.848737,121.51873799999998,0,[]
105,美的明州院子,30000,70,29.796878999999997,121.558874,3,"[{'structure': '4室2厅2卫', 'area': 164, 'total_price': 492}, {'structure': '4室2厅2卫', 'area': 170, 'total_price': 510}, {'structure': '4室2厅2卫', 'area': 170, 'total_price': 510}]"
106,湖畔樾山,15500,70,29.985073,121.47965400000001,2,"[{'structure': '3室2厅2卫', 'area': 95, 'total_price': 147}, {'structure': '4室2厅2卫', 'area': 123, 'total_price': 190}]"
107,湖畔樾山,25000,70,29.985073,121.47965400000001,0,[]
108,富力御官山,21000,70,29.972296999999998,121.455909,0,[]
109,宁波新世界,50000,70,29.87302,121.570371,1,"[{'structure': '4室2厅4卫', 'area': 265, 'total_price': 1325}]"
110,世茂中南璀璨云堤,23000,70,29.961668,121.59190500000001,3,"[{'structure': '4室2厅4卫', 'area': 183, 'total_price': 366}, {'structure': '4室2厅4卫', 'area': 218, 'total_price': 436}, {'structure': '4室2厅3卫', 'area': 172, 'total_price': 344}]"
111,金地华著,34000,70,29.871438,121.594128,2,"[{'structure': '4室2厅2卫', 'area': 129, 'total_price': 432}, {'structure': '4室2厅2卫', 'area': 140, 'total_price': 469}]"
112,绿城·桂语兰庭,15000,70,30.029859000000002,121.134952,0,[]
113,大发融悦府,10000,70,30.083853,121.202785,3,"[{'structure': '3室2厅1卫', 'area': 88, 'total_price': 88}, {'structure': '3室2厅2卫', 'area': 115, 'total_price': 115}, {'structure': '4室2厅2卫', 'area': 133, 'total_price': 133}]"
114,曦墅,23000,70,29.868345,121.46311899999999,0,[]
115,宁波恒大溪上桃花源,12000,40,29.698128999999998,121.31003,0,[]
116,绿地铭庐,13000,40,30.299694,121.299107,0,[]
117,宁波恒大溪上桃花源,9000,40,29.698128999999998,121.31003,6,"[{'structure': '1室1厅1卫', 'area': 46, 'total_price': 42}, {'structure': '1室1厅1卫', 'area': 53, 'total_price': 48}, {'structure': '1室1厅1卫', 'area': 53, 'total_price': 48}, {'structure': '1室1厅1卫', 'area': 56, 'total_price': 51}, {'structure': '1室1厅1卫', 'area': 59, 'total_price': 53}, {'structure': '2室2厅1卫', 'area': 72, 'total_price': 65}]"
118,祥源·漫城,12500,70,30.3236,121.21451200000001,3,"[{'structure': '3室2厅1卫', 'area': 86, 'total_price': 107}, {'structure': '3室2厅2卫', 'area': 98, 'total_price': 122}, {'structure': '3室2厅2卫', 'area': 98, 'total_price': 122}]"
119,大发中山隽府,35000,40,29.890573,121.49526100000001,0,[]
120,万年卡美丽亚,12000,70,29.783573999999998,121.93976200000002,0,[]
121,美的蝴蝶海,8000,70,29.788616776213,121.97814485474,2,"[{'structure': '4室3厅3卫', 'area': 185, 'total_price': 296}, {'structure': '4室3厅3卫', 'area': 220, 'total_price': 352}]"
122,碧桂园天麓府,7000,70,29.486989,121.684458,4,"[{'structure': '2室2厅2卫', 'area': 93, 'total_price': 65}, {'structure': '2室2厅2卫', 'area': 97, 'total_price': 68}, {'structure': '2室2厅2卫', 'area': 115, 'total_price': 92}, {'structure': '3室2厅2卫', 'area': 137, 'total_price': 96}]"
123,湖山一品,700,40,29.987481,121.504065,0,[]
124,金科玖樾里,24000,70,29.908883000000003,121.85755,0,[]
125,臻和院,40000,70,29.866231,121.655974,2,"[{'structure': '3室2厅2卫', 'area': 120, 'total_price': 480}, {'structure': '4室2厅3卫', 'area': 178, 'total_price': 712}]"
126,永丰天第,37000,70,29.9007,121.54782900000001,2,"[{'structure': '3室2厅3卫', 'area': 120, 'total_price': 444}, {'structure': '4室2厅3卫', 'area': 160, 'total_price': 592}]"
127,中国铁建山语城2期,8700,70,29.428663,121.94422,0,[]
128,中国铁建山语城2期,13500,70,29.428663,121.94422,1,"[{'structure': '4室2厅2卫', 'area': 172, 'total_price': 232}]"
129,雅戈尔嵩江府,33000,70,29.84044,121.546494,0,[]
