,name,price,year,x,y,house_type_num,house_structure_area
0,赞成星谷,28000,40,30.326532,120.107638,5,"[{'structure': '1室1厅1卫', 'area': 40, 'total_price': 108}, {'structure': '1室1厅1卫', 'area': 42, 'total_price': 113}, {'structure': '1室1厅1卫', 'area': 45, 'total_price': 126}, {'structure': '2室2厅1卫', 'area': 64, 'total_price': 172}, {'structure': '2室1厅1卫', 'area': 73, 'total_price': 204}]"
1,金科碧桂园博翠府,30700,70,30.377416999999998,120.147908,6,"[{'structure': '3室2厅3卫', 'area': 122, 'total_price': 374}, {'structure': '4室2厅2卫', 'area': 129, 'total_price': 396}, {'structure': '4室2厅2卫', 'area': 129, 'total_price': 396}, {'structure': '4室2厅2卫', 'area': 135, 'total_price': 414}, {'structure': '4室2厅2卫', 'area': 139, 'total_price': 426}, {'structure': '3室2厅3卫', 'area': 138, 'total_price': 423}]"
2,滨江同协金座,30000,40,30.345554999999997,120.21878899999999,4,"[{'structure': '2室1厅2卫', 'area': 34, 'total_price': 119}, {'structure': '2室1厅2卫', 'area': 45, 'total_price': 157}, {'structure': '2室0厅2卫', 'area': 58, 'total_price': 203}, {'structure': '2室0厅2卫', 'area': 60, 'total_price': 210}]"
3,蓝城澜宸,56000,40,30.229179,120.192695,3,"[{'structure': '3室2厅3卫', 'area': 255, 'total_price': 1237}, {'structure': '3室2厅3卫', 'area': 270, 'total_price': 1485}, {'structure': '5室3厅3卫', 'area': 500, 'total_price': 2750}]"
4,和家园雍园,55000,70,30.234612,120.069787,2,"[{'structure': '5室2厅4卫', 'area': 181, 'total_price': 915}, {'structure': '5室2厅3卫', 'area': 183, 'total_price': 925}]"
5,金隅中铁诺德都会森林,58900,70,30.278037,120.22098600000001,5,"[{'structure': '3室2厅2卫', 'area': 124, 'total_price': 736}, {'structure': '4室2厅2卫', 'area': 143, 'total_price': 838}, {'structure': '4室2厅2卫', 'area': 149, 'total_price': 879}, {'structure': '4室2厅3卫', 'area': 169, 'total_price': 995}, {'structure': '4室2厅3卫', 'area': 189, 'total_price': 1100}]"
6,东城金茂府,47340,70,30.306964,120.23343799999999,4,"[{'structure': '3室2厅2卫', 'area': 120, 'total_price': 560}, {'structure': '4室2厅2卫', 'area': 147, 'total_price': 696}, {'structure': '4室2厅3卫', 'area': 165, 'total_price': 781}, {'structure': '3室2厅2卫', 'area': 120, 'total_price': 560}]"
7,越秀招商天悦江湾,155,40,30.305984999999996,120.24866000000002,5,"[{'structure': '1室1厅1卫', 'area': 36, 'total_price': 130}, {'structure': '1室1厅1卫', 'area': 45, 'total_price': 145}, {'structure': '3室2厅2卫', 'area': 42, 'total_price': 147}, {'structure': '2室0厅0卫', 'area': 41, 'total_price': 147}, {'structure': '1室1厅1卫', 'area': 51, 'total_price': 160}]"
8,碧桂园良樾,20358,70,30.393590999999997,119.97983500000001,2,"[{'structure': '3室2厅2卫', 'area': 139, 'total_price': 288}, {'structure': '4室2厅3卫', 'area': 156, 'total_price': 323}]"
9,中粮梦栖祥云,40000,70,30.375740000000004,120.047789,2,"[{'structure': '5室3厅4卫', 'area': 142, 'total_price': 568}, {'structure': '4室2厅4卫', 'area': 162, 'total_price': 657}]"
10,滨江碧桂园卧城印象,42000,70,30.137672,120.256102,1,"[{'structure': '4室2厅5卫', 'area': 199, 'total_price': 836}]"
11,融创金成江南府,2300,70,30.249253000000003,119.973597,1,"[{'structure': '5室2厅5卫', 'area': 237, 'total_price': 2500}]"
12,碧桂园越溪府,25000,70,30.060829,120.255725,1,"[{'structure': '4室2厅5卫', 'area': 218, 'total_price': 545}]"
13,新城璟隽公馆,23000,40,30.198359999999997,120.29486599999998,3,"[{'structure': '1室2厅1卫', 'area': 30, 'total_price': 75}, {'structure': '1室0厅1卫', 'area': 40, 'total_price': 100}, {'structure': '2室0厅2卫', 'area': 40, 'total_price': 132}]"
14,鸿盛家园,15000,70,30.251234999999998,119.722523,2,"[{'structure': '3室2厅2卫', 'area': 129, 'total_price': 193}, {'structure': '3室2厅2卫', 'area': 138, 'total_price': 207}]"
15,天目观山月,12500,70,30.305034999999997,119.460458,5,"[{'structure': '1室0厅1卫', 'area': 50, 'total_price': 60}, {'structure': '2室1厅1卫', 'area': 73, 'total_price': 94}, {'structure': '2室0厅0卫', 'area': 76, 'total_price': 95}, {'structure': '1室1厅1卫', 'area': 76, 'total_price': 95}, {'structure': '1室0厅1卫', 'area': 44, 'total_price': 55}]"
16,云水山居,12100,70,30.120997244828,119.90902455074,2,"[{'structure': '3室2厅2卫', 'area': 135, 'total_price': 163}, {'structure': '4室2厅2卫', 'area': 156, 'total_price': 188}]"
17,朗诗枫荟,21000,40,30.430335999999997,120.26913400000001,3,"[{'structure': '1室2厅1卫', 'area': 40, 'total_price': 76}, {'structure': '2室1厅2卫', 'area': 40, 'total_price': 76}, {'structure': '4室2厅1卫', 'area': 62, 'total_price': 130}]"
18,万科古翠隐秀,54000,70,30.302974,120.126053,5,"[{'structure': '4室2厅2卫', 'area': 144, 'total_price': 777}, {'structure': '4室2厅2卫', 'area': 144, 'total_price': 777}, {'structure': '4室2厅2卫', 'area': 144, 'total_price': 777}, {'structure': '4室2厅3卫', 'area': 175, 'total_price': 980}, {'structure': '4室2厅3卫', 'area': 200, 'total_price': 1120}]"
19,海伦堡棠锦,20972,70,30.244315000000004,119.957499,1,"[{'structure': '3室2厅2卫', 'area': 135, 'total_price': 283}]"
20,绿城西溪云庐,95000,70,30.261544,120.07478,0,[]
21,国开东方凤凰台,31900,70,30.260106,119.955998,5,"[{'structure': '3室2厅2卫', 'area': 89, 'total_price': 284}, {'structure': '4室2厅2卫', 'area': 118, 'total_price': 376}, {'structure': '4室2厅2卫', 'area': 118, 'total_price': 376}, {'structure': '4室2厅2卫', 'area': 121, 'total_price': 343}, {'structure': '4室2厅3卫', 'area': 137, 'total_price': 434}]"
22,滨江新希望新城未来海岸,27000,70,30.289959000000003,120.539565,2,"[{'structure': '5室2厅5卫', 'area': 195, 'total_price': 526}, {'structure': '5室2厅5卫', 'area': 210, 'total_price': 567}]"
23,万丽璞丽,1700,70,30.420971,120.31671999999999,3,"[{'structure': '4室2厅6卫', 'area': 360, 'total_price': 1700}, {'structure': '5室2厅6卫', 'area': 500, 'total_price': 2115}, {'structure': '5室2厅5卫', 'area': 480, 'total_price': 2030}]"
24,开元广场,24000,40,30.140144,120.273173,4,"[{'structure': '1室1厅1卫', 'area': 55, 'total_price': 137}, {'structure': '2室2厅1卫', 'area': 65, 'total_price': 162}, {'structure': '2室2厅1卫', 'area': 84, 'total_price': 210}, {'structure': '2室2厅1卫', 'area': 97, 'total_price': 242}]"
25,三湘印象森林海尚,45800,70,30.305014,120.235478,5,"[{'structure': '3室2厅2卫', 'area': 120, 'total_price': 544}, {'structure': '3室2厅2卫', 'area': 139, 'total_price': 636}, {'structure': '3室2厅2卫', 'area': 132, 'total_price': 717}, {'structure': '2室2厅2卫', 'area': 89, 'total_price': 403}, {'structure': '3室2厅2卫', 'area': 113, 'total_price': 512}]"
26,中国铁建国际汇,28000,40,30.335387388477997,120.16650704018,8,"[{'structure': '1室1厅1卫', 'area': 35, 'total_price': 98}, {'structure': '1室1厅1卫', 'area': 40, 'total_price': 110}, {'structure': '1室1厅1卫', 'area': 38, 'total_price': 134}, {'structure': '2室0厅2卫', 'area': 43, 'total_price': 150}, {'structure': '2室2厅1卫', 'area': 45, 'total_price': 157}, {'structure': '2室1厅1卫', 'area': 48, 'total_price': 168}, {'structure': '2室2厅2卫', 'area': 57, 'total_price': 199}, {'structure': '3室2厅2卫', 'area': 75, 'total_price': 262}]"
27,金都夏宫,25000,70,30.436952352784,120.27263432181002,2,"[{'structure': '4室2厅2卫', 'area': 135, 'total_price': 338}, {'structure': '3室1厅1卫', 'area': 89, 'total_price': 200}]"
28,世茂天宸,70000,70,30.279993,120.201425,1,"[{'structure': '4室2厅3卫', 'area': 380, 'total_price': 2660}]"
29,中栋国际,35000,70,30.201759000000003,120.24222900000001,3,"[{'structure': '2室2厅1卫', 'area': 74, 'total_price': 280}, {'structure': '3室1厅2卫', 'area': 131, 'total_price': 475}, {'structure': '3室2厅2卫', 'area': 192, 'total_price': 580}]"
30,杭州新天地,28000,40,30.332694,120.188507,2,"[{'structure': '2室1厅2卫', 'area': 55, 'total_price': 181}, {'structure': '3室2厅2卫', 'area': 129, 'total_price': 425}]"
31,复地壹中心,27000,40,30.324523,120.116095,3,"[{'structure': '2室1厅1卫', 'area': 63, 'total_price': 170}, {'structure': '2室0厅1卫', 'area': 68, 'total_price': 193}, {'structure': '2室2厅1卫', 'area': 110, 'total_price': 297}]"
32,宋都阳光国际,40000,70,30.301277000000002,120.280525,1,"[{'structure': '4室2厅4卫', 'area': 272, 'total_price': 1108}]"
33,众安嘉润公馆,45000,40,30.24336,120.24112099999999,2,"[{'structure': '5室2厅4卫', 'area': 292, 'total_price': 1314}, {'structure': '6室2厅4卫', 'area': 331, 'total_price': 1489}]"
34,众安理想湾,16500,70,30.441259000000002,120.27581399999998,2,"[{'structure': '3室1厅2卫', 'area': 112, 'total_price': 185}, {'structure': '3室2厅2卫', 'area': 140, 'total_price': 231}]"
35,泰禾杭州院子,1100,70,30.277735999999997,120.03946100000002,2,"[{'structure': '8室3厅3卫', 'area': 195, 'total_price': 1380}, {'structure': '8室5厅9卫', 'area': 350, 'total_price': 3000}]"
36,天润商业中心,27000,40,30.181901,120.266368,0,[]
37,潮闻天下,27000,70,30.285704,120.41453,3,"[{'structure': '6室3厅5卫', 'area': 208, 'total_price': 561}, {'structure': '6室4厅5卫', 'area': 230, 'total_price': 621}, {'structure': '6室2厅3卫', 'area': 280, 'total_price': 756}]"
38,嘉和银领时代,21000,70,30.401962,120.26863600000001,1,"[{'structure': '5室6厅7卫', 'area': 350, 'total_price': 735}]"
39,中港罗兰小镇,21300,70,30.241774,119.927371,3,"[{'structure': '3室2厅2卫', 'area': 89, 'total_price': 190}, {'structure': '3室2厅2卫', 'area': 108, 'total_price': 230}, {'structure': '3室1厅2卫', 'area': 109, 'total_price': 235}]"
40,大奇山郡,20000,70,29.752502000000003,119.69924499999999,1,"[{'structure': '7室3厅4卫', 'area': 540, 'total_price': 1080}]"
41,天地墅园,850,70,30.120884000000004,120.286763,2,"[{'structure': '4室4厅4卫', 'area': 300, 'total_price': 780}, {'structure': '5室4厅4卫', 'area': 380, 'total_price': 988}]"
42,中粮天悦大悦城,30000,40,30.307599,120.135724,0,[]
43,梦溪东明山居,500,70,30.440563,120.01308600000002,3,"[{'structure': '3室3厅5卫', 'area': 275, 'total_price': 357}, {'structure': '5室3厅7卫', 'area': 502, 'total_price': 652}, {'structure': '6室4厅7卫', 'area': 600, 'total_price': 779}]"
44,富春玫瑰园,45000,70,30.087277667945,120.01669827541001,1,"[{'structure': '5室3厅4卫', 'area': 415, 'total_price': 3500}]"
45,西溪蓝海,23000,40,30.279433,120.01469099999998,3,"[{'structure': '1室1厅1卫', 'area': 38, 'total_price': 114}, {'structure': '2室1厅1卫', 'area': 68, 'total_price': 184}, {'structure': '3室2厅2卫', 'area': 134, 'total_price': 308}]"
46,宋都时间国际,23000,40,30.310578999999997,120.22941100000001,0,[]
47,绿野御墅,1300,70,30.211209000000004,120.011803,2,"[{'structure': '5室3厅5卫', 'area': 417, 'total_price': 1300}, {'structure': '10室2厅8卫', 'area': 395, 'total_price': 1300}]"
48,万宝城,40000,40,30.438955,120.290982,0,[]
49,南洋名都,15289,70,30.222903999999996,119.703094,4,"[{'structure': '3室2厅2卫', 'area': 116, 'total_price': 177}, {'structure': '3室2厅2卫', 'area': 125, 'total_price': 191}, {'structure': '3室2厅2卫', 'area': 134, 'total_price': 205}, {'structure': '2室2厅2卫', 'area': 101, 'total_price': 154}]"
50,澳海澜庭,9486,70,30.010223999999997,119.81113799999999,3,"[{'structure': '2室2厅1卫', 'area': 76, 'total_price': 75}, {'structure': '2室2厅1卫', 'area': 81, 'total_price': 80}, {'structure': '3室2厅2卫', 'area': 123, 'total_price': 121}]"
51,玲珑府,35000,40,30.189648,120.232076,1,"[{'structure': '0室0厅0卫', 'area': 168, 'total_price': 592}]"
52,绿城运河宸园,130000,70,30.321413,120.141405,0,[]
53,滨湖天地,18100,70,30.242801,119.74315,6,"[{'structure': '3室2厅2卫', 'area': 94, 'total_price': 164}, {'structure': '3室2厅2卫', 'area': 94, 'total_price': 164}, {'structure': '4室2厅2卫', 'area': 116, 'total_price': 203}, {'structure': '4室2厅1卫', 'area': 129, 'total_price': 225}, {'structure': '4室2厅2卫', 'area': 141, 'total_price': 259}, {'structure': '3室2厅3卫', 'area': 166, 'total_price': 305}]"
54,雨润星雨华府,16000,70,30.263348999999998,119.72216999999999,4,"[{'structure': '3室3厅3卫', 'area': 218, 'total_price': 349}, {'structure': '4室2厅4卫', 'area': 330, 'total_price': 528}, {'structure': '4室2厅4卫', 'area': 360, 'total_price': 576}, {'structure': '6室2厅6卫', 'area': 410, 'total_price': 656}]"
55,复泰雅宸华庭,20000,70,30.457618,119.76664,1,"[{'structure': '6室2厅4卫', 'area': 326, 'total_price': 652}]"
56,万通中心,28000,40,30.314248,120.152953,0,[]
57,新天地G193广场,30000,40,30.330928000000004,120.18565500000001,0,[]
58,玖玖国际财富中心,38000,40,30.439488,120.292216,0,[]
59,蓝钻天成,60000,40,30.314457,120.12574099999999,0,[]
60,佳源未来府,30000,40,30.276938,119.94518300000001,0,[]
61,东晖龙悦湾,940,70,30.441699,120.250795,4,"[{'structure': '5室3厅4卫', 'area': 250, 'total_price': 940}, {'structure': '4室3厅3卫', 'area': 190, 'total_price': 700}, {'structure': '6室4厅7卫', 'area': 220, 'total_price': 800}, {'structure': '5室4厅4卫', 'area': 214, 'total_price': 805}]"
62,碧桂园深蓝国际,40000,40,30.241909000000003,120.241822,3,"[{'structure': '2室1厅1卫', 'area': 86, 'total_price': 240}, {'structure': '3室2厅1卫', 'area': 113, 'total_price': 316}, {'structure': '4室1厅3卫', 'area': 273, 'total_price': 1092}]"
63,三立钱塘ONE,25000,40,30.155014,120.12508700000001,4,"[{'structure': '1室1厅1卫', 'area': 46, 'total_price': 115}, {'structure': '2室2厅1卫', 'area': 75, 'total_price': 172}, {'structure': '3室2厅2卫', 'area': 99, 'total_price': 227}, {'structure': '4室2厅2卫', 'area': 128, 'total_price': 294}]"
64,金色黎明三期,35000,40,30.315417,120.229076,0,[]
65,众安恒隆广场,20000,50,30.184305,120.268497,0,[]
66,华元天鹅堡,27000,40,30.270039,120.112017,2,"[{'structure': '2室2厅2卫', 'area': 123, 'total_price': 332}, {'structure': '1室1厅1卫', 'area': 128, 'total_price': 384}]"
67,雅居乐国际花园,31000,40,30.237546000000002,119.985905,0,[]
68,金岸提香,30500,70,30.245637,119.94102,2,"[{'structure': '4室2厅4卫', 'area': 236, 'total_price': 661}, {'structure': '4室2厅4卫', 'area': 240, 'total_price': 725}]"
69,复泰雅宸华庭,15000,40,30.457618,119.76664,2,"[{'structure': '1室1厅1卫', 'area': 45, 'total_price': 68}, {'structure': '1室1厅1卫', 'area': 50, 'total_price': 75}]"
70,三花国际,42000,40,30.301099,120.23036200000001,1,"[{'structure': '2室1厅1卫', 'area': 52, 'total_price': 230}]"
71,绿城西溪世纪广场,45000,40,30.299490999999996,120.077409,0,[]
72,千岛湖雅苑,16000,70,29.611651000000002,119.06046,3,"[{'structure': '3室2厅2卫', 'area': 88, 'total_price': 140}, {'structure': '3室2厅2卫', 'area': 121, 'total_price': 195}, {'structure': '4室2厅2卫', 'area': 141, 'total_price': 224}]"
73,钱江西溪和景,28000,40,30.27055,120.11346699999999,0,[]
74,富阳财富中心,17500,40,30.071189,119.953855,0,[]
75,英冠乐创城,30000,40,30.213202000000003,120.25534099999999,0,[]
76,富春新天地,26000,40,30.081360825797,119.94723694511002,3,"[{'structure': '2室1厅1卫', 'area': 36, 'total_price': 94}, {'structure': '1室1厅2卫', 'area': 40, 'total_price': 104}, {'structure': '1室1厅2卫', 'area': 47, 'total_price': 108}]"
77,宋都时间名座,18500,40,30.411941,120.288423,4,"[{'structure': '1室1厅1卫', 'area': 44, 'total_price': 82}, {'structure': '2室1厅1卫', 'area': 39, 'total_price': 86}, {'structure': '2室1厅1卫', 'area': 39, 'total_price': 86}, {'structure': '4室2厅1卫', 'area': 53, 'total_price': 117}]"
78,御湖公馆,23000,40,30.127482,120.272927,6,"[{'structure': '2室2厅2卫', 'area': 84, 'total_price': 210}, {'structure': '3室2厅2卫', 'area': 125, 'total_price': 290}, {'structure': '4室2厅2卫', 'area': 136, 'total_price': 313}, {'structure': '4室2厅2卫', 'area': 151, 'total_price': 339}, {'structure': '5室2厅3卫', 'area': 160, 'total_price': 360}, {'structure': '4室2厅3卫', 'area': 210, 'total_price': 483}]"
79,华策中心,40000,40,30.306125,120.075797,2,"[{'structure': '3室1厅2卫', 'area': 51, 'total_price': 204}, {'structure': '3室2厅2卫', 'area': 81, 'total_price': 324}]"
80,西溪十九府,21000,50,30.217824,120.036639,3,"[{'structure': '4室2厅3卫', 'area': 220, 'total_price': 462}, {'structure': '4室2厅3卫', 'area': 240, 'total_price': 504}, {'structure': '4室2厅4卫', 'area': 355, 'total_price': 745}]"
81,鼎和金座,22500,40,30.440827000000002,120.328274,3,"[{'structure': '1室1厅1卫', 'area': 35, 'total_price': 73}, {'structure': '4室2厅2卫', 'area': 44, 'total_price': 101}, {'structure': '3室2厅2卫', 'area': 48, 'total_price': 110}]"
82,公元帝景,18000,70,30.020405,120.345996,5,"[{'structure': '5室3厅5卫', 'area': 285, 'total_price': 513}, {'structure': '5室3厅4卫', 'area': 302, 'total_price': 544}, {'structure': '4室4厅4卫', 'area': 396, 'total_price': 713}, {'structure': '5室3厅5卫', 'area': 445, 'total_price': 890}, {'structure': '5室3厅5卫', 'area': 483, 'total_price': 966}]"
83,未来悦,37500,50,30.296840999999997,120.035292,2,"[{'structure': '3室1厅1卫', 'area': 72, 'total_price': 270}, {'structure': '3室2厅2卫', 'area': 76, 'total_price': 285}]"
84,中欧城,70,40,29.807008000000003,119.717662,1,"[{'structure': '2室3厅3卫', 'area': 47, 'total_price': 113}]"
85,世茂钱塘天誉,47065,70,30.308322999999998,120.217432,3,"[{'structure': '4室2厅2卫', 'area': 129, 'total_price': 580}, {'structure': '4室2厅2卫', 'area': 139, 'total_price': 625}, {'structure': '4室2厅3卫', 'area': 164, 'total_price': 769}]"
86,云山九里,30000,70,29.752014000000003,119.69951200000001,7,"[{'structure': '4室2厅3卫', 'area': 170, 'total_price': 510}, {'structure': '5室2厅4卫', 'area': 220, 'total_price': 660}, {'structure': '2室2厅2卫', 'area': 91, 'total_price': 273}, {'structure': '2室2厅2卫', 'area': 96, 'total_price': 288}, {'structure': '3室2厅2卫', 'area': 111, 'total_price': 333}, {'structure': '3室2厅2卫', 'area': 111, 'total_price': 333}, {'structure': '4室2厅3卫', 'area': 172, 'total_price': 516}]"
87,中欧城,25000,40,29.807008000000003,119.717662,0,[]
88,文渊狮城,20000,70,29.485955999999998,118.678747,0,[]
89,浙富西溪堂,32000,40,30.2833,119.99791699999999,1,"[{'structure': '2室2厅1卫', 'area': 57, 'total_price': 173}]"
90,蓝色春江,18000,70,29.796015,119.675063,4,"[{'structure': '3室2厅2卫', 'area': 139, 'total_price': 250}, {'structure': '3室2厅2卫', 'area': 151, 'total_price': 271}, {'structure': '3室2厅2卫', 'area': 170, 'total_price': 306}, {'structure': '3室2厅2卫', 'area': 220, 'total_price': 396}]"
91,西溪新城市,155,40,30.287055,120.06590800000001,3,"[{'structure': '1室1厅1卫', 'area': 33, 'total_price': 155}, {'structure': '1室1厅1卫', 'area': 46, 'total_price': 209}, {'structure': '3室1厅1卫', 'area': 50, 'total_price': 316}]"
92,O纪元,42000,40,30.243347999999997,120.256149,1,"[{'structure': '2室2厅1卫', 'area': 46, 'total_price': 193}]"
93,复地壹中心,50000,40,30.324523,120.116095,0,[]
94,京港国际,33000,40,30.240821999999998,120.26193799999999,3,"[{'structure': '3室2厅2卫', 'area': 188, 'total_price': 602}, {'structure': '3室2厅2卫', 'area': 239, 'total_price': 765}, {'structure': '4室2厅3卫', 'area': 245, 'total_price': 808}]"
95,力雅广场,17500,40,29.813522,119.68013300000001,2,"[{'structure': '2室1厅1卫', 'area': 46, 'total_price': 80}, {'structure': '1室1厅1卫', 'area': 46, 'total_price': 80}]"
96,永和之星,19000,40,30.200728,120.34316799999999,2,"[{'structure': '1室2厅1卫', 'area': 38, 'total_price': 72}, {'structure': '2室1厅1卫', 'area': 45, 'total_price': 126}]"
97,临平新时代,16000,40,30.422825,120.315954,4,"[{'structure': '1室1厅1卫', 'area': 49, 'total_price': 78}, {'structure': '1室1厅1卫', 'area': 58, 'total_price': 93}, {'structure': '1室1厅1卫', 'area': 65, 'total_price': 104}, {'structure': '1室1厅1卫', 'area': 97, 'total_price': 155}]"
98,万融城,26000,40,30.340049,120.132818,1,"[{'structure': '3室1厅1卫', 'area': 61, 'total_price': 158}]"
99,绿地华家池印,45000,40,30.279915000000003,120.20373300000001,1,"[{'structure': '3室1厅1卫', 'area': 110, 'total_price': 462}]"
100,富春硅谷,24000,40,30.150765999999997,119.99274399999999,1,"[{'structure': '2室2厅1卫', 'area': 35, 'total_price': 84}]"
101,融创金成江南府,28000,70,30.249253000000003,119.973597,1,"[{'structure': '4室2厅2卫', 'area': 147, 'total_price': 371}]"
102,凤起潮鸣,79800,70,30.268523,120.19351100000002,0,[]
103,雨润星雨华府,15600,70,30.263348999999998,119.72216999999999,3,"[{'structure': '3室0厅0卫', 'area': 118, 'total_price': 177}, {'structure': '3室2厅2卫', 'area': 136, 'total_price': 204}, {'structure': '2室2厅2卫', 'area': 89, 'total_price': 139}]"
104,中海钱江湾,760,70,30.276214000000003,120.241477,1,"[{'structure': '3室2厅2卫', 'area': 138, 'total_price': 760}]"
105,东方世贸城,17000,40,30.198878999999998,120.316722,0,[]
106,宋都时间名座,32506,40,30.411941,120.288423,0,[]
107,郡西云台,56000,70,30.365076000000002,120.02517900000001,3,"[{'structure': '4室2厅3卫', 'area': 200, 'total_price': 1200}, {'structure': '4室2厅3卫', 'area': 218, 'total_price': 1215}, {'structure': '4室2厅4卫', 'area': 320, 'total_price': 1600}]"
108,迪凯城星国际,47000,40,30.247591999999997,120.212876,0,[]
109,中粮天悦大悦城,35000,40,30.307599,120.135724,3,"[{'structure': '1室1厅1卫', 'area': 57, 'total_price': 139}, {'structure': '2室2厅1卫', 'area': 57, 'total_price': 203}, {'structure': '3室2厅2卫', 'area': 104, 'total_price': 364}]"
110,融创金成十锦台,20000,70,30.249515000000002,119.722595,5,"[{'structure': '3室2厅2卫', 'area': 107, 'total_price': 214}, {'structure': '3室2厅2卫', 'area': 107, 'total_price': 214}, {'structure': '4室2厅2卫', 'area': 125, 'total_price': 250}, {'structure': '4室2厅2卫', 'area': 136, 'total_price': 272}, {'structure': '4室2厅2卫', 'area': 138, 'total_price': 276}]"
111,杭州中央车站广场,35000,40,30.299933000000003,120.22304,1,"[{'structure': '2室2厅2卫', 'area': 65, 'total_price': 252}]"
112,苕溪壹号,21500,70,30.246234,119.72635600000001,1,"[{'structure': '3室2厅2卫', 'area': 143, 'total_price': 290}]"
113,保利中心,29000,40,30.282188,120.213346,0,[]
114,众安学君里,22500,40,30.252948999999997,119.96969399999999,0,[]
115,旭辉东原吴越府,26399,70,30.220044,119.71674399999999,2,"[{'structure': '3室6厅4卫', 'area': 165, 'total_price': 437}, {'structure': '4室6厅4卫', 'area': 186, 'total_price': 492}]"
116,万固观澜府,15000,70,29.51708,119.32026299999998,3,"[{'structure': '4室2厅2卫', 'area': 130, 'total_price': 195}, {'structure': '4室3厅2卫', 'area': 144, 'total_price': 201}, {'structure': '4室2厅2卫', 'area': 154, 'total_price': 231}]"
117,星南站,27500,40,30.18887,120.276752,1,"[{'structure': '1室1厅1卫', 'area': 38, 'total_price': 102}]"
118,居艺空间,220,40,30.322546999999997,120.30273500000001,0,[]
119,西溪永乐城,23000,40,30.280345,120.011668,2,"[{'structure': '1室1厅1卫', 'area': 55, 'total_price': 127}, {'structure': '1室1厅1卫', 'area': 65, 'total_price': 150}]"
120,万通中心,70000,40,30.314248,120.152953,0,[]
121,绿城雄凯国际,37000,40,30.169240999999996,120.294298,1,"[{'structure': '2室2厅2卫', 'area': 40, 'total_price': 145}]"
122,汉港武林汇,31000,40,30.318804999999998,120.121975,2,"[{'structure': '3室1厅1卫', 'area': 45, 'total_price': 168}, {'structure': '3室1厅1卫', 'area': 50, 'total_price': 187}]"
123,理想世纪金座,26000,50,30.40734,120.29866899999999,4,"[{'structure': '1室2厅1卫', 'area': 49, 'total_price': 127}, {'structure': '2室2厅1卫', 'area': 63, 'total_price': 163}, {'structure': '2室2厅1卫', 'area': 67, 'total_price': 174}, {'structure': '2室2厅1卫', 'area': 72, 'total_price': 187}]"
124,新城璟隽公馆,32000,70,30.198359999999997,120.29486599999998,8,"[{'structure': '3室2厅2卫', 'area': 89, 'total_price': 284}, {'structure': '3室2厅2卫', 'area': 89, 'total_price': 284}, {'structure': '3室2厅2卫', 'area': 89, 'total_price': 284}, {'structure': '3室2厅2卫', 'area': 89, 'total_price': 284}, {'structure': '3室2厅2卫', 'area': 89, 'total_price': 284}, {'structure': '3室2厅2卫', 'area': 89, 'total_price': 284}, {'structure': '4室2厅2卫', 'area': 118, 'total_price': 377}, {'structure': '4室2厅2卫', 'area': 129, 'total_price': 414}]"
125,北大资源颐和江南,29000,70,30.371731,120.04520600000001,5,"[{'structure': '4室2厅2卫', 'area': 125, 'total_price': 346}, {'structure': '4室2厅2卫', 'area': 125, 'total_price': 346}, {'structure': '4室2厅3卫', 'area': 136, 'total_price': 377}, {'structure': '3室2厅2卫', 'area': 89, 'total_price': 244}, {'structure': '3室2厅2卫', 'area': 112, 'total_price': 314}]"
126,蒲公英天地,130,40,30.312606,120.381975,0,[]
127,世包国际中心,43000,50,30.243009999999998,120.21298999999999,0,[]
128,嘉丰万悦城,30000,40,30.467095,120.30715500000001,0,[]
129,朝阳银座,200,40,30.132897999999997,120.27421000000001,0,[]
130,时代湘湖,38000,40,30.127440000000004,120.195054,4,"[{'structure': '2室0厅2卫', 'area': 28, 'total_price': 53}, {'structure': '2室2厅1卫', 'area': 36, 'total_price': 68}, {'structure': '2室4厅2卫', 'area': 55, 'total_price': 104}, {'structure': '3室2厅1卫', 'area': 69, 'total_price': 124}]"
131,世茂天宸,42000,40,30.279993,120.201425,8,"[{'structure': '1室1厅1卫', 'area': 43, 'total_price': 185}, {'structure': '2室1厅1卫', 'area': 58, 'total_price': 250}, {'structure': '2室1厅2卫', 'area': 74, 'total_price': 318}, {'structure': '3室2厅1卫', 'area': 96, 'total_price': 413}, {'structure': '2室3厅2卫', 'area': 99, 'total_price': 430}, {'structure': '2室2厅1卫', 'area': 108, 'total_price': 464}, {'structure': '3室2厅2卫', 'area': 120, 'total_price': 528}, {'structure': '3室2厅2卫', 'area': 135, 'total_price': 567}]"
132,奥克斯缔逸城,29500,40,30.356669,120.07738700000002,0,[]
133,中栋国际,23000,40,30.201759000000003,120.24222900000001,0,[]
134,糖朝,35000,40,30.191633000000003,120.27244099999999,2,"[{'structure': '2室1厅1卫', 'area': 38, 'total_price': 135}, {'structure': '2室1厅1卫', 'area': 62, 'total_price': 219}]"
135,碧桂园玖晟府,17000,70,30.203731,119.70331999999999,2,"[{'structure': '4室2厅2卫', 'area': 125, 'total_price': 212}, {'structure': '4室2厅3卫', 'area': 140, 'total_price': 238}]"
136,天骄香槟郡,9000,70,29.491021999999997,119.30164199999999,2,"[{'structure': '3室2厅2卫', 'area': 109, 'total_price': 104}, {'structure': '3室2厅2卫', 'area': 126, 'total_price': 120}]"
137,东方文化园步行街,60,40,30.105827751701998,120.19989938565,0,[]
138,成龙官山邸,14500,70,30.230652000000003,119.74598999999999,2,"[{'structure': '5室5厅5卫', 'area': 319, 'total_price': 462}, {'structure': '5室5厅5卫', 'area': 350, 'total_price': 507}]"
139,杭钢尚堂府,28000,40,30.33952,120.156977,0,[]
140,中骏柏景湾,17230,70,30.236210999999997,119.745396,3,"[{'structure': '3室3厅2卫', 'area': 118, 'total_price': 208}, {'structure': '4室2厅2卫', 'area': 129, 'total_price': 232}, {'structure': '3室2厅2卫', 'area': 89, 'total_price': 153}]"
141,振泽左右办公世界,32000,40,30.243109999999998,120.26096499999998,0,[]
142,旭辉东原吴越府,16000,70,30.220044,119.71674399999999,4,"[{'structure': '3室2厅2卫', 'area': 97, 'total_price': 165}, {'structure': '3室2厅2卫', 'area': 97, 'total_price': 165}, {'structure': '4室2厅2卫', 'area': 139, 'total_price': 222}, {'structure': '4室2厅2卫', 'area': 129, 'total_price': 284}]"
143,临安宝龙广场,17000,70,30.255086,119.73083799999999,6,"[{'structure': '3室2厅1卫', 'area': 89, 'total_price': 151}, {'structure': '3室2厅2卫', 'area': 114, 'total_price': 191}, {'structure': '3室2厅2卫', 'area': 111, 'total_price': 194}, {'structure': '4室2厅2卫', 'area': 130, 'total_price': 234}, {'structure': '3室2厅2卫', 'area': 95, 'total_price': 162}, {'structure': '2室2厅2卫', 'area': 107, 'total_price': 182}]"
144,城中府,16700,70,30.226476,119.69846000000001,4,"[{'structure': '3室1厅3卫', 'area': 93, 'total_price': 157}, {'structure': '3室2厅2卫', 'area': 103, 'total_price': 174}, {'structure': '3室2厅2卫', 'area': 117, 'total_price': 198}, {'structure': '4室2厅2卫', 'area': 136, 'total_price': 230}]"
145,天阳蓝光蔚蓝,19000,70,30.258151,119.834911,2,"[{'structure': '4室2厅2卫', 'area': 129, 'total_price': 232}, {'structure': '4室2厅2卫', 'area': 124, 'total_price': 235}]"
146,国能悦玺台,17536,70,30.253771999999998,119.821827,2,"[{'structure': '5室2厅2卫', 'area': 132, 'total_price': 231}, {'structure': '5室2厅2卫', 'area': 139, 'total_price': 243}]"
147,群升万国城,13500,40,30.471565000000002,120.254764,1,"[{'structure': '1室2厅1卫', 'area': 30, 'total_price': 44}]"
148,千岛湖雨润星雨华府,14000,70,29.608985999999998,119.11497800000001,2,"[{'structure': '3室2厅1卫', 'area': 82, 'total_price': 115}, {'structure': '3室2厅2卫', 'area': 115, 'total_price': 161}]"
149,山南印,40000,40,30.210539,120.15780600000001,0,[]
150,奥体万科中心,30000,40,30.253113,120.253028,0,[]
151,万科桂语东方,21000,70,30.432345,120.348902,2,"[{'structure': '3室2厅2卫', 'area': 89, 'total_price': 187}, {'structure': '4室2厅2卫', 'area': 115, 'total_price': 242}]"
152,万科潮起东方,21500,70,30.353482,120.390406,4,"[{'structure': '3室2厅1卫', 'area': 84, 'total_price': 181}, {'structure': '3室2厅2卫', 'area': 89, 'total_price': 192}, {'structure': '4室2厅2卫', 'area': 108, 'total_price': 233}, {'structure': '4室2厅2卫', 'area': 120, 'total_price': 258}]"
153,运河万科中心,28000,40,30.332113,120.132915,3,"[{'structure': '2室2厅2卫', 'area': 37, 'total_price': 122}, {'structure': '2室2厅2卫', 'area': 40, 'total_price': 132}, {'structure': '2室2厅2卫', 'area': 42, 'total_price': 138}]"
154,金地玖峯汇,46000,70,30.327087,120.27800900000001,2,"[{'structure': '5室3厅2卫', 'area': 145, 'total_price': 668}, {'structure': '5室2厅3卫', 'area': 155, 'total_price': 714}]"
155,越秀湖山悦,18000,70,30.238948999999998,119.746678,5,"[{'structure': '4室2厅2卫', 'area': 128, 'total_price': 228}, {'structure': '4室2厅2卫', 'area': 139, 'total_price': 254}, {'structure': '4室2厅2卫', 'area': 139, 'total_price': 263}, {'structure': '4室2厅2卫', 'area': 165, 'total_price': 312}, {'structure': '3室1厅2卫', 'area': 95, 'total_price': 179}]"
156,星耀中心,48000,40,30.207597999999997,120.22640600000001,4,"[{'structure': '2室0厅2卫', 'area': 54, 'total_price': 250}, {'structure': '2室2厅2卫', 'area': 54, 'total_price': 250}, {'structure': '3室0厅0卫', 'area': 60, 'total_price': 288}, {'structure': '2室2厅2卫', 'area': 70, 'total_price': 336}]"
157,金地滨江万科悦虹湾,53573,70,30.173911999999998,120.241444,2,"[{'structure': '5室5厅5卫', 'area': 150, 'total_price': 830}, {'structure': '5室5厅5卫', 'area': 140, 'total_price': 629}]"
158,金科博翠碧蓝湾,40400,70,30.300995,120.240101,2,"[{'structure': '3室2厅2卫', 'area': 110, 'total_price': 444}, {'structure': '4室2厅2卫', 'area': 138, 'total_price': 557}]"
159,资辉壹方汇,40000,40,30.316,120.126236,5,"[{'structure': '2室0厅2卫', 'area': 33, 'total_price': 129}, {'structure': '2室1厅1卫', 'area': 33, 'total_price': 129}, {'structure': '3室1厅2卫', 'area': 42, 'total_price': 164}, {'structure': '3室1厅2卫', 'area': 47, 'total_price': 183}, {'structure': '5室1厅2卫', 'area': 56, 'total_price': 218}]"
160,德信杭州ONE,26000,40,30.358088000000002,120.13575900000001,1,"[{'structure': '2室2厅1卫', 'area': 80, 'total_price': 208}]"
161,中梁申花百悦公馆,39000,40,30.325556,120.118742,2,"[{'structure': '1室0厅0卫', 'area': 36, 'total_price': 140}, {'structure': '2室0厅2卫', 'area': 36, 'total_price': 140}]"
162,前湾国际社区,34812,70,30.239938000000002,120.35043200000001,4,"[{'structure': '4室2厅2卫', 'area': 165, 'total_price': 574}, {'structure': '4室2厅3卫', 'area': 190, 'total_price': 661}, {'structure': '3室2厅2卫', 'area': 105, 'total_price': 308}, {'structure': '3室2厅2卫', 'area': 118, 'total_price': 347}]"
163,璞玉公馆,55000,40,30.322422999999997,120.28859399999999,0,[]
164,融创江南壹号院,28300,70,30.235612,120.35288999999999,3,"[{'structure': '4室2厅2卫', 'area': 160, 'total_price': 460}, {'structure': '3室2厅2卫', 'area': 107, 'total_price': 302}, {'structure': '3室2厅2卫', 'area': 108, 'total_price': 305}]"
165,创道国际 C PARK,50000,40,30.308397999999997,120.11888200000001,0,[]
166,璟宸府,49800,70,30.316595,120.238679,3,"[{'structure': '4室2厅3卫', 'area': 166, 'total_price': 827}, {'structure': '4室2厅3卫', 'area': 174, 'total_price': 867}, {'structure': '4室2厅3卫', 'area': 174, 'total_price': 867}]"
167,恒伟科技园,11950,40,30.272785,119.83386999999999,1,"[{'structure': '2室1厅1卫', 'area': 40, 'total_price': 48}]"
168,富力湖滨悦居,17500,70,29.642415000000003,119.063391,4,"[{'structure': '2室1厅1卫', 'area': 60, 'total_price': 120}, {'structure': '3室2厅2卫', 'area': 89, 'total_price': 143}, {'structure': '4室2厅2卫', 'area': 128, 'total_price': 204}, {'structure': '4室2厅2卫', 'area': 138, 'total_price': 248}]"
169,璟宸府,40800,70,30.316595,120.238679,1,"[{'structure': '4室2厅2卫', 'area': 139, 'total_price': 567}]"
170,招商I-Park,43000,40,30.306023,120.249996,1,"[{'structure': '2室2厅2卫', 'area': 46, 'total_price': 184}]"
171,招商I-Park,55000,40,30.306023,120.249996,0,[]
172,宝龙旭辉城,19781,70,30.263693,119.829531,4,"[{'structure': '4室2厅2卫', 'area': 125, 'total_price': 247}, {'structure': '4室2厅2卫', 'area': 142, 'total_price': 280}, {'structure': '3室2厅2卫', 'area': 95, 'total_price': 187}, {'structure': '3室2厅2卫', 'area': 103, 'total_price': 201}]"
173,天城府天著,34800,70,30.304287,120.20279,8,"[{'structure': '4室2厅2卫', 'area': 127, 'total_price': 440}, {'structure': '4室2厅2卫', 'area': 135, 'total_price': 469}, {'structure': '4室2厅2卫', 'area': 139, 'total_price': 482}, {'structure': '3室2厅1卫', 'area': 85, 'total_price': 295}, {'structure': '3室2厅1卫', 'area': 87, 'total_price': 300}, {'structure': '3室2厅2卫', 'area': 88, 'total_price': 304}, {'structure': '3室2厅2卫', 'area': 89, 'total_price': 308}, {'structure': '3室2厅2卫', 'area': 90, 'total_price': 312}]"
174,碧桂园中梁凤鸣公馆,18019,70,30.226378000000004,119.70045,3,"[{'structure': '4室2厅2卫', 'area': 138, 'total_price': 248}, {'structure': '4室2厅2卫', 'area': 118, 'total_price': 212}, {'structure': '4室2厅2卫', 'area': 122, 'total_price': 239}]"
175,春天学府,18500,70,30.229953000000002,119.704201,2,"[{'structure': '4室2厅2卫', 'area': 131, 'total_price': 242}, {'structure': '5室2厅2卫', 'area': 141, 'total_price': 260}]"
176,湖滨外滩,19592,70,30.237202000000003,119.74362099999999,6,"[{'structure': '3室2厅2卫', 'area': 89, 'total_price': 174}, {'structure': '3室2厅2卫', 'area': 89, 'total_price': 174}, {'structure': '3室2厅2卫', 'area': 89, 'total_price': 174}, {'structure': '3室2厅2卫', 'area': 89, 'total_price': 174}, {'structure': '4室2厅2卫', 'area': 132, 'total_price': 258}, {'structure': '3室0厅0卫', 'area': 85, 'total_price': 156}]"
177,锦上桃源,31000,40,30.350171000000003,120.1764,2,"[{'structure': '2室2厅1卫', 'area': 41, 'total_price': 123}, {'structure': '2室2厅2卫', 'area': 41, 'total_price': 123}]"
178,杭佑名座,25500,40,30.125346,120.256826,1,"[{'structure': '2室2厅2卫', 'area': 50, 'total_price': 125}]"
179,奥体国际村,38000,40,30.237083000000002,120.2645,3,"[{'structure': '2室2厅1卫', 'area': 32, 'total_price': 121}, {'structure': '2室2厅2卫', 'area': 32, 'total_price': 121}, {'structure': '2室2厅1卫', 'area': 39, 'total_price': 148}]"
180,金地广场,25000,40,30.345173,120.08918100000001,0,[]
181,滨江东方海岸(萧山),18000,40,30.126369,120.18433,1,"[{'structure': '4室2厅2卫', 'area': 89, 'total_price': 160}]"
182,中海云宸,47000,70,30.187021,120.199638,1,"[{'structure': '4室2厅2卫', 'area': 139, 'total_price': 695}]"
183,越秀西海岸,17977,70,30.270883,119.82983300000001,2,"[{'structure': '3室2厅2卫', 'area': 96, 'total_price': 163}, {'structure': '4室2厅1卫', 'area': 125, 'total_price': 213}]"
184,融创金成璞樾大观,173,70,30.277062,119.73333600000001,3,"[{'structure': '3室1厅2卫', 'area': 94, 'total_price': 172}, {'structure': '3室2厅2卫', 'area': 98, 'total_price': 179}, {'structure': '4室3厅2卫', 'area': 128, 'total_price': 251}]"
185,大家栖溪,16300,70,30.250562,119.736567,3,"[{'structure': '3室2厅2卫', 'area': 124, 'total_price': 202}, {'structure': '3室2厅2卫', 'area': 89, 'total_price': 154}, {'structure': '3室2厅2卫', 'area': 117, 'total_price': 190}]"
186,新湖菲林山,41000,70,30.259885999999998,119.98115200000001,6,"[{'structure': '5室4厅6卫', 'area': 220, 'total_price': 902}, {'structure': '6室4厅6卫', 'area': 225, 'total_price': 923}, {'structure': '6室3厅6卫', 'area': 242, 'total_price': 992}, {'structure': '6室5厅8卫', 'area': 275, 'total_price': 1128}, {'structure': '6室3厅8卫', 'area': 290, 'total_price': 1189}, {'structure': '7室4厅8卫', 'area': 300, 'total_price': 1230}]"
187,融信旭辉湘湖悦章,37500,70,30.133488,120.25601499999999,1,"[{'structure': '4室2厅3卫', 'area': 162, 'total_price': 607}]"
188,瑞城熙园,37017,70,30.261832000000002,119.976224,3,"[{'structure': '4室2厅4卫', 'area': 163, 'total_price': 592}, {'structure': '3室2厅4卫', 'area': 165, 'total_price': 611}, {'structure': '4室4厅0卫', 'area': 190, 'total_price': 703}]"
189,佳源优樾,18500,70,30.227783000000002,119.728132,3,"[{'structure': '4室2厅2卫', 'area': 104, 'total_price': 192}, {'structure': '4室2厅2卫', 'area': 124, 'total_price': 229}, {'structure': '4室2厅2卫', 'area': 132, 'total_price': 244}]"
190,中交财富中心,23000,40,30.313615000000002,120.129434,0,[]
191,东部之星,18000,40,30.316738,120.35908700000002,1,"[{'structure': '2室2厅1卫', 'area': 58, 'total_price': 107}]"
192,融创金成十锦台,24866,70,30.249515000000002,119.722595,2,"[{'structure': '4室2厅4卫', 'area': 147, 'total_price': 365}, {'structure': '4室2厅3卫', 'area': 173, 'total_price': 430}]"
193,万融城,24000,40,30.340049,120.132818,0,[]
194,杭房揽翠,45000,40,30.297307,120.137904,2,"[{'structure': '3室1厅2卫', 'area': 45, 'total_price': 202}, {'structure': '4室2厅3卫', 'area': 75, 'total_price': 337}]"
195,龙湖春江天越,27205,70,30.332319000000002,120.391318,3,"[{'structure': '4室2厅2卫', 'area': 126, 'total_price': 371}, {'structure': '4室2厅2卫', 'area': 139, 'total_price': 410}, {'structure': '5室2厅3卫', 'area': 167, 'total_price': 492}]"
196,风荷锦庭,20300,70,30.076617,120.2174,2,"[{'structure': '4室2厅2卫', 'area': 125, 'total_price': 253}, {'structure': '4室2厅2卫', 'area': 125, 'total_price': 253}]"
197,天骄香槟郡,336,70,29.491021999999997,119.30164199999999,2,"[{'structure': '3室2厅3卫', 'area': 168, 'total_price': 336}, {'structure': '4室2厅2卫', 'area': 240, 'total_price': 480}]"
198,绿城云栖桃花源,39800,70,30.127552,119.92119,2,"[{'structure': '4室2厅4卫', 'area': 185, 'total_price': 736}, {'structure': '4室2厅4卫', 'area': 210, 'total_price': 835}]"
199,绿城云栖桃花源,15000,70,30.127552,119.92119,1,"[{'structure': '4室2厅4卫', 'area': 210, 'total_price': 497}]"
200,浙大网新银湖科技园,13500,40,30.14527,119.989047,0,[]
201,风荷锦庭,23400,70,30.076617,120.2174,2,"[{'structure': '4室2厅2卫', 'area': 137, 'total_price': 320}, {'structure': '4室2厅2卫', 'area': 137, 'total_price': 320}]"
202,中天万科启宸,21500,70,30.243344,119.715406,4,"[{'structure': '3室2厅2卫', 'area': 100, 'total_price': 210}, {'structure': '3室1厅2卫', 'area': 104, 'total_price': 224}, {'structure': '4室2厅2卫', 'area': 130, 'total_price': 273}, {'structure': '3室2厅2卫', 'area': 97, 'total_price': 204}]"
203,绿城和庐,55200,70,30.296509000000004,120.08801399999999,3,"[{'structure': '4室2厅5卫', 'area': 200, 'total_price': 1197}, {'structure': '4室2厅3卫', 'area': 220, 'total_price': 1214}, {'structure': '4室2厅4卫', 'area': 230, 'total_price': 1269}]"
204,德信网新奥体之星,21000,40,30.14527,119.989047,0,[]
205,绿地华家池印,70823,70,30.279915000000003,120.20373300000001,1,"[{'structure': '6室2厅3卫', 'area': 340, 'total_price': 2408}]"
206,旭辉东原国滨府,33500,40,30.187206,120.290927,4,"[{'structure': '2室2厅2卫', 'area': 52, 'total_price': 174}, {'structure': '2室2厅2卫', 'area': 53, 'total_price': 178}, {'structure': '2室2厅2卫', 'area': 56, 'total_price': 188}, {'structure': '2室2厅2卫', 'area': 60, 'total_price': 201}]"
207,恒大林溪郡,14000,70,29.463171000000003,119.300106,5,"[{'structure': '3室2厅1卫', 'area': 113, 'total_price': 146}, {'structure': '3室2厅1卫', 'area': 109, 'total_price': 152}, {'structure': '3室2厅2卫', 'area': 122, 'total_price': 158}, {'structure': '4室2厅2卫', 'area': 136, 'total_price': 176}, {'structure': '3室2厅1卫', 'area': 98, 'total_price': 137}]"
208,恒大林溪郡,16000,70,29.463171000000003,119.300106,3,"[{'structure': '3室4厅3卫', 'area': 140, 'total_price': 224}, {'structure': '3室2厅2卫', 'area': 142, 'total_price': 227}, {'structure': '3室2厅2卫', 'area': 175, 'total_price': 280}]"
209,海伦堡棠锦,30000,40,30.244315000000004,119.957499,0,[]
210,和谐江和城,19000,70,29.505259999999996,119.320397,0,[]
211,大名城华府,30000,70,30.19943,120.290571,2,"[{'structure': '4室2厅2卫', 'area': 130, 'total_price': 390}, {'structure': '4室2厅2卫', 'area': 139, 'total_price': 417}]"
212,万科公望,1200,70,30.08721,120.02794399999999,2,"[{'structure': '4室3厅5卫', 'area': 231, 'total_price': 1400}, {'structure': '4室3厅4卫', 'area': 244, 'total_price': 1600}]"
213,蓝城春风燕语,22874,70,30.280948,119.820994,2,"[{'structure': '4室2厅3卫', 'area': 163, 'total_price': 372}, {'structure': '4室2厅3卫', 'area': 167, 'total_price': 381}]"
214,万科西望,21000,70,30.250196000000003,119.72613100000001,1,"[{'structure': '4室2厅2卫', 'area': 139, 'total_price': 278}]"
215,奥克斯时代未来之城,25000,40,30.283014,120.00476599999999,0,[]
216,祥生云湖城,21000,70,30.16514,119.981695,5,"[{'structure': '3室2厅2卫', 'area': 92, 'total_price': 193}, {'structure': '4室2厅2卫', 'area': 117, 'total_price': 245}, {'structure': '4室2厅2卫', 'area': 128, 'total_price': 268}, {'structure': '3室2厅2卫', 'area': 89, 'total_price': 187}, {'structure': '3室2厅2卫', 'area': 110, 'total_price': 231}]"
217,融创宜和园,98000,70,30.310952,120.12896299999998,1,"[{'structure': '4室4厅6卫', 'area': 227, 'total_price': 2224}]"
218,山水时代,37000,40,30.246484000000002,120.254636,6,"[{'structure': '2室2厅2卫', 'area': 59, 'total_price': 221}, {'structure': '4室2厅2卫', 'area': 67, 'total_price': 243}, {'structure': '4室2厅2卫', 'area': 71, 'total_price': 258}, {'structure': '4室2厅2卫', 'area': 78, 'total_price': 273}, {'structure': '8室4厅4卫', 'area': 134, 'total_price': 445}, {'structure': '8室6厅6卫', 'area': 218, 'total_price': 610}]"
219,碧桂园望江台,13000,70,29.472322,119.27578899999999,2,"[{'structure': '3室2厅2卫', 'area': 98, 'total_price': 107}, {'structure': '4室2厅2卫', 'area': 117, 'total_price': 140}]"
220,金茂首开国樾,48600,70,30.331884999999996,120.16941899999999,2,"[{'structure': '4室2厅2卫', 'area': 148, 'total_price': 719}, {'structure': '4室2厅2卫', 'area': 150, 'total_price': 729}]"
221,中豪湘和国际,25000,40,30.281934999999997,120.227005,3,"[{'structure': '2室2厅2卫', 'area': 45, 'total_price': 156}, {'structure': '2室4厅2卫', 'area': 54, 'total_price': 188}, {'structure': '2室1厅1卫', 'area': 36, 'total_price': 125}]"
222,万科西望,30412,70,30.250196000000003,119.72613100000001,1,"[{'structure': '5室2厅3卫', 'area': 184, 'total_price': 530}]"
223,绿都鉴未来,25800,70,30.243754,119.934754,3,"[{'structure': '4室2厅2卫', 'area': 120, 'total_price': 324}, {'structure': '3室2厅2卫', 'area': 89, 'total_price': 204}, {'structure': '4室2厅2卫', 'area': 107, 'total_price': 245}]"
224,湖滨外滩,21201,70,30.237202000000003,119.74362099999999,0,[]
225,励骏花园,19000,70,29.793823,119.70123000000001,1,"[{'structure': '4室2厅2卫', 'area': 210, 'total_price': 399}]"
226,金茂万科新都会,21000,70,30.097913000000002,119.93762,3,"[{'structure': '3室2厅2卫', 'area': 115, 'total_price': 242}, {'structure': '4室2厅2卫', 'area': 135, 'total_price': 283}, {'structure': '3室2厅2卫', 'area': 95, 'total_price': 200}]"
227,春江山居,13800,70,29.770526,119.65218,3,"[{'structure': '1室1厅1卫', 'area': 49, 'total_price': 72}, {'structure': '2室2厅2卫', 'area': 88, 'total_price': 128}, {'structure': '3室2厅2卫', 'area': 89, 'total_price': 130}]"
228,星光荟,30000,40,30.165785999999997,120.082264,1,"[{'structure': '2室1厅2卫', 'area': 49, 'total_price': 147}]"
229,北城芳满庭,34000,70,30.442971000000004,120.089276,0,[]
230,随塘,22500,70,30.47295,120.19053600000001,4,"[{'structure': '3室2厅2卫', 'area': 105, 'total_price': 236}, {'structure': '3室2厅2卫', 'area': 105, 'total_price': 236}, {'structure': '3室2厅2卫', 'area': 105, 'total_price': 236}, {'structure': '4室2厅2卫', 'area': 128, 'total_price': 288}]"
231,禹洲滨天地,22000,40,30.154475,120.120888,1,"[{'structure': '1室1厅1卫', 'area': 40, 'total_price': 88}]"
232,金马高悦府,20000,70,29.815641999999997,119.731509,3,"[{'structure': '3室2厅3卫', 'area': 85, 'total_price': 170}, {'structure': '3室2厅2卫', 'area': 89, 'total_price': 178}, {'structure': '4室2厅2卫', 'area': 112, 'total_price': 224}]"
233,富力御江山小区,10000,70,29.434759999999997,119.27346000000001,2,"[{'structure': '4室2厅3卫', 'area': 137, 'total_price': 164}, {'structure': '4室2厅3卫', 'area': 137, 'total_price': 164}]"
234,富力御江山小区,9000,70,29.434759999999997,119.27346000000001,5,"[{'structure': '3室2厅1卫', 'area': 88, 'total_price': 79}, {'structure': '3室2厅1卫', 'area': 88, 'total_price': 79}, {'structure': '3室2厅2卫', 'area': 104, 'total_price': 93}, {'structure': '3室2厅2卫', 'area': 108, 'total_price': 97}, {'structure': '4室2厅2卫', 'area': 127, 'total_price': 114}]"
235,随塘,33000,70,30.47295,120.19053600000001,2,"[{'structure': '5室2厅6卫', 'area': 155, 'total_price': 511}, {'structure': '3室2厅5卫', 'area': 125, 'total_price': 412}]"
236,兴耀锦里,18000,40,30.389153000000004,120.272683,3,"[{'structure': '2室0厅2卫', 'area': 42, 'total_price': 76}, {'structure': '4室2厅2卫', 'area': 68, 'total_price': 123}, {'structure': '1室1厅1卫', 'area': 33, 'total_price': 61}]"
237,武林之光,44000,40,30.303865000000002,120.185427,2,"[{'structure': '2室2厅2卫', 'area': 54, 'total_price': 241}, {'structure': '3室1厅1卫', 'area': 54, 'total_price': 241}]"
238,城镇依山郡,15500,70,30.262180999999998,119.722601,5,"[{'structure': '3室2厅2卫', 'area': 134, 'total_price': 208}, {'structure': '3室2厅2卫', 'area': 136, 'total_price': 211}, {'structure': '1室1厅1卫', 'area': 48, 'total_price': 73}, {'structure': '2室2厅2卫', 'area': 96, 'total_price': 149}, {'structure': '3室2厅2卫', 'area': 107, 'total_price': 166}]"
239,广宇东港空间,38000,40,30.307306,120.21255900000001,4,"[{'structure': '3室2厅2卫', 'area': 48, 'total_price': 182}, {'structure': '3室2厅2卫', 'area': 65, 'total_price': 247}, {'structure': '2室2厅2卫', 'area': 90, 'total_price': 342}, {'structure': '4室2厅2卫', 'area': 113, 'total_price': 429}]"
240,万科桂语东方,300,70,30.432345,120.348902,2,"[{'structure': '4室2厅3卫', 'area': 140, 'total_price': 300}, {'structure': '4室4厅3卫', 'area': 160, 'total_price': 350}]"
241,雍澜府,20600,70,30.468503000000002,120.19152700000001,3,"[{'structure': '2室2厅2卫', 'area': 95, 'total_price': 195}, {'structure': '3室2厅2卫', 'area': 110, 'total_price': 226}, {'structure': '3室2厅2卫', 'area': 128, 'total_price': 264}]"
242,景瑞镜溪绿汀,46500,70,30.271709,119.99753999999999,3,"[{'structure': '4室2厅4卫', 'area': 184, 'total_price': 855}, {'structure': '4室2厅4卫', 'area': 188, 'total_price': 874}, {'structure': '4室2厅4卫', 'area': 199, 'total_price': 925}]"
243,华策中心,25000,40,30.306125,120.075797,0,[]
244,滨江春盛大江名筑,14000,40,30.279749,120.501585,3,"[{'structure': '4室2厅2卫', 'area': 143, 'total_price': 200}, {'structure': '4室2厅2卫', 'area': 169, 'total_price': 236}, {'structure': '5室2厅2卫', 'area': 178, 'total_price': 267}]"
245,志成广场御江月,35000,50,30.182089,120.151857,2,"[{'structure': '2室2厅1卫', 'area': 42, 'total_price': 140}, {'structure': '2室2厅2卫', 'area': 46, 'total_price': 152}]"
246,柳溪湾,10600,70,30.123274,119.25518600000001,6,"[{'structure': '1室1厅1卫', 'area': 38, 'total_price': 40}, {'structure': '1室1厅1卫', 'area': 61, 'total_price': 65}, {'structure': '2室1厅1卫', 'area': 64, 'total_price': 68}, {'structure': '2室1厅2卫', 'area': 88, 'total_price': 93}, {'structure': '2室1厅2卫', 'area': 94, 'total_price': 100}, {'structure': '3室2厅2卫', 'area': 120, 'total_price': 118}]"
247,联发藏珑大境,27000,70,30.377171999999998,120.054156,3,"[{'structure': '4室2厅2卫', 'area': 127, 'total_price': 343}, {'structure': '2室2厅2卫', 'area': 95, 'total_price': 256}, {'structure': '3室2厅2卫', 'area': 111, 'total_price': 299}]"
248,联发藏珑大境,30900,70,30.377171999999998,120.054156,4,"[{'structure': '4室2厅3卫', 'area': 123, 'total_price': 380}, {'structure': '4室2厅3卫', 'area': 130, 'total_price': 401}, {'structure': '4室2厅3卫', 'area': 144, 'total_price': 444}, {'structure': '4室2厅3卫', 'area': 155, 'total_price': 479}]"
249,越秀招商天悦江湾,52000,40,30.305984999999996,120.24866000000002,0,[]
250,天阳云栖梅林,21500,70,29.802573,119.717216,2,"[{'structure': '3室2厅2卫', 'area': 117, 'total_price': 257}, {'structure': '4室2厅2卫', 'area': 128, 'total_price': 275}]"
251,天阳云栖梅林,31000,70,29.802573,119.717216,1,"[{'structure': '4室2厅3卫', 'area': 154, 'total_price': 462}]"
252,华联钱塘公馆,90000,40,30.25517,120.226848,0,[]
253,宋都如意溪湖,17600,70,30.241903999999998,119.740541,3,"[{'structure': '3室2厅2卫', 'area': 106, 'total_price': 186}, {'structure': '3室2厅2卫', 'area': 117, 'total_price': 205}, {'structure': '4室2厅2卫', 'area': 130, 'total_price': 228}]"
254,越秀西海岸,28184,70,30.270883,119.82983300000001,1,"[{'structure': '4室3厅3卫', 'area': 155, 'total_price': 436}]"
255,美好锦玺,17000,70,30.225873999999997,119.722282,2,"[{'structure': '3室2厅2卫', 'area': 104, 'total_price': 176}, {'structure': '3室2厅2卫', 'area': 97, 'total_price': 165}]"
256,融创金成璞樾大观,21500,70,30.277062,119.73333600000001,2,"[{'structure': '5室2厅4卫', 'area': 215, 'total_price': 462}, {'structure': '5室2厅4卫', 'area': 225, 'total_price': 483}]"
257,运河万科中心,20000,40,30.332113,120.132915,0,[]
258,奥克斯金宸玖和府,48700,70,30.182583,120.31426200000001,2,"[{'structure': '6室2厅5卫', 'area': 165, 'total_price': 803}, {'structure': '6室2厅5卫', 'area': 179, 'total_price': 871}]"
259,绿都金科和宁文华府,36000,70,30.342633000000003,120.10973,4,"[{'structure': '3室2厅2卫', 'area': 105, 'total_price': 378}, {'structure': '4室2厅2卫', 'area': 129, 'total_price': 464}, {'structure': '4室2厅2卫', 'area': 129, 'total_price': 464}, {'structure': '3室2厅2卫', 'area': 115, 'total_price': 469}]"
260,中旅名门府新境,34200,70,30.199569,120.284976,2,"[{'structure': '4室2厅2卫', 'area': 127, 'total_price': 427}, {'structure': '4室2厅2卫', 'area': 147, 'total_price': 502}]"
261,中国中铁溪畔云璟府,21300,70,30.094284000000002,119.943229,4,"[{'structure': '3室2厅2卫', 'area': 98, 'total_price': 208}, {'structure': '3室2厅2卫', 'area': 98, 'total_price': 208}, {'structure': '4室2厅2卫', 'area': 117, 'total_price': 249}, {'structure': '3室2厅1卫', 'area': 88, 'total_price': 183}]"
262,融创东麟府,25000,40,30.197228999999997,120.46569299999999,0,[]
263,云潮府,30000,70,30.235623999999998,120.35201200000002,4,"[{'structure': '3室2厅2卫', 'area': 122, 'total_price': 378}, {'structure': '3室2厅2卫', 'area': 129, 'total_price': 399}, {'structure': '4室2厅2卫', 'area': 142, 'total_price': 440}, {'structure': '4室2厅2卫', 'area': 144, 'total_price': 446}]"
264,阳光城山水悦江府,22000,70,30.022875,119.935652,2,"[{'structure': '3室2厅2卫', 'area': 96, 'total_price': 211}, {'structure': '4室2厅2卫', 'area': 118, 'total_price': 260}]"
265,德信时代公馆,26200,70,30.276953999999996,120.441769,6,"[{'structure': '4室2厅3卫', 'area': 160, 'total_price': 419}, {'structure': '4室2厅3卫', 'area': 160, 'total_price': 419}, {'structure': '4室2厅3卫', 'area': 170, 'total_price': 454}, {'structure': '4室2厅3卫', 'area': 170, 'total_price': 454}, {'structure': '4室2厅3卫', 'area': 180, 'total_price': 471}, {'structure': '4室2厅3卫', 'area': 180, 'total_price': 471}]"
266,中城汇MIDTOWN,38000,40,30.332790000000003,120.122235,3,"[{'structure': '2室0厅2卫', 'area': 36, 'total_price': 136}, {'structure': '2室0厅2卫', 'area': 40, 'total_price': 152}, {'structure': '2室0厅2卫', 'area': 40, 'total_price': 152}]"
267,新视界公寓,20800,70,30.101004999999997,119.94024099999999,3,"[{'structure': '3室2厅2卫', 'area': 95, 'total_price': 197}, {'structure': '4室2厅2卫', 'area': 125, 'total_price': 260}, {'structure': '3室2厅2卫', 'area': 95, 'total_price': 197}]"
268,德信市心府,30000,40,30.150187,120.273343,1,"[{'structure': '2室2厅2卫', 'area': 42, 'total_price': 126}]"
269,世宸名府,29700,70,30.184205,120.307382,4,"[{'structure': '3室2厅2卫', 'area': 89, 'total_price': 264}, {'structure': '3室2厅2卫', 'area': 89, 'total_price': 264}, {'structure': '3室2厅2卫', 'area': 110, 'total_price': 326}, {'structure': '4室2厅2卫', 'area': 137, 'total_price': 406}]"
270,世宸名府,29000,40,30.184205,120.307382,1,"[{'structure': '2室4厅2卫', 'area': 38, 'total_price': 110}]"
271,龙湖葛洲坝景粼天著,58000,70,30.308393,120.233104,0,[]
272,时代滨江悦,42000,70,30.189859000000002,120.241579,3,"[{'structure': '4室2厅2卫', 'area': 128, 'total_price': 537}, {'structure': '4室2厅2卫', 'area': 139, 'total_price': 593}, {'structure': '4室2厅2卫', 'area': 139, 'total_price': 593}]"
273,华侨城芳菲与城,41419,70,30.368315000000003,120.22753300000001,3,"[{'structure': '4室2厅3卫', 'area': 154, 'total_price': 638}, {'structure': '4室2厅3卫', 'area': 157, 'total_price': 650}, {'structure': '4室2厅3卫', 'area': 156, 'total_price': 650}]"
274,华侨城芳菲与城,35500,70,30.368315000000003,120.22753300000001,3,"[{'structure': '4室2厅3卫', 'area': 137, 'total_price': 486}, {'structure': '3室2厅2卫', 'area': 123, 'total_price': 436}, {'structure': '3室2厅3卫', 'area': 129, 'total_price': 458}]"
275,众安绿城南湖明月,25000,70,30.280884000000004,119.93240300000001,4,"[{'structure': '3室2厅2卫', 'area': 89, 'total_price': 223}, {'structure': '3室2厅2卫', 'area': 97, 'total_price': 242}, {'structure': '4室2厅2卫', 'area': 112, 'total_price': 280}, {'structure': '4室2厅2卫', 'area': 130, 'total_price': 325}]"
276,天阅运河源,38000,70,30.338784000000004,120.14171499999999,1,"[{'structure': '3室2厅2卫', 'area': 112, 'total_price': 425}]"
277,融创港印中心,82,40,30.252111,120.46908799999999,1,"[{'structure': '2室0厅2卫', 'area': 40, 'total_price': 80}]"
278,融创港印中心,150,40,30.252111,120.46908799999999,0,[]
279,绿城青亭,28000,40,30.366482,120.214019,1,"[{'structure': '2室2厅2卫', 'area': 51, 'total_price': 142}]"
280,杭州富力中心,32000,40,30.280188,120.00287,2,"[{'structure': '2室2厅2卫', 'area': 41, 'total_price': 128}, {'structure': '2室2厅2卫', 'area': 61, 'total_price': 197}]"
281,上塘九里,19800,70,30.419938000000002,120.10803999999999,6,"[{'structure': '4室2厅2卫', 'area': 116, 'total_price': 230}, {'structure': '4室2厅2卫', 'area': 117, 'total_price': 232}, {'structure': '4室2厅2卫', 'area': 120, 'total_price': 238}, {'structure': '4室2厅2卫', 'area': 123, 'total_price': 254}, {'structure': '3室2厅2卫', 'area': 89, 'total_price': 176}, {'structure': '3室2厅2卫', 'area': 89, 'total_price': 176}]"
282,星光荟,25000,40,30.165785999999997,120.082264,0,[]
283,恒大御泉四季,8000,70,29.386634,119.22793899999999,10,"[{'structure': '1室1厅1卫', 'area': 50, 'total_price': 40}, {'structure': '1室1厅1卫', 'area': 51, 'total_price': 41}, {'structure': '3室2厅1卫', 'area': 112, 'total_price': 89}, {'structure': '3室2厅2卫', 'area': 113, 'total_price': 90}, {'structure': '3室2厅2卫', 'area': 120, 'total_price': 96}, {'structure': '4室2厅2卫', 'area': 136, 'total_price': 108}, {'structure': '4室3厅3卫', 'area': 117, 'total_price': 117}, {'structure': '4室3厅3卫', 'area': 118, 'total_price': 118}, {'structure': '5室3厅3卫', 'area': 133, 'total_price': 133}, {'structure': '5室3厅3卫', 'area': 136, 'total_price': 136}]"
284,恒大御泉四季,10000,70,29.386634,119.22793899999999,6,"[{'structure': '2室4厅2卫', 'area': 110, 'total_price': 110}, {'structure': '2室4厅2卫', 'area': 121, 'total_price': 121}, {'structure': '3室2厅2卫', 'area': 124, 'total_price': 124}, {'structure': '3室2厅2卫', 'area': 130, 'total_price': 130}, {'structure': '3室4厅3卫', 'area': 146, 'total_price': 146}, {'structure': '3室4厅4卫', 'area': 155, 'total_price': 155}]"
285,国宸府,25599,70,30.1387,120.290543,3,"[{'structure': '4室2厅2卫', 'area': 122, 'total_price': 312}, {'structure': '3室2厅2卫', 'area': 102, 'total_price': 261}, {'structure': '4室2厅2卫', 'area': 132, 'total_price': 338}]"
286,世茂天宸,65000,70,30.279993,120.201425,0,[]
287,龙湖葛洲坝景粼天著,46500,70,30.308393,120.233104,0,[]
288,悦湖湾花园,12000,70,29.610777000000002,119.155107,0,[]
289,新希望滨江锦宸,100,40,30.211937,120.27176599999999,0,[]
290,华鸿中南壹号院,18000,70,29.809628999999997,119.710916,4,"[{'structure': '3室2厅2卫', 'area': 98, 'total_price': 176}, {'structure': '3室2厅2卫', 'area': 110, 'total_price': 198}, {'structure': '4室2厅2卫', 'area': 120, 'total_price': 216}, {'structure': '4室2厅2卫', 'area': 129, 'total_price': 232}]"
291,碧桂园十里春风,30000,70,29.791779,119.72345,1,"[{'structure': '5室2厅5卫', 'area': 160, 'total_price': 480}]"
292,碧桂园十里春风,19100,70,29.791779,119.72345,3,"[{'structure': '3室2厅2卫', 'area': 109, 'total_price': 208}, {'structure': '4室2厅2卫', 'area': 123, 'total_price': 234}, {'structure': '4室2厅2卫', 'area': 139, 'total_price': 265}]"
293,云潮府,24500,40,30.235623999999998,120.35201200000002,4,"[{'structure': '2室1厅1卫', 'area': 34, 'total_price': 83}, {'structure': '2室1厅1卫', 'area': 35, 'total_price': 85}, {'structure': '2室1厅1卫', 'area': 40, 'total_price': 98}, {'structure': '2室1厅1卫', 'area': 46, 'total_price': 112}]"
294,星光国际公馆,32000,40,30.213072999999998,120.215406,1,"[{'structure': '1室1厅1卫', 'area': 50, 'total_price': 155}]"
295,北辰奥园,30000,40,30.13765,120.253097,0,[]
296,苕溪学府,22671,70,30.237848,119.70565,4,"[{'structure': '1室1厅1卫', 'area': 41, 'total_price': 93}, {'structure': '2室2厅2卫', 'area': 41, 'total_price': 93}, {'structure': '2室2厅2卫', 'area': 47, 'total_price': 107}, {'structure': '1室1厅1卫', 'area': 47, 'total_price': 107}]"
297,竹悦山水轩,11500,70,30.050265999999997,119.36366699999999,3,"[{'structure': '2室2厅1卫', 'area': 59, 'total_price': 68}, {'structure': '3室2厅1卫', 'area': 78, 'total_price': 90}, {'structure': '3室2厅2卫', 'area': 89, 'total_price': 102}]"
298,招商闻博花城,37500,70,30.201019,120.24968500000001,2,"[{'structure': '3室2厅2卫', 'area': 108, 'total_price': 405}, {'structure': '4室2厅2卫', 'area': 130, 'total_price': 487}]"
299,山水如画,216,40,30.061487,119.92739499999999,0,[]
300,三立钱塘ONE,140,40,30.155014,120.12508700000001,0,[]
301,富春一品,9188,70,29.621639000000002,119.545423,3,"[{'structure': '2室2厅1卫', 'area': 88, 'total_price': 81}, {'structure': '3室2厅2卫', 'area': 125, 'total_price': 115}, {'structure': '3室2厅2卫', 'area': 135, 'total_price': 124}]"
302,坤生栖悦,30000,40,30.141178999999998,120.093801,7,"[{'structure': '2室1厅1卫', 'area': 27, 'total_price': 81}, {'structure': '2室1厅1卫', 'area': 28, 'total_price': 84}, {'structure': '2室1厅1卫', 'area': 31, 'total_price': 93}, {'structure': '2室1厅2卫', 'area': 34, 'total_price': 102}, {'structure': '2室1厅2卫', 'area': 39, 'total_price': 118}, {'structure': '2室2厅2卫', 'area': 44, 'total_price': 134}, {'structure': '3室2厅2卫', 'area': 44, 'total_price': 134}]"
303,云安小镇,18500,40,30.265409560840997,119.76773072245001,2,"[{'structure': '1室2厅1卫', 'area': 52, 'total_price': 96}, {'structure': '2室1厅1卫', 'area': 63, 'total_price': 116}]"
304,理想银泰城,19800,50,30.411395000000002,120.309716,0,[]
305,环翼城,42000,40,30.299768,120.229122,1,"[{'structure': '2室2厅2卫', 'area': 42, 'total_price': 170}]"
306,状元府,22000,70,30.281152252031998,119.73893419116999,4,"[{'structure': '4室2厅4卫', 'area': 212, 'total_price': 466}, {'structure': '5室3厅4卫', 'area': 214, 'total_price': 470}, {'structure': '5室2厅5卫', 'area': 228, 'total_price': 511}, {'structure': '5室2厅5卫', 'area': 263, 'total_price': 578}]"
307,德信大江壹号,85,40,30.308953000000002,120.463177,4,"[{'structure': '2室0厅2卫', 'area': 40, 'total_price': 85}, {'structure': '2室0厅2卫', 'area': 45, 'total_price': 99}, {'structure': '2室2厅2卫', 'area': 48, 'total_price': 105}, {'structure': '2室2厅2卫', 'area': 53, 'total_price': 116}]"
308,中梁云都汇,30000,40,30.153203,120.087232,2,"[{'structure': '1室1厅1卫', 'area': 34, 'total_price': 95}, {'structure': '2室1厅1卫', 'area': 40, 'total_price': 112}]"
309,星创新里程中心,28000,40,30.265452000000003,119.962272,10,"[{'structure': '2室2厅2卫', 'area': 37, 'total_price': 104}, {'structure': '2室2厅2卫', 'area': 37, 'total_price': 104}, {'structure': '2室2厅2卫', 'area': 39, 'total_price': 109}, {'structure': '2室2厅2卫', 'area': 36, 'total_price': 101}, {'structure': '2室2厅2卫', 'area': 41, 'total_price': 115}, {'structure': '2室2厅2卫', 'area': 41, 'total_price': 115}, {'structure': '2室2厅2卫', 'area': 41, 'total_price': 115}, {'structure': '2室2厅2卫', 'area': 42, 'total_price': 118}, {'structure': '2室2厅2卫', 'area': 52, 'total_price': 146}, {'structure': '2室2厅2卫', 'area': 56, 'total_price': 146}]"
310,东哲钱塘滙,23000,40,30.272268,120.493205,2,"[{'structure': '5室2厅6卫', 'area': 256, 'total_price': 588}, {'structure': '7室2厅6卫', 'area': 294, 'total_price': 676}]"
311,碧桂园泷悦,14000,70,29.642847999999997,119.064779,6,"[{'structure': '3室2厅2卫', 'area': 109, 'total_price': 185}, {'structure': '3室2厅2卫', 'area': 125, 'total_price': 187}, {'structure': '4室2厅2卫', 'area': 129, 'total_price': 193}, {'structure': '3室2厅2卫', 'area': 119, 'total_price': 202}, {'structure': '4室2厅2卫', 'area': 137, 'total_price': 205}, {'structure': '5室2厅3卫', 'area': 142, 'total_price': 213}]"
312,碧桂园泷悦,15000,70,29.642847999999997,119.064779,6,"[{'structure': '3室2厅2卫', 'area': 86, 'total_price': 137}, {'structure': '3室2厅3卫', 'area': 123, 'total_price': 196}, {'structure': '5室2厅4卫', 'area': 133, 'total_price': 212}, {'structure': '4室2厅3卫', 'area': 134, 'total_price': 214}, {'structure': '4室2厅3卫', 'area': 137, 'total_price': 219}, {'structure': '4室2厅3卫', 'area': 137, 'total_price': 219}]"
313,国玺悦龙府,38500,70,30.200353999999997,120.274475,4,"[{'structure': '4室2厅2卫', 'area': 172, 'total_price': 662}, {'structure': '4室2厅2卫', 'area': 190, 'total_price': 731}, {'structure': '4室2厅3卫', 'area': 204, 'total_price': 785}, {'structure': '4室2厅3卫', 'area': 234, 'total_price': 900}]"
314,融信杭州公馆,65000,70,30.298672999999997,120.137124,3,"[{'structure': '4室2厅2卫', 'area': 139, 'total_price': 903}, {'structure': '5室3厅3卫', 'area': 260, 'total_price': 1690}, {'structure': '5室1厅3卫', 'area': 274, 'total_price': 1781}]"
315,新世纪建材装饰市场,23000,40,30.207994,120.29364299999999,0,[]
316,绿城莲园,42000,70,30.442878000000004,120.29448000000001,4,"[{'structure': '6室4厅8卫', 'area': 260, 'total_price': 1092}, {'structure': '6室3厅8卫', 'area': 295, 'total_price': 1239}, {'structure': '6室4厅8卫', 'area': 300, 'total_price': 1260}, {'structure': '6室3厅8卫', 'area': 257, 'total_price': 1079}]"
317,赞成乐山红叶,1400,70,30.241159999999997,119.985427,1,"[{'structure': '5室3厅4卫', 'area': 240, 'total_price': 1400}]"
318,东渡酩悦,42000,40,30.298826000000002,120.225067,1,"[{'structure': '3室0厅1卫', 'area': 51, 'total_price': 230}]"
319,欣隆府,14500,70,30.544441,120.68043300000001,5,"[{'structure': '3室2厅2卫', 'area': 88, 'total_price': 131}, {'structure': '3室2厅2卫', 'area': 89, 'total_price': 132}, {'structure': '3室2厅2卫', 'area': 89, 'total_price': 132}, {'structure': '3室2厅2卫', 'area': 92, 'total_price': 137}, {'structure': '3室2厅2卫', 'area': 92, 'total_price': 137}]"
320,海盐阳光城翡丽湾,12000,70,30.546993,120.97244099999999,3,"[{'structure': '3室2厅2卫', 'area': 98, 'total_price': 118}, {'structure': '3室2厅2卫', 'area': 98, 'total_price': 118}, {'structure': '3室2厅2卫', 'area': 118, 'total_price': 142}]"
321,新城金樾,13000,70,30.681158,120.979735,2,"[{'structure': '2室2厅2卫', 'area': 87, 'total_price': 110}, {'structure': '3室2厅2卫', 'area': 98, 'total_price': 127}]"
322,荣安海上明月,13500,70,30.564299,120.95451299999999,4,"[{'structure': '3室2厅1卫', 'area': 83, 'total_price': 112}, {'structure': '3室2厅2卫', 'area': 100, 'total_price': 135}, {'structure': '4室2厅2卫', 'area': 130, 'total_price': 176}, {'structure': '3室2厅2卫', 'area': 93, 'total_price': 125}]"
323,定淘汇,15000,40,30.517485999999998,120.67701299999999,2,"[{'structure': '3室2厅2卫', 'area': 46, 'total_price': 69}, {'structure': '2室2厅2卫', 'area': 46, 'total_price': 69}]"
324,融创海越府,16000,70,30.727942,121.01726399999998,0,[]
325,金科集美嘉悦,19500,70,30.916258000000003,120.961179,0,[]
326,莱茵河畔,13000,70,31.059281,119.922575,1,"[{'structure': '4室2厅5卫', 'area': 240, 'total_price': 285}]"
327,中南漫悦湾,16000,70,30.61925,121.116502,2,"[{'structure': '2室2厅1卫', 'area': 65, 'total_price': 104}, {'structure': '3室2厅2卫', 'area': 85, 'total_price': 136}]"
328,乔克家居广场,15000,40,30.826390999999997,120.931918,0,[]
329,万联花园,22500,70,30.824605012199,120.92782529308,0,[]
330,萃湖上郡,11000,70,30.824696000000003,120.759999,1,"[{'structure': '2室2厅2卫', 'area': 93, 'total_price': 102}]"
331,紫藤花墅,330,70,31.013795000000002,119.87942,1,"[{'structure': '5室2厅4卫', 'area': 169, 'total_price': 330}]"
332,海伦堡观澜,9000,70,30.335325,120.81308899999999,2,"[{'structure': '3室2厅2卫', 'area': 92, 'total_price': 101}, {'structure': '3室2厅2卫', 'area': 106, 'total_price': 116}]"
333,海洋花园,15800,70,30.613704,121.138498,3,"[{'structure': '1室2厅1卫', 'area': 55, 'total_price': 86}, {'structure': '2室2厅1卫', 'area': 72, 'total_price': 113}, {'structure': '3室2厅2卫', 'area': 123, 'total_price': 194}]"
334,侨福一品高尔夫,21500,70,30.343314000000003,120.408277,2,"[{'structure': '2室1厅1卫', 'area': 89, 'total_price': 191}, {'structure': '3室2厅2卫', 'area': 126, 'total_price': 239}]"
335,中国崇福国际皮草中心,17000,40,30.538542,120.45541899999999,0,[]
336,阳光城君悦龙山,10500,70,30.026646999999997,120.90621599999999,2,"[{'structure': '3室2厅1卫', 'area': 89, 'total_price': 93}, {'structure': '3室2厅2卫', 'area': 108, 'total_price': 113}]"
337,锦瑞苑,7500,70,29.964569,120.98278400000001,1,"[{'structure': '3室2厅2卫', 'area': 139, 'total_price': 104}]"
338,杭钢万科紫晶首府,12000,40,29.702658000000003,120.25836699999999,0,[]
339,莱茵河畔,9000,70,31.059281,119.922575,1,"[{'structure': '3室2厅1卫', 'area': 98, 'total_price': 103}]"
340,欧洲花园,12000,70,31.015683000000003,119.927025,0,[]
341,西城时代翰林院,9000,70,30.971725,119.865199,2,"[{'structure': '2室0厅0卫', 'area': 86, 'total_price': 76}, {'structure': '3室0厅0卫', 'area': 102, 'total_price': 90}]"
342,绿城华景川之江明月,21500,70,30.360082000000002,120.42195900000002,1,"[{'structure': '4室2厅2卫', 'area': 150, 'total_price': 322}]"
343,卧龙天香南园,11000,70,30.001239,120.860228,2,"[{'structure': '2室2厅2卫', 'area': 89, 'total_price': 97}, {'structure': '3室2厅2卫', 'area': 107, 'total_price': 117}]"
344,名门东和园,15000,40,30.503335999999997,120.68917900000001,1,"[{'structure': '1室1厅1卫', 'area': 60, 'total_price': 90}]"
345,港汇广场,12000,40,30.529874,120.430764,1,"[{'structure': '1室1厅1卫', 'area': 45, 'total_price': 54}]"
346,金泰公馆,15500,40,30.500767,120.692586,1,"[{'structure': '3室2厅1卫', 'area': 54, 'total_price': 72}]"
347,绿城华景川蘭园,18000,70,30.431046000000002,120.368793,2,"[{'structure': '3室2厅2卫', 'area': 89, 'total_price': 165}, {'structure': '3室2厅2卫', 'area': 110, 'total_price': 203}]"
348,春风十里,15500,70,30.669189000000003,120.87063500000001,3,"[{'structure': '1室2厅1卫', 'area': 57, 'total_price': 88}, {'structure': '2室2厅1卫', 'area': 75, 'total_price': 116}, {'structure': '3室2厅1卫', 'area': 88, 'total_price': 136}]"
349,万城雅园,12500,70,30.497284999999998,120.634511,3,"[{'structure': '3室2厅1卫', 'area': 88, 'total_price': 120}, {'structure': '3室2厅2卫', 'area': 97, 'total_price': 132}, {'structure': '3室2厅2卫', 'area': 109, 'total_price': 149}]"
350,四季华府,10000,70,30.850809,120.408992,0,[]
351,西塘玺樾,18000,70,30.944515000000003,120.901219,0,[]
352,聚东德胜府,19500,70,30.350016999999998,120.392261,6,"[{'structure': '3室2厅1卫', 'area': 84, 'total_price': 164}, {'structure': '3室2厅1卫', 'area': 91, 'total_price': 178}, {'structure': '3室2厅1卫', 'area': 92, 'total_price': 180}, {'structure': '3室2厅2卫', 'area': 95, 'total_price': 185}, {'structure': '3室2厅2卫', 'area': 99, 'total_price': 193}, {'structure': '3室2厅2卫', 'area': 112, 'total_price': 218}]"
353,江南钱塘里,12000,70,30.457832,120.56084299999999,6,"[{'structure': '2室2厅1卫', 'area': 69, 'total_price': 83}, {'structure': '3室2厅1卫', 'area': 86, 'total_price': 103}, {'structure': '3室2厅2卫', 'area': 92, 'total_price': 110}, {'structure': '3室2厅2卫', 'area': 92, 'total_price': 111}, {'structure': '3室2厅2卫', 'area': 99, 'total_price': 118}, {'structure': '3室2厅1卫', 'area': 99, 'total_price': 118}]"
354,紫金公园府,11500,70,30.642422999999997,120.71476799999999,4,"[{'structure': '3室0厅0卫', 'area': 89, 'total_price': 102}, {'structure': '4室0厅0卫', 'area': 95, 'total_price': 109}, {'structure': '5室0厅0卫', 'area': 123, 'total_price': 141}, {'structure': '5室0厅0卫', 'area': 127, 'total_price': 146}]"
355,锦城豪庭,15000,70,30.916832,120.95764399999999,0,[]
356,崇福百悦公馆,12000,40,30.54097,120.451074,2,"[{'structure': '1室1厅1卫', 'area': 45, 'total_price': 54}, {'structure': '1室2厅1卫', 'area': 45, 'total_price': 54}]"
357,融创海逸长洲,13500,70,30.543478999999998,120.983397,0,[]
358,万达新公馆,15000,40,30.742009000000003,120.807375,0,[]
359,环球公馆,11000,40,30.755435,120.72346200000001,0,[]
360,富力城悦界,10000,40,30.857915000000002,120.20872800000001,6,"[{'structure': '3室1厅0卫', 'area': 50, 'total_price': 50}, {'structure': '3室1厅1卫', 'area': 51, 'total_price': 51}, {'structure': '3室2厅1卫', 'area': 60, 'total_price': 60}, {'structure': '3室2厅3卫', 'area': 149, 'total_price': 149}, {'structure': '3室2厅2卫', 'area': 152, 'total_price': 152}, {'structure': '3室2厅2卫', 'area': 155, 'total_price': 155}]"
361,正荣碧桂园悦公馆,12000,70,30.872908000000002,120.72187199999999,3,"[{'structure': '2室2厅2卫', 'area': 83, 'total_price': 103}, {'structure': '3室2厅2卫', 'area': 94, 'total_price': 113}, {'structure': '4室2厅2卫', 'area': 121, 'total_price': 146}]"
362,杭钢万科紫晶首府,13000,70,29.702658000000003,120.25836699999999,3,"[{'structure': '3室2厅2卫', 'area': 98, 'total_price': 128}, {'structure': '3室2厅2卫', 'area': 128, 'total_price': 167}, {'structure': '3室2厅2卫', 'area': 138, 'total_price': 180}]"
363,鸿翔东方郡,17500,70,30.440344,120.45478100000001,2,"[{'structure': '2室2厅1卫', 'area': 80, 'total_price': 116}, {'structure': '3室2厅1卫', 'area': 88, 'total_price': 127}]"
364,佳源海棠府,16500,70,30.433082000000002,120.37148400000001,2,"[{'structure': '3室2厅2卫', 'area': 99, 'total_price': 163}, {'structure': '4室2厅2卫', 'area': 129, 'total_price': 212}]"
365,融信创世纪,9000,70,29.563194,120.83079199999999,0,[]
366,中天钱塘玥,19000,70,30.346722999999997,120.412,3,"[{'structure': '3室2厅2卫', 'area': 89, 'total_price': 164}, {'structure': '3室2厅2卫', 'area': 89, 'total_price': 164}, {'structure': '3室2厅2卫', 'area': 89, 'total_price': 165}]"
367,金地都会艺境,15500,70,30.677625,120.812523,6,"[{'structure': '3室2厅2卫', 'area': 89, 'total_price': 138}, {'structure': '3室2厅2卫', 'area': 89, 'total_price': 138}, {'structure': '3室2厅2卫', 'area': 89, 'total_price': 138}, {'structure': '3室2厅2卫', 'area': 108, 'total_price': 167}, {'structure': '4室2厅2卫', 'area': 115, 'total_price': 178}, {'structure': '3室2厅3卫', 'area': 117, 'total_price': 181}]"
368,盈都新天地,15000,40,30.360081,120.396363,2,"[{'structure': '2室1厅1卫', 'area': 35, 'total_price': 52}, {'structure': '2室2厅2卫', 'area': 41, 'total_price': 61}]"
369,华景川运河宸园,11000,70,30.613269,120.27800900000001,4,"[{'structure': '4室2厅2卫', 'area': 117, 'total_price': 130}, {'structure': '4室2厅2卫', 'area': 127, 'total_price': 139}, {'structure': '4室2厅2卫', 'area': 128, 'total_price': 140}, {'structure': '4室2厅2卫', 'area': 138, 'total_price': 145}]"
370,卓越泓玺台,17000,70,30.776359999999997,120.688542,3,"[{'structure': '3室2厅2卫', 'area': 95, 'total_price': 162}, {'structure': '3室2厅2卫', 'area': 110, 'total_price': 187}, {'structure': '4室2厅2卫', 'area': 128, 'total_price': 218}]"
371,雅居乐金茂中央公园,16000,70,30.712158000000002,120.768419,3,"[{'structure': '2室2厅2卫', 'area': 96, 'total_price': 124}, {'structure': '2室2厅2卫', 'area': 118, 'total_price': 153}, {'structure': '3室2厅2卫', 'area': 136, 'total_price': 176}]"
372,卓越珑府,17500,70,30.726114000000003,120.78246499999999,3,"[{'structure': '3室2厅2卫', 'area': 89, 'total_price': 156}, {'structure': '4室2厅2卫', 'area': 128, 'total_price': 198}, {'structure': '4室2厅2卫', 'area': 118, 'total_price': 207}]"
373,金泰时尚花苑,13000,70,30.542742999999998,120.67329299999999,3,"[{'structure': '2室2厅2卫', 'area': 80, 'total_price': 104}, {'structure': '3室2厅2卫', 'area': 91, 'total_price': 118}, {'structure': '4室2厅2卫', 'area': 110, 'total_price': 143}]"
374,世茂璀璨时代,17500,70,30.753813,120.82493000000001,4,"[{'structure': '3室2厅2卫', 'area': 95, 'total_price': 166}, {'structure': '3室2厅2卫', 'area': 118, 'total_price': 206}, {'structure': '4室2厅2卫', 'area': 131, 'total_price': 229}, {'structure': '3室2厅2卫', 'area': 142, 'total_price': 249}]"
375,荣盛祥云府,11500,70,30.793735551097,120.7941262926,0,[]
376,东方新天地,11500,40,30.436571,120.45351299999999,2,"[{'structure': '2室1厅1卫', 'area': 51, 'total_price': 58}, {'structure': '2室1厅1卫', 'area': 66, 'total_price': 76}]"
377,融信澜庭,12200,70,30.488217,120.62016100000001,2,"[{'structure': '3室2厅2卫', 'area': 89, 'total_price': 120}, {'structure': '4室2厅2卫', 'area': 120, 'total_price': 150}]"
378,朗诗蔚蓝街区,15000,70,30.432864000000002,120.45126,6,"[{'structure': '3室2厅2卫', 'area': 103, 'total_price': 154}, {'structure': '3室2厅2卫', 'area': 105, 'total_price': 157}, {'structure': '3室2厅2卫', 'area': 107, 'total_price': 160}, {'structure': '3室2厅2卫', 'area': 110, 'total_price': 162}, {'structure': '4室2厅2卫', 'area': 125, 'total_price': 187}, {'structure': '4室2厅3卫', 'area': 135, 'total_price': 202}]"
379,科大柳岸春风,8700,70,30.635717,120.37108,3,"[{'structure': '2室2厅1卫', 'area': 68, 'total_price': 57}, {'structure': '2室2厅2卫', 'area': 89, 'total_price': 75}, {'structure': '3室2厅2卫', 'area': 110, 'total_price': 93}]"
380,绿城桂语钱塘,22000,70,30.345251,120.41469599999999,4,"[{'structure': '3室2厅2卫', 'area': 89, 'total_price': 195}, {'structure': '4室2厅2卫', 'area': 116, 'total_price': 255}, {'structure': '4室2厅2卫', 'area': 116, 'total_price': 255}, {'structure': '4室2厅2卫', 'area': 120, 'total_price': 264}]"
381,科大春风十里,9500,70,30.367010999999998,120.79736299999999,0,[]
382,杭海学府,19000,70,30.439633,120.44361,2,"[{'structure': '3室2厅2卫', 'area': 89, 'total_price': 169}, {'structure': '4室2厅2卫', 'area': 113, 'total_price': 214}]"
383,鸿翔杨柳郡,14000,70,30.533361,120.66928500000002,0,[]
384,金洲海尚,13000,70,30.54741,120.942508,1,"[{'structure': '3室2厅2卫', 'area': 89, 'total_price': 115}]"
385,江南繁华里,16000,70,30.461173,120.51378500000001,3,"[{'structure': '2室2厅1卫', 'area': 66, 'total_price': 106}, {'structure': '3室2厅1卫', 'area': 77, 'total_price': 124}, {'structure': '3室2厅1卫', 'area': 79, 'total_price': 127}]"
386,柳岸春风,10000,70,30.546283000000003,120.781772,1,"[{'structure': '3室2厅1卫', 'area': 87, 'total_price': 104}]"
