,name,price,year,x,y,house_type_num,house_structure_area
0,星河盛世,14900,70,22.796078,114.43637700000001,1,"[{'structure': '3室2厅1卫', 'area': 74, 'total_price': 103}]"
1,畔山悦海花园,12500,70,22.71811,114.533584,0,[]
2,恒大悦龙台,14500,70,22.755479,114.422774,4,"[{'structure': '3室2厅1卫', 'area': 85, 'total_price': 123}, {'structure': '3室2厅1卫', 'area': 86, 'total_price': 124}, {'structure': '3室2厅2卫', 'area': 95, 'total_price': 137}, {'structure': '3室2厅2卫', 'area': 96, 'total_price': 139}]"
3,东能银滩,17000,70,22.773779,114.65768500000001,0,[]
4,牧云溪谷,800,70,22.811487,114.33306499999999,6,"[{'structure': '5室5厅6卫', 'area': 239, 'total_price': 900}, {'structure': '5室5厅6卫', 'area': 241, 'total_price': 900}, {'structure': '5室5厅6卫', 'area': 238, 'total_price': 900}, {'structure': '6室6厅6卫', 'area': 254, 'total_price': 1300}, {'structure': '6室6厅6卫', 'area': 265, 'total_price': 1400}, {'structure': '6室6厅6卫', 'area': 256, 'total_price': 1400}]"
5,长通熙园,13500,70,22.78024,114.48235600000001,0,[]
6,生源2018,13000,70,22.756957999999997,114.48064299999999,0,[]
7,时代英之皇·廊桥,11600,70,22.813831,114.476021,0,[]
8,浅水湾,13500,70,22.77223552184,114.65210851836001,5,"[{'structure': '1室1厅1卫', 'area': 44, 'total_price': 63}, {'structure': '2室2厅1卫', 'area': 69, 'total_price': 95}, {'structure': '2室2厅1卫', 'area': 68, 'total_price': 95}, {'structure': '3室2厅1卫', 'area': 83, 'total_price': 116}, {'structure': '3室2厅1卫', 'area': 87, 'total_price': 121}]"
9,小径海岸城花园,11000,70,22.800143,114.704927,20,"[{'structure': '4室2厅2卫', 'area': 140, 'total_price': 154}, {'structure': '3室2厅1卫', 'area': 90, 'total_price': 99}, {'structure': '3室2厅2卫', 'area': 116, 'total_price': 127}, {'structure': '1室1厅1卫', 'area': 55, 'total_price': 60}, {'structure': '1室1厅1卫', 'area': 46, 'total_price': 60}, {'structure': '2室2厅1卫', 'area': 71, 'total_price': 78}, {'structure': '2室2厅1卫', 'area': 72, 'total_price': 79}, {'structure': '2室2厅1卫', 'area': 75, 'total_price': 82}, {'structure': '2室2厅1卫', 'area': 78, 'total_price': 85}, {'structure': '2室2厅1卫', 'area': 82, 'total_price': 90}, {'structure': '2室2厅2卫', 'area': 82, 'total_price': 90}, {'structure': '3室2厅1卫', 'area': 87, 'total_price': 95}, {'structure': '2室2厅2卫', 'area': 88, 'total_price': 96}, {'structure': '2室2厅1卫', 'area': 91, 'total_price': 100}, {'structure': '3室2厅1卫', 'area': 93, 'total_price': 102}, {'structure': '2室2厅1卫', 'area': 93, 'total_price': 102}, {'structure': '2室2厅1卫', 'area': 97, 'total_price': 106}, {'structure': '3室2厅2卫', 'area': 97, 'total_price': 106}, {'structure': '3室2厅2卫', 'area': 104, 'total_price': 114}, {'structure': '3室2厅2卫', 'area': 113, 'total_price': 124}]"
10,龙光城,16500,70,22.726986,114.4218,2,"[{'structure': '2室2厅2卫', 'area': 97, 'total_price': 145}, {'structure': '4室2厅2卫', 'area': 120, 'total_price': 180}]"
11,三远大爱城,14200,70,22.760658,114.501962,13,"[{'structure': '0室0厅0卫', 'area': 74, 'total_price': 105}, {'structure': '0室0厅0卫', 'area': 74, 'total_price': 105}, {'structure': '3室2厅1卫', 'area': 83, 'total_price': 117}, {'structure': '0室0厅0卫', 'area': 87, 'total_price': 123}, {'structure': '0室0厅0卫', 'area': 88, 'total_price': 124}, {'structure': '3室2厅2卫', 'area': 94, 'total_price': 133}, {'structure': '3室2厅2卫', 'area': 97, 'total_price': 137}, {'structure': '0室0厅0卫', 'area': 105, 'total_price': 149}, {'structure': '3室1厅2卫', 'area': 105, 'total_price': 149}, {'structure': '4室2厅2卫', 'area': 113, 'total_price': 160}, {'structure': '4室2厅2卫', 'area': 113, 'total_price': 160}, {'structure': '4室2厅2卫', 'area': 127, 'total_price': 180}, {'structure': '5室2厅2卫', 'area': 141, 'total_price': 200}]"
12,檀悦都喜天丽度假酒店,24000,70,22.614852,114.918151,0,[]
13,碧桂园太东公园上城,14500,70,22.759954999999998,114.50741000000001,2,"[{'structure': '3室2厅2卫', 'area': 110, 'total_price': 150}, {'structure': '4室2厅2卫', 'area': 128, 'total_price': 180}]"
14,碧桂园中萃公园,11000,70,22.743558324625003,114.52479997430001,0,[]
15,新祺园,13500,70,22.819998000000002,114.456456,3,"[{'structure': '2室2厅1卫', 'area': 71, 'total_price': 96}, {'structure': '3室2厅1卫', 'area': 82, 'total_price': 102}, {'structure': '4室2厅2卫', 'area': 129, 'total_price': 162}]"
16,德洲城六期,17500,70,22.753577,114.42878300000001,2,"[{'structure': '2室2厅1卫', 'area': 78, 'total_price': 136}, {'structure': '3室2厅1卫', 'area': 98, 'total_price': 173}]"
17,享海1777,18000,70,22.631704,114.92388000000001,1,"[{'structure': '2室1厅1卫', 'area': 78, 'total_price': 142}]"
18,御蓝湾,14800,70,22.749072,114.47184299999999,1,"[{'structure': '4室2厅2卫', 'area': 138, 'total_price': 210}]"
19,建业深干线,12800,70,22.781322,114.468632,4,"[{'structure': '3室2厅2卫', 'area': 128, 'total_price': 132}, {'structure': '3室2厅2卫', 'area': 139, 'total_price': 143}, {'structure': '2室2厅1卫', 'area': 86, 'total_price': 86}, {'structure': '2室2厅1卫', 'area': 87, 'total_price': 89}]"
20,好益康世纪中心,18000,40,22.786668,114.46201,0,[]
21,九洲玉带湾,13800,70,22.784534,114.43279799999999,12,"[{'structure': '2室2厅2卫', 'area': 80, 'total_price': 110}, {'structure': '2室2厅2卫', 'area': 83, 'total_price': 116}, {'structure': '2室2厅2卫', 'area': 86, 'total_price': 119}, {'structure': '2室2厅2卫', 'area': 88, 'total_price': 121}, {'structure': '2室2厅1卫', 'area': 88, 'total_price': 121}, {'structure': '2室2厅2卫', 'area': 87, 'total_price': 122}, {'structure': '2室2厅2卫', 'area': 87, 'total_price': 123}, {'structure': '1室2厅2卫', 'area': 89, 'total_price': 124}, {'structure': '3室2厅1卫', 'area': 110, 'total_price': 152}, {'structure': '3室2厅1卫', 'area': 120, 'total_price': 165}, {'structure': '4室2厅2卫', 'area': 120, 'total_price': 166}, {'structure': '5室2厅2卫', 'area': 119, 'total_price': 170}]"
22,碧桂园山河城,8300,70,22.890693664344,114.52149235003999,0,[]
23,君跃荃新时代,11500,70,22.754609,114.532124,1,"[{'structure': '3室2厅2卫', 'area': 121, 'total_price': 145}]"
24,大亚湾碧桂园翡翠山,14800,70,22.765568,114.49718,7,"[{'structure': '2室2厅2卫', 'area': 82, 'total_price': 105}, {'structure': '3室2厅1卫', 'area': 98, 'total_price': 125}, {'structure': '3室2厅1卫', 'area': 99, 'total_price': 127}, {'structure': '3室2厅2卫', 'area': 113, 'total_price': 145}, {'structure': '4室2厅2卫', 'area': 143, 'total_price': 183}, {'structure': '4室2厅2卫', 'area': 143, 'total_price': 189}, {'structure': '4室2厅2卫', 'area': 128, 'total_price': 190}]"
25,隆腾盛世,18000,70,22.818998999999998,114.336527,3,"[{'structure': '3室2厅2卫', 'area': 125, 'total_price': 205}, {'structure': '4室2厅2卫', 'area': 125, 'total_price': 251}, {'structure': '5室2厅3卫', 'area': 139, 'total_price': 278}]"
26,天安珑城,15000,70,22.802061263557,114.46470644743,0,[]
27,三和国际花园城,13000,70,22.898789,114.49516200000001,0,[]
28,卓越东部蔚蓝海岸,14000,70,22.749126,114.45301299999998,0,[]
29,宝晟公馆,16500,70,23.063547,114.39991100000002,0,[]
30,锦地繁花,13000,70,22.749968,114.43450800000001,3,"[{'structure': '3室2厅2卫', 'area': 98, 'total_price': 136}, {'structure': '4室2厅2卫', 'area': 128, 'total_price': 161}, {'structure': '5室2厅2卫', 'area': 142, 'total_price': 181}]"
31,合生滨海城,12600,70,22.712997,114.532302,6,"[{'structure': '2室2厅1卫', 'area': 83, 'total_price': 105}, {'structure': '3室2厅2卫', 'area': 92, 'total_price': 116}, {'structure': '2室1厅1卫', 'area': 96, 'total_price': 120}, {'structure': '3室2厅2卫', 'area': 119, 'total_price': 140}, {'structure': '3室2厅2卫', 'area': 130, 'total_price': 170}, {'structure': '4室2厅2卫', 'area': 131, 'total_price': 170}]"
32,福泰嘉和园,11500,70,22.851029,114.27601999999999,0,[]
33,山语龙庭,11900,70,22.810863,114.48321599999998,2,"[{'structure': '3室0厅0卫', 'area': 100, 'total_price': 120}, {'structure': '3室0厅0卫', 'area': 125, 'total_price': 149}]"
34,富盈公馆,9900,70,23.088793749678,114.46609507365,3,"[{'structure': '3室2厅1卫', 'area': 90, 'total_price': 117}, {'structure': '3室2厅2卫', 'area': 99, 'total_price': 128}, {'structure': '3室2厅2卫', 'area': 100, 'total_price': 130}]"
35,锦绣壹号,19000,70,22.749152032329,114.42649965883999,3,"[{'structure': '3室2厅2卫', 'area': 85, 'total_price': 164}, {'structure': '3室2厅2卫', 'area': 85, 'total_price': 166}, {'structure': '4室2厅2卫', 'area': 110, 'total_price': 212}]"
36,海伦堡爱Me城市,12000,70,22.724952078864998,114.53232344873999,1,"[{'structure': '4室2厅2卫', 'area': 128, 'total_price': 140}]"
37,恒大棕榈岛,13800,70,22.798967,114.446279,8,"[{'structure': '3室2厅2卫', 'area': 96, 'total_price': 132}, {'structure': '3室2厅2卫', 'area': 100, 'total_price': 138}, {'structure': '3室2厅2卫', 'area': 108, 'total_price': 149}, {'structure': '3室2厅2卫', 'area': 108, 'total_price': 149}, {'structure': '3室2厅2卫', 'area': 111, 'total_price': 153}, {'structure': '4室2厅2卫', 'area': 124, 'total_price': 171}, {'structure': '4室2厅2卫', 'area': 124, 'total_price': 171}, {'structure': '4室2厅2卫', 'area': 141, 'total_price': 194}]"
38,钻石公馆,13500,70,22.779792,114.45211299999998,3,"[{'structure': '1室1厅1卫', 'area': 33, 'total_price': 45}, {'structure': '1室2厅1卫', 'area': 56, 'total_price': 76}, {'structure': '2室2厅2卫', 'area': 72, 'total_price': 98}]"
39,依云小镇,8200,70,23.170807999999997,114.338081,0,[]
40,佳兆业ICC,17000,50,23.121586999999998,114.426323,0,[]
41,龙宸梧桐郡府,12000,70,23.017324,114.34061399999999,1,"[{'structure': '1室1厅1卫', 'area': 78, 'total_price': 78}]"
42,龙海壹号,13500,70,22.770363,114.47267,0,[]
43,合生滨海城,17000,70,22.712997,114.532302,2,"[{'structure': '5室3厅6卫', 'area': 268, 'total_price': 450}, {'structure': '5室5厅6卫', 'area': 273, 'total_price': 459}]"
44,合生国际新城,11000,70,23.101124,114.468956,1,"[{'structure': '3室2厅2卫', 'area': 120, 'total_price': 132}]"
45,保华铂郡,13000,70,23.029018,114.441321,1,"[{'structure': '4室2厅2卫', 'area': 160, 'total_price': 176}]"
46,双月湾温德姆至尊豪廷度假酒店,22000,70,22.588786,114.901091,1,"[{'structure': '1室1厅1卫', 'area': 58, 'total_price': 116}]"
47,华润小径湾二期,15800,70,22.799094,114.698998,2,"[{'structure': '2室2厅2卫', 'area': 131, 'total_price': 206}, {'structure': '3室2厅2卫', 'area': 160, 'total_price': 252}]"
48,牧云溪谷,19000,70,22.811487,114.33306499999999,0,[]
49,碧桂园翠湖湾,11200,70,22.871063,114.329687,1,"[{'structure': '3室2厅2卫', 'area': 129, 'total_price': 160}]"
50,荣佳国韵,14500,70,22.734984,114.42962299999999,0,[]
51,万科双月湾,11000,70,22.600268,114.889931,1,"[{'structure': '1室1厅1卫', 'area': 42, 'total_price': 46}]"
52,锦河湾,12500,70,22.753493546387,114.44733193855,2,"[{'structure': '2室2厅1卫', 'area': 83, 'total_price': 108}, {'structure': '2室2厅1卫', 'area': 98, 'total_price': 125}]"
53,碧桂园太东天樾湾,13000,70,22.740019,114.555237,1,"[{'structure': '3室2厅1卫', 'area': 90, 'total_price': 117}]"
54,海悦湾,18000,70,22.779932000000002,114.677981,0,[]
55,富力湾,9500,40,22.794688,114.837876,0,[]
56,富力湾,9000,70,22.794688,114.837876,8,"[{'structure': '1室1厅1卫', 'area': 46, 'total_price': 50}, {'structure': '1室1厅1卫', 'area': 51, 'total_price': 56}, {'structure': '1室1厅1卫', 'area': 62, 'total_price': 68}, {'structure': '2室1厅1卫', 'area': 73, 'total_price': 80}, {'structure': '2室1厅1卫', 'area': 85, 'total_price': 93}, {'structure': '2室1厅1卫', 'area': 77, 'total_price': 96}, {'structure': '3室1厅1卫', 'area': 123, 'total_price': 135}, {'structure': '3室1厅1卫', 'area': 111, 'total_price': 138}]"
57,五经山水大观,11000,70,22.996707999999998,114.308191,1,"[{'structure': '4室2厅2卫', 'area': 136, 'total_price': 150}]"
58,宝安虹海湾,12000,70,22.58904,114.91150400000001,2,"[{'structure': '1室0厅1卫', 'area': 51, 'total_price': 62}, {'structure': '1室0厅1卫', 'area': 51, 'total_price': 62}]"
59,鼎浩城,9000,70,23.071514355883004,114.49105378728999,2,"[{'structure': '4室2厅2卫', 'area': 122, 'total_price': 112}, {'structure': '4室2厅2卫', 'area': 122, 'total_price': 114}]"
60,弘诚厚园,7500,70,22.961281,114.707245,1,"[{'structure': '3室2厅2卫', 'area': 102, 'total_price': 77}]"
61,金融街海世界,14000,70,22.685048000000002,114.76045,3,"[{'structure': '1室1厅1卫', 'area': 49, 'total_price': 100}, {'structure': '1室1厅1卫', 'area': 41, 'total_price': 100}, {'structure': '2室1厅1卫', 'area': 68, 'total_price': 100}]"
62,中航维拉庄园,7500,70,22.957197,114.744699,0,[]
63,好益康世纪中心,25000,40,22.786668,114.46201,0,[]
64,雅居乐花园,11500,70,22.815217999999998,114.534348,0,[]
65,佳兆业东江新城,8000,70,23.153230999999998,114.28600300000001,0,[]
66,新力东园,13000,70,22.753801,114.538494,2,"[{'structure': '3室2厅1卫', 'area': 90, 'total_price': 120}, {'structure': '3室2厅2卫', 'area': 106, 'total_price': 135}]"
67,合正东部湾,12000,70,22.783942,114.755548,3,"[{'structure': '1室1厅1卫', 'area': 45, 'total_price': 72}, {'structure': '1室1厅1卫', 'area': 68, 'total_price': 109}, {'structure': '2室1厅1卫', 'area': 110, 'total_price': 143}]"
68,王府·钓鱼台,8500,70,23.170932999999998,114.32578000000001,0,[]
69,雅居乐花园,11000,40,22.815217999999998,114.534348,1,"[{'structure': '0室0厅0卫', 'area': 75, 'total_price': 100}]"
70,海伦堡海伦虹,12000,70,22.74416,114.550824,9,"[{'structure': '2室2厅1卫', 'area': 50, 'total_price': 63}, {'structure': '2室2厅1卫', 'area': 53, 'total_price': 66}, {'structure': '2室2厅1卫', 'area': 55, 'total_price': 69}, {'structure': '2室2厅1卫', 'area': 67, 'total_price': 84}, {'structure': '2室2厅1卫', 'area': 69, 'total_price': 86}, {'structure': '2室2厅1卫', 'area': 72, 'total_price': 90}, {'structure': '2室2厅1卫', 'area': 76, 'total_price': 95}, {'structure': '2室2厅1卫', 'area': 77, 'total_price': 96}, {'structure': '2室2厅1卫', 'area': 80, 'total_price': 100}]"
71,恒福山语海,8600,70,23.168392,114.30712199999999,0,[]
72,诚杰壹中心,45000,40,22.789440482577,114.45962644709999,0,[]
73,保利阳光城,14000,70,22.791331,114.43812199999999,4,"[{'structure': '3室2厅1卫', 'area': 86, 'total_price': 120}, {'structure': '3室2厅2卫', 'area': 96, 'total_price': 134}, {'structure': '4室2厅2卫', 'area': 118, 'total_price': 165}, {'structure': '4室2厅2卫', 'area': 134, 'total_price': 185}]"
74,泰丰泡泡海,32500,70,22.773742000000002,114.656704,0,[]
75,实地常春藤,11000,70,22.897676,114.48926200000001,0,[]
76,壹方水榭,14500,70,22.788132,114.438374,13,"[{'structure': '1室2厅1卫', 'area': 62, 'total_price': 90}, {'structure': '3室2厅1卫', 'area': 75, 'total_price': 108}, {'structure': '3室2厅1卫', 'area': 78, 'total_price': 113}, {'structure': '3室2厅1卫', 'area': 88, 'total_price': 128}, {'structure': '2室2厅1卫', 'area': 89, 'total_price': 136}, {'structure': '2室2厅2卫', 'area': 98, 'total_price': 148}, {'structure': '3室2厅2卫', 'area': 110, 'total_price': 150}, {'structure': '4室2厅2卫', 'area': 106, 'total_price': 153}, {'structure': '3室2厅2卫', 'area': 115, 'total_price': 158}, {'structure': '4室2厅2卫', 'area': 112, 'total_price': 163}, {'structure': '4室2厅2卫', 'area': 118, 'total_price': 172}, {'structure': '3室2厅2卫', 'area': 120, 'total_price': 174}, {'structure': '5室2厅2卫', 'area': 122, 'total_price': 177}]"
77,泰丰泡泡海,25700,70,22.773742000000002,114.656704,0,[]
78,诚杰壹天地,25000,40,22.842332,114.34018799999998,0,[]
79,汇港城,9300,40,23.036822,114.35583500000001,1,"[{'structure': '3室2厅2卫', 'area': 100, 'total_price': 93}]"
80,鑫月广场欢乐海湾,10500,40,23.018724,114.32900900000001,0,[]
81,恒大依山海湾,12500,70,22.716668,114.54023000000001,0,[]
82,乐活188,16000,40,22.777688,114.438864,0,[]
83,锦江海悦中心,15000,70,22.785883,114.46168700000001,4,"[{'structure': '3室2厅2卫', 'area': 107, 'total_price': 160}, {'structure': '3室2厅2卫', 'area': 109, 'total_price': 163}, {'structure': '3室2厅2卫', 'area': 114, 'total_price': 172}, {'structure': '3室2厅2卫', 'area': 114, 'total_price': 172}]"
84,国正·天境湾,16000,70,22.677920999999998,114.755486,3,"[{'structure': '1室1厅1卫', 'area': 52, 'total_price': 84}, {'structure': '2室1厅1卫', 'area': 52, 'total_price': 84}, {'structure': '2室2厅2卫', 'area': 67, 'total_price': 108}]"
85,德威花园城,11100,70,22.837328,114.463599,5,"[{'structure': '3室2厅2卫', 'area': 100, 'total_price': 110}, {'structure': '3室2厅1卫', 'area': 95, 'total_price': 100}, {'structure': '3室2厅2卫', 'area': 100, 'total_price': 110}, {'structure': '4室2厅2卫', 'area': 120, 'total_price': 130}, {'structure': '4室2厅2卫', 'area': 129, 'total_price': 135}]"
86,美泰天街,30000,40,22.764209,114.477428,1,"[{'structure': '1室0厅0卫', 'area': 80, 'total_price': 359}]"
87,新力上园,13700,70,22.770757,114.48866299999999,3,"[{'structure': '3室2厅1卫', 'area': 89, 'total_price': 120}, {'structure': '3室2厅2卫', 'area': 108, 'total_price': 146}, {'structure': '3室2厅2卫', 'area': 116, 'total_price': 156}]"
88,金地天润自在城,13950,70,22.764454,114.460723,2,"[{'structure': '3室0厅0卫', 'area': 83, 'total_price': 110}, {'structure': '3室2厅2卫', 'area': 83, 'total_price': 110}]"
89,福悦铭座,11200,70,22.790497,114.466412,3,"[{'structure': '3室2厅3卫', 'area': 98, 'total_price': 117}, {'structure': '3室2厅2卫', 'area': 109, 'total_price': 132}, {'structure': '5室2厅3卫', 'area': 138, 'total_price': 165}]"
90,御梓园,12500,70,22.771528,114.43976299999999,4,"[{'structure': '2室2厅1卫', 'area': 77, 'total_price': 105}, {'structure': '3室2厅2卫', 'area': 91, 'total_price': 123}, {'structure': '3室2厅2卫', 'area': 112, 'total_price': 151}, {'structure': '4室2厅2卫', 'area': 117, 'total_price': 155}]"
91,博林腾瑞,14300,70,22.731499,114.47501100000001,6,"[{'structure': '3室2厅2卫', 'area': 75, 'total_price': 90}, {'structure': '3室2厅1卫', 'area': 89, 'total_price': 120}, {'structure': '4室2厅2卫', 'area': 109, 'total_price': 150}, {'structure': '4室2厅2卫', 'area': 109, 'total_price': 150}, {'structure': '4室2厅2卫', 'area': 118, 'total_price': 160}, {'structure': '4室2厅2卫', 'area': 128, 'total_price': 170}]"
92,德洲城六期,36000,40,22.753577,114.42878300000001,0,[]
93,壹品名仕大厦,13500,70,22.746577,114.51235700000001,1,"[{'structure': '2室0厅0卫', 'area': 186, 'total_price': 251}]"
94,美悦湾,12500,70,22.750359,114.546757,0,[]
95,荣盛御湖观邸,11200,70,22.731897,114.516147,0,[]
96,金广运·骅府,12300,70,22.779473,114.392261,1,"[{'structure': '3室2厅2卫', 'area': 118, 'total_price': 148}]"
97,实地常春藤,10800,70,22.897676,114.48926200000001,0,[]
98,盛世豪庭,8600,70,22.952386999999998,114.673965,2,"[{'structure': '3室2厅1卫', 'area': 102, 'total_price': 69}, {'structure': '4室2厅2卫', 'area': 131, 'total_price': 85}]"
99,盛世豪庭,6800,40,22.952386999999998,114.673965,1,"[{'structure': '5室2厅2卫', 'area': 151, 'total_price': 103}]"
100,万科双月湾,11000,70,22.600268,114.889931,1,"[{'structure': '0室0厅0卫', 'area': 96, 'total_price': 106}]"
101,海伦堡中侨公馆,12400,70,22.782843,114.471929,3,"[{'structure': '2室2厅1卫', 'area': 69, 'total_price': 96}, {'structure': '2室2厅1卫', 'area': 72, 'total_price': 99}, {'structure': '3室2厅2卫', 'area': 110, 'total_price': 151}]"
102,天盛海湾里,98,70,22.59291,114.897295,0,[]
103,家路壹号,14000,70,22.785854,114.46427800000001,3,"[{'structure': '3室0厅0卫', 'area': 94, 'total_price': 131}, {'structure': '3室0厅0卫', 'area': 103, 'total_price': 144}, {'structure': '4室0厅0卫', 'area': 122, 'total_price': 171}]"
104,和瑞乐府,13600,70,22.73124,114.47378300000001,0,[]
105,中裔玉陇公馆,12300,70,22.814325,114.45613600000001,2,"[{'structure': '3室2厅2卫', 'area': 86, 'total_price': 100}, {'structure': '4室2厅2卫', 'area': 115, 'total_price': 140}]"
106,和风雅轩,8000,70,23.146876000000002,114.148063,2,"[{'structure': '2室2厅1卫', 'area': 82, 'total_price': 66}, {'structure': '3室2厅2卫', 'area': 105, 'total_price': 85}]"
107,新力珑湾,9500,70,22.890063,114.49314,0,[]
108,方圆东江月岛,8400,70,23.168499,114.341071,2,"[{'structure': '3室2厅2卫', 'area': 117, 'total_price': 99}, {'structure': '3室2厅1卫', 'area': 88, 'total_price': 73}]"
109,奥园华府,13500,70,22.741378,114.46111499999999,4,"[{'structure': '3室2厅1卫', 'area': 85, 'total_price': 105}, {'structure': '3室2厅2卫', 'area': 95, 'total_price': 111}, {'structure': '4室2厅2卫', 'area': 105, 'total_price': 136}, {'structure': '4室2厅2卫', 'area': 118, 'total_price': 153}]"
110,方圆东江月岛,330,70,23.168499,114.341071,1,"[{'structure': '3室2厅4卫', 'area': 136, 'total_price': 244}]"
111,御玺山大峡谷,13200,70,22.746817999999998,114.496104,3,"[{'structure': '2室2厅1卫', 'area': 78, 'total_price': 107}, {'structure': '3室2厅2卫', 'area': 96, 'total_price': 131}, {'structure': '3室2厅2卫', 'area': 99, 'total_price': 131}]"
112,实地木槿雅著,9200,70,22.888102,114.49508999999999,4,"[{'structure': '3室2厅2卫', 'area': 95, 'total_price': 103}, {'structure': '3室2厅2卫', 'area': 101, 'total_price': 110}, {'structure': '4室2厅2卫', 'area': 118, 'total_price': 127}, {'structure': '5室2厅2卫', 'area': 130, 'total_price': 140}]"
113,悦玺公馆,12000,70,22.71702,114.53454199999999,2,"[{'structure': '2室2厅1卫', 'area': 68, 'total_price': 82}, {'structure': '2室2厅1卫', 'area': 75, 'total_price': 90}]"
114,丰谷天玺,14000,70,22.749689,114.430877,0,[]
115,碧桂园森林湖,9500,70,22.944966,114.392225,2,"[{'structure': '1室0厅0卫', 'area': 60, 'total_price': 57}, {'structure': '1室1厅1卫', 'area': 60, 'total_price': 57}]"
116,碧桂园润杨溪谷,12500,70,22.846617000000002,114.539876,0,[]
117,碧桂园润杨溪谷,36000,70,22.846617000000002,114.539876,1,"[{'structure': '3室2厅2卫', 'area': 208, 'total_price': 749}]"
118,响水河畔,12000,70,22.750622,114.49836699999999,0,[]
119,中洲公园城,11000,70,22.841679,114.48974199999999,0,[]
120,御城水都,100,70,22.804626000000003,114.46065700000001,0,[]
121,卓洲悦园,13500,70,22.794592,114.49022,4,"[{'structure': '2室2厅2卫', 'area': 108, 'total_price': 100}, {'structure': '2室2厅1卫', 'area': 96, 'total_price': 100}, {'structure': '2室2厅1卫', 'area': 96, 'total_price': 130}, {'structure': '2室2厅2卫', 'area': 95, 'total_price': 130}]"
122,碧桂园天骄公馆,9950,70,23.078044000000002,114.481025,0,[]
123,星河山海半岛,11000,70,22.751573999999998,114.77215,0,[]
124,碧桂园湖光山色,13500,40,22.830319,114.39596599999999,2,"[{'structure': '1室0厅0卫', 'area': 1, 'total_price': 90}, {'structure': '1室0厅0卫', 'area': 1, 'total_price': 100}]"
125,合生愉景湾,7000,70,23.158602,114.567976,1,"[{'structure': '5室2厅3卫', 'area': 220, 'total_price': 154}]"
126,融创玖樟台,11500,70,22.798869,114.430954,0,[]
127,卓越御山海,24000,70,22.605435,114.871844,2,"[{'structure': '2室0厅0卫', 'area': 61, 'total_price': 146}, {'structure': '2室0厅0卫', 'area': 66, 'total_price': 158}]"
128,金海湾公馆,100,70,22.745231,114.550179,4,"[{'structure': '2室2厅1卫', 'area': 89, 'total_price': 113}, {'structure': '3室2厅2卫', 'area': 110, 'total_price': 140}, {'structure': '3室2厅2卫', 'area': 114, 'total_price': 145}, {'structure': '4室2厅2卫', 'area': 133, 'total_price': 168}]"
129,林间漫,12500,70,22.734233,114.47362199999999,4,"[{'structure': '2室2厅1卫', 'area': 82, 'total_price': 106}, {'structure': '2室2厅2卫', 'area': 84, 'total_price': 106}, {'structure': '3室2厅2卫', 'area': 108, 'total_price': 135}, {'structure': '4室2厅2卫', 'area': 122, 'total_price': 152}]"
130,碧桂园十里银滩维港湾,12000,70,22.787511,114.741472,0,[]
131,碧桂园雅豪轩,12000,70,22.742076,114.45035700000001,0,[]
132,合生愉景湾,9200,70,23.158602,114.567976,0,[]
133,新力珑湾,10000,70,22.890063,114.49314,2,"[{'structure': '2室1厅1卫', 'area': 52, 'total_price': 52}, {'structure': '2室1厅1卫', 'area': 52, 'total_price': 52}]"
134,家悦龙庭,13100,70,22.760099,114.478473,0,[]
135,月堤湾畔,13000,70,22.77787,114.44294099999999,4,"[{'structure': '2室2厅1卫', 'area': 83, 'total_price': 105}, {'structure': '2室2厅1卫', 'area': 92, 'total_price': 115}, {'structure': '2室2厅1卫', 'area': 92, 'total_price': 115}, {'structure': '3室2厅1卫', 'area': 111, 'total_price': 138}]"
136,东旭千江月,9800,70,23.15354,114.35718100000001,2,"[{'structure': '3室2厅2卫', 'area': 106, 'total_price': 103}, {'structure': '3室2厅2卫', 'area': 118, 'total_price': 116}]"
137,远望一号花园,7500,70,23.181097,114.27746699999999,11,"[{'structure': '3室2厅2卫', 'area': 112, 'total_price': 84}, {'structure': '3室2厅2卫', 'area': 112, 'total_price': 84}, {'structure': '3室2厅2卫', 'area': 112, 'total_price': 84}, {'structure': '3室2厅2卫', 'area': 126, 'total_price': 94}, {'structure': '3室2厅2卫', 'area': 126, 'total_price': 94}, {'structure': '3室2厅2卫', 'area': 128, 'total_price': 96}, {'structure': '4室2厅2卫', 'area': 147, 'total_price': 110}, {'structure': '4室2厅2卫', 'area': 147, 'total_price': 110}, {'structure': '3室2厅2卫', 'area': 148, 'total_price': 111}, {'structure': '3室2厅2卫', 'area': 129, 'total_price': 97}, {'structure': '4室2厅2卫', 'area': 142, 'total_price': 106}]"
138,中洲半岛城邦,9100,70,23.166037,114.32656100000001,1,"[{'structure': '3室2厅1卫', 'area': 95, 'total_price': 84}]"
139,曦悦湾畔,13000,70,22.768744,114.449927,3,"[{'structure': '3室2厅1卫', 'area': 86, 'total_price': 114}, {'structure': '4室2厅2卫', 'area': 98, 'total_price': 130}, {'structure': '4室2厅2卫', 'area': 113, 'total_price': 150}]"
140,碧桂园太东·蜜柚,13000,70,22.753426,114.456465,2,"[{'structure': '1室2厅1卫', 'area': 61, 'total_price': 81}, {'structure': '2室2厅1卫', 'area': 79, 'total_price': 105}]"
141,仁和美地,12800,70,22.747048,114.508951,1,"[{'structure': '3室1厅2卫', 'area': 96, 'total_price': 100}]"
142,花样年·花好园,12600,70,22.792679999999997,114.486929,6,"[{'structure': '3室2厅1卫', 'area': 89, 'total_price': 112}, {'structure': '3室2厅1卫', 'area': 93, 'total_price': 117}, {'structure': '3室2厅2卫', 'area': 113, 'total_price': 142}, {'structure': '3室2厅2卫', 'area': 120, 'total_price': 151}, {'structure': '4室2厅2卫', 'area': 131, 'total_price': 165}, {'structure': '4室2厅2卫', 'area': 134, 'total_price': 168}]"
143,卓越东部蔚蓝海岸,28000,40,22.749126,114.45301299999998,0,[]
144,花样年家天下,11470,70,22.837502,114.425285,0,[]
145,花样年家天下,18506,70,22.837502,114.425285,0,[]
146,国韵华府,12500,70,22.756467,114.503561,1,"[{'structure': '1室1厅1卫', 'area': 44, 'total_price': 56}]"
147,新华联广场,12500,70,22.750782975409003,114.53469435243,3,"[{'structure': '3室2厅1卫', 'area': 88, 'total_price': 110}, {'structure': '3室2厅2卫', 'area': 95, 'total_price': 118}, {'structure': '4室2厅2卫', 'area': 114, 'total_price': 142}]"
148,润田·双璧湾,13000,70,23.153701,114.36295600000001,6,"[{'structure': '2室2厅1卫', 'area': 105, 'total_price': 100}, {'structure': '2室2厅1卫', 'area': 87, 'total_price': 100}, {'structure': '1室0厅0卫', 'area': 289, 'total_price': 433}, {'structure': '1室0厅0卫', 'area': 323, 'total_price': 484}, {'structure': '1室0厅0卫', 'area': 353, 'total_price': 529}, {'structure': '2室2厅1卫', 'area': 87, 'total_price': 100}]"
149,奥园领寓,12000,40,23.059015,114.44648799999999,2,"[{'structure': '1室1厅1卫', 'area': 30, 'total_price': 36}, {'structure': '1室1厅1卫', 'area': 45, 'total_price': 54}]"
150,碧桂园润杨溪谷,12500,40,22.846617000000002,114.539876,0,[]
151,华润小径湾,12500,70,22.797469,114.70442299999999,0,[]
152,碧桂园·银滩花园,12850,70,22.804315,114.716792,0,[]
153,禹洲嘉誉观澜,9400,70,22.996778,114.30790400000001,2,"[{'structure': '3室2厅1卫', 'area': 88, 'total_price': 79}, {'structure': '3室2厅2卫', 'area': 98, 'total_price': 88}]"
154,碧桂园紫台,10700,70,23.1629,114.388442,0,[]
155,碧桂园御珑府,6500,70,23.395,114.37939399999999,2,"[{'structure': '3室2厅2卫', 'area': 120, 'total_price': 78}, {'structure': '3室2厅2卫', 'area': 120, 'total_price': 78}]"
156,泓华雍东园,5800,70,23.393091000000002,114.371652,0,[]
157,泓华雍东园,10000,70,23.393091000000002,114.371652,0,[]
158,家和大厦,12000,70,22.724508,114.537508,3,"[{'structure': '2室2厅2卫', 'area': 83, 'total_price': 99}, {'structure': '3室2厅2卫', 'area': 99, 'total_price': 118}, {'structure': '3室2厅2卫', 'area': 112, 'total_price': 134}]"
159,上霞湖庭,8500,70,23.125235,114.52373899999999,5,"[{'structure': '2室2厅2卫', 'area': 89, 'total_price': 75}, {'structure': '2室2厅2卫', 'area': 97, 'total_price': 82}, {'structure': '2室2厅2卫', 'area': 98, 'total_price': 83}, {'structure': '3室2厅2卫', 'area': 111, 'total_price': 94}, {'structure': '3室2厅2卫', 'area': 118, 'total_price': 100}]"
160,上霞湖庭,8494,40,23.125235,114.52373899999999,0,[]
161,蓝光雍和园,12000,70,23.070596,114.381864,2,"[{'structure': '3室2厅2卫', 'area': 107, 'total_price': 128}, {'structure': '3室2厅2卫', 'area': 130, 'total_price': 156}]"
162,锦江东尚,11000,70,22.835797,114.440079,3,"[{'structure': '2室2厅1卫', 'area': 67, 'total_price': 73}, {'structure': '3室2厅1卫', 'area': 79, 'total_price': 86}, {'structure': '3室2厅2卫', 'area': 85, 'total_price': 93}]"
163,蓝光雍锦世家,17000,70,23.120271,114.415277,1,"[{'structure': '4室2厅2卫', 'area': 240, 'total_price': 408}]"
164,锦地繁花,14000,40,22.749968,114.43450800000001,0,[]
165,恒大棕榈岛,30000,70,22.798967,114.446279,2,"[{'structure': '4室2厅3卫', 'area': 230, 'total_price': 690}, {'structure': '4室2厅3卫', 'area': 295, 'total_price': 885}]"
166,保利悦公馆,7208,70,22.971297,114.717647,3,"[{'structure': '3室2厅1卫', 'area': 79, 'total_price': 55}, {'structure': '3室2厅2卫', 'area': 89, 'total_price': 62}, {'structure': '4室2厅2卫', 'area': 109, 'total_price': 78}]"
167,时代倾城,9700,70,23.01876,114.36488500000002,2,"[{'structure': '3室2厅2卫', 'area': 100, 'total_price': 95}, {'structure': '4室2厅2卫', 'area': 120, 'total_price': 114}]"
168,昶园,35000,40,22.786082999999998,114.48866000000001,0,[]
169,奥林清华,7300,70,23.187106,114.299443,0,[]
170,碧桂园紫台,30000,40,23.1629,114.388442,1,"[{'structure': '1室0厅0卫', 'area': 76, 'total_price': 229}]"
171,龙光天禧,8700,70,23.186868,114.351234,0,[]
172,龙林上观三期,12700,70,22.830754000000002,114.470265,0,[]
173,碧桂园城市之光,30000,40,22.730774,114.535707,4,"[{'structure': '2室2厅1卫', 'area': 77, 'total_price': 231}, {'structure': '2室2厅1卫', 'area': 80, 'total_price': 240}, {'structure': '2室2厅1卫', 'area': 81, 'total_price': 243}, {'structure': '2室2厅2卫', 'area': 115, 'total_price': 345}]"
174,碧桂园湖光山色,12500,70,22.830319,114.39596599999999,0,[]
175,夏日华府,13500,70,22.732825,114.472958,2,"[{'structure': '3室2厅2卫', 'area': 93, 'total_price': 124}, {'structure': '4室2厅2卫', 'area': 106, 'total_price': 141}]"
176,佳兆业时代·可园,10500,70,23.05817,114.397291,1,"[{'structure': '2室2厅1卫', 'area': 90, 'total_price': 87}]"
177,珑玥公馆,12000,70,22.756801,114.54256000000001,0,[]
178,宏益公园里,9400,70,23.020609,114.36758200000001,3,"[{'structure': '3室2厅2卫', 'area': 96, 'total_price': 90}, {'structure': '3室2厅2卫', 'area': 112, 'total_price': 105}, {'structure': '3室2厅2卫', 'area': 113, 'total_price': 106}]"
179,新力城,11000,70,23.103832999999998,114.48216000000001,0,[]
180,海月半岛,14660,40,22.780322,114.67195500000001,3,"[{'structure': '1室1厅1卫', 'area': 47, 'total_price': 54}, {'structure': '1室1厅1卫', 'area': 67, 'total_price': 77}, {'structure': '1室1厅1卫', 'area': 85, 'total_price': 97}]"
181,海月半岛,14660,70,22.780322,114.67195500000001,0,[]
182,星河丹堤G区,17000,70,22.774654,114.499898,7,"[{'structure': '3室2厅2卫', 'area': 100, 'total_price': 170}, {'structure': '3室2厅2卫', 'area': 116, 'total_price': 208}, {'structure': '4室2厅2卫', 'area': 125, 'total_price': 225}, {'structure': '4室2厅2卫', 'area': 136, 'total_price': 244}, {'structure': '4室2厅2卫', 'area': 150, 'total_price': 270}, {'structure': '5室2厅3卫', 'area': 163, 'total_price': 293}, {'structure': '5室2厅3卫', 'area': 172, 'total_price': 311}]"
183,保利诺楠锦城,14000,70,23.045293,114.30027700000001,3,"[{'structure': '4室3厅4卫', 'area': 146, 'total_price': 204}, {'structure': '4室3厅5卫', 'area': 224, 'total_price': 313}, {'structure': '4室3厅5卫', 'area': 267, 'total_price': 373}]"
184,新力城,14500,70,23.103832999999998,114.48216000000001,2,"[{'structure': '3室2厅0卫', 'area': 164, 'total_price': 239}, {'structure': '3室2厅0卫', 'area': 177, 'total_price': 257}]"
185,天润嘉园,13200,70,22.748441,114.455223,4,"[{'structure': '3室2厅2卫', 'area': 87, 'total_price': 114}, {'structure': '4室2厅2卫', 'area': 95, 'total_price': 125}, {'structure': '4室2厅2卫', 'area': 121, 'total_price': 159}, {'structure': '5室2厅2卫', 'area': 138, 'total_price': 182}]"
186,保利和悦华锦,11000,70,23.184628,114.367236,4,"[{'structure': '3室2厅2卫', 'area': 98, 'total_price': 107}, {'structure': '3室2厅2卫', 'area': 110, 'total_price': 121}, {'structure': '4室2厅2卫', 'area': 125, 'total_price': 140}, {'structure': '4室2厅2卫', 'area': 138, 'total_price': 151}]"
187,新力君悦湾,9400,70,23.024561,114.380228,3,"[{'structure': '3室2厅1卫', 'area': 89, 'total_price': 83}, {'structure': '3室2厅2卫', 'area': 107, 'total_price': 100}, {'structure': '3室2厅2卫', 'area': 116, 'total_price': 109}]"
188,龙光天禧,13000,70,23.186868,114.351234,0,[]
189,中惠·玥园,8700,70,23.131814000000002,114.56326000000001,3,"[{'structure': '3室2厅2卫', 'area': 97, 'total_price': 84}, {'structure': '3室2厅2卫', 'area': 115, 'total_price': 100}, {'structure': '4室2厅2卫', 'area': 134, 'total_price': 116}]"
190,千树晴山,13000,70,22.760184,114.461301,0,[]
191,佳兆业君汇上品,10503,70,23.00722,114.345129,3,"[{'structure': '2室2厅1卫', 'area': 78, 'total_price': 81}, {'structure': '2室2厅2卫', 'area': 98, 'total_price': 102}, {'structure': '3室2厅2卫', 'area': 119, 'total_price': 124}]"
192,珑禧花园,11500,70,22.817943,114.520875,0,[]
193,瀚柏·青柠时代,13000,70,22.762617000000002,114.47863100000001,2,"[{'structure': '2室2厅1卫', 'area': 78, 'total_price': 101}, {'structure': '3室2厅2卫', 'area': 88, 'total_price': 114}]"
194,华兴金盛丽景,12000,70,23.100016,114.454268,9,"[{'structure': '3室2厅2卫', 'area': 120, 'total_price': 100}, {'structure': '3室2厅2卫', 'area': 122, 'total_price': 100}, {'structure': '3室2厅2卫', 'area': 124, 'total_price': 100}, {'structure': '2室2厅1卫', 'area': 78, 'total_price': 100}, {'structure': '3室2厅2卫', 'area': 132, 'total_price': 100}, {'structure': '3室2厅2卫', 'area': 118, 'total_price': 100}, {'structure': '3室2厅2卫', 'area': 100, 'total_price': 100}, {'structure': '3室2厅2卫', 'area': 128, 'total_price': 100}, {'structure': '4室2厅2卫', 'area': 135, 'total_price': 100}]"
195,碧桂园星钻,14000,70,22.734182999999998,114.46596000000001,4,"[{'structure': '3室2厅1卫', 'area': 96, 'total_price': 134}, {'structure': '3室2厅2卫', 'area': 105, 'total_price': 147}, {'structure': '3室2厅2卫', 'area': 113, 'total_price': 158}, {'structure': '4室2厅2卫', 'area': 127, 'total_price': 177}]"
196,嘉宝幸福里,13000,40,22.753641000000002,114.539533,3,"[{'structure': '3室2厅2卫', 'area': 99, 'total_price': 128}, {'structure': '3室2厅2卫', 'area': 113, 'total_price': 146}, {'structure': '3室2厅2卫', 'area': 115, 'total_price': 149}]"
197,美茵河畔花园,13500,70,22.748634,114.44915,0,[]
198,和瑞乐府,13000,70,22.73124,114.47378300000001,8,"[{'structure': '2室2厅2卫', 'area': 84, 'total_price': 107}, {'structure': '2室2厅2卫', 'area': 89, 'total_price': 113}, {'structure': '3室2厅2卫', 'area': 105, 'total_price': 134}, {'structure': '3室2厅2卫', 'area': 104, 'total_price': 144}, {'structure': '3室2厅2卫', 'area': 114, 'total_price': 145}, {'structure': '3室2厅1卫', 'area': 107, 'total_price': 146}, {'structure': '3室2厅2卫', 'area': 111, 'total_price': 151}, {'structure': '4室2厅2卫', 'area': 122, 'total_price': 162}]"
199,龙光玖龙山,9500,70,22.877446,114.48104199999999,0,[]
200,泰丰牧马湖,14000,70,22.754638,114.495342,13,"[{'structure': '3室2厅1卫', 'area': 90, 'total_price': 120}, {'structure': '3室2厅1卫', 'area': 90, 'total_price': 122}, {'structure': '4室2厅2卫', 'area': 104, 'total_price': 140}, {'structure': '4室2厅2卫', 'area': 104, 'total_price': 140}, {'structure': '3室2厅1卫', 'area': 82, 'total_price': 150}, {'structure': '3室2厅2卫', 'area': 85, 'total_price': 157}, {'structure': '4室2厅2卫', 'area': 120, 'total_price': 160}, {'structure': '4室2厅2卫', 'area': 120, 'total_price': 162}, {'structure': '3室2厅2卫', 'area': 96, 'total_price': 177}, {'structure': '3室2厅2卫', 'area': 98, 'total_price': 181}, {'structure': '3室2厅2卫', 'area': 102, 'total_price': 188}, {'structure': '4室2厅2卫', 'area': 115, 'total_price': 212}, {'structure': '4室2厅2卫', 'area': 105, 'total_price': 153}]"
201,佳兆业山海湾,12750,70,22.791857,114.761853,1,"[{'structure': '1室1厅1卫', 'area': 48, 'total_price': 57}]"
202,当代MOMA,12000,70,22.721212784612998,114.53992685007,1,"[{'structure': '1室1厅1卫', 'area': 42, 'total_price': 55}]"
