,name,price,year,x,y,house_type_num,house_structure_area
0,泰禾金府大院,1400,70,39.810066,116.372739,1,"[{'structure': '4室2厅3卫', 'area': 175, 'total_price': 1400}]"
1,公园十七区,55711,70,40.113174,116.540682,3,"[{'structure': '3室2厅2卫', 'area': 90, 'total_price': 475}, {'structure': '4室2厅2卫', 'area': 120, 'total_price': 720}, {'structure': '4室3厅3卫', 'area': 144, 'total_price': 820}]"
2,中铁·诺德春风和院,67702,70,39.818788,116.32255,0,[]
3,中海丽春湖墅·温榆府,470,70,40.148503999999996,116.30041000000001,2,"[{'structure': '2室2厅1卫', 'area': 89, 'total_price': 470}, {'structure': '3室2厅1卫', 'area': 89, 'total_price': 460}]"
4,金地·大湖风华,330,70,39.776027,116.10038999999999,3,"[{'structure': '1室2厅1卫', 'area': 67, 'total_price': 265}, {'structure': '3室2厅1卫', 'area': 89, 'total_price': 295}, {'structure': '4室2厅2卫', 'area': 139, 'total_price': 540}]"
5,华萃西山,47000,70,39.888628999999995,116.100292,3,"[{'structure': '3室2厅1卫', 'area': 85, 'total_price': 440}, {'structure': '3室2厅2卫', 'area': 95, 'total_price': 494}, {'structure': '4室2厅2卫', 'area': 128, 'total_price': 666}]"
6,天恒水岸壹号,1000,70,39.726110999999996,116.16326299999999,4,"[{'structure': '3室3厅2卫', 'area': 191, 'total_price': 1100}, {'structure': '3室3厅2卫', 'area': 184, 'total_price': 1100}, {'structure': '4室3厅2卫', 'area': 189, 'total_price': 1200}, {'structure': '4室3厅2卫', 'area': 198, 'total_price': 1300}]"
7,观唐云鼎,460,70,40.455648,116.84027900000001,1,"[{'structure': '4室2厅3卫', 'area': 170, 'total_price': 460}]"
8,运河铭著,46000,70,39.956565999999995,116.658301,2,"[{'structure': '2室1厅1卫', 'area': 100, 'total_price': 550}, {'structure': '3室1厅2卫', 'area': 140, 'total_price': 770}]"
9,万年广阳郡九号,48500,70,39.725153999999996,116.200453,2,"[{'structure': '3室2厅2卫', 'area': 139, 'total_price': 680}, {'structure': '3室2厅2卫', 'area': 166, 'total_price': 820}]"
10,首开璞瑅公馆,106000,70,39.867298,116.449343,1,"[{'structure': '4室2厅3卫', 'area': 236, 'total_price': 2500}]"
11,华远裘马四季,60000,70,39.945947,116.107551,3,"[{'structure': '4室2厅2卫', 'area': 190, 'total_price': 1100}, {'structure': '3室2厅2卫', 'area': 156, 'total_price': 980}, {'structure': '3室2厅2卫', 'area': 166, 'total_price': 950}]"
12,懋源钓云台,2900,70,39.851665000000004,116.31619599999999,1,"[{'structure': '4室2厅3卫', 'area': 251, 'total_price': 3263}]"
13,V7九间堂,1700,70,39.931934000000005,116.68669799999999,4,"[{'structure': '4室2厅3卫', 'area': 220, 'total_price': 1700}, {'structure': '5室2厅2卫', 'area': 270, 'total_price': 2000}, {'structure': '8室5厅8卫', 'area': 420, 'total_price': 3000}, {'structure': '6室0厅0卫', 'area': 420, 'total_price': 3000}]"
14,北京城建国誉府,48000,70,39.744695,116.200584,7,"[{'structure': '4室2厅4卫', 'area': 297, 'total_price': 1000}, {'structure': '4室2厅2卫', 'area': 162, 'total_price': 700}, {'structure': '4室2厅2卫', 'area': 165, 'total_price': 730}, {'structure': '3室2厅2卫', 'area': 143, 'total_price': 757}, {'structure': '4室2厅3卫', 'area': 176, 'total_price': 932}, {'structure': '5室2厅3卫', 'area': 189, 'total_price': 950}, {'structure': '5室2厅3卫', 'area': 253, 'total_price': 1400}]"
15,御汤山熙园,1800,70,40.192075,116.388617,11,"[{'structure': '4室4厅3卫', 'area': 313, 'total_price': 1800}, {'structure': '4室6厅2卫', 'area': 300, 'total_price': 1850}, {'structure': '4室4厅3卫', 'area': 455, 'total_price': 1865}, {'structure': '4室5厅3卫', 'area': 470, 'total_price': 1920}, {'structure': '4室4厅3卫', 'area': 355, 'total_price': 1953}, {'structure': '4室4厅3卫', 'area': 380, 'total_price': 1970}, {'structure': '4室4厅3卫', 'area': 343, 'total_price': 2180}, {'structure': '4室4厅3卫', 'area': 377, 'total_price': 2188}, {'structure': '4室4厅3卫', 'area': 396, 'total_price': 2258}, {'structure': '4室4厅3卫', 'area': 385, 'total_price': 2300}, {'structure': '4室4厅3卫', 'area': 420, 'total_price': 2520}]"
16,华远和墅,1580,70,39.709971,116.40793400000001,2,"[{'structure': '5室5厅4卫', 'area': 295, 'total_price': 1580}, {'structure': '5室4厅5卫', 'area': 295, 'total_price': 1580}]"
17,天资华府,45000,70,39.769564,116.173584,0,[]
18,檀香府,55000,70,39.884543,116.06206,4,"[{'structure': '3室2厅3卫', 'area': 208, 'total_price': 1060}, {'structure': '3室2厅2卫', 'area': 245, 'total_price': 1250}, {'structure': '4室2厅5卫', 'area': 304, 'total_price': 1670}, {'structure': '4室2厅5卫', 'area': 320, 'total_price': 1870}]"
19,观山源墅,47500,70,39.743572,116.17126299999998,4,"[{'structure': '3室5厅4卫', 'area': 300, 'total_price': 1200}, {'structure': '3室2厅4卫', 'area': 290, 'total_price': 1300}, {'structure': '5室2厅3卫', 'area': 330, 'total_price': 1500}, {'structure': '3室2厅4卫', 'area': 437, 'total_price': 2075}]"
20,中国铁建花语金郡,71000,70,39.779121,116.45176699999999,1,"[{'structure': '3室2厅2卫', 'area': 150, 'total_price': 1060}]"
21,中国铁建万科翡翠长安,57000,70,39.910432,116.144003,5,"[{'structure': '3室2厅3卫', 'area': 166, 'total_price': 950}, {'structure': '3室2厅3卫', 'area': 198, 'total_price': 1300}, {'structure': '3室2厅3卫', 'area': 204, 'total_price': 1200}, {'structure': '3室2厅3卫', 'area': 172, 'total_price': 1030}, {'structure': '3室2厅3卫', 'area': 172, 'total_price': 1100}]"
22,电建金地华宸,64000,70,39.906928,116.135361,3,"[{'structure': '3室2厅3卫', 'area': 247, 'total_price': 1700}, {'structure': '3室2厅2卫', 'area': 185, 'total_price': 1200}, {'structure': '3室2厅3卫', 'area': 180, 'total_price': 1500}]"
23,北辰墅院1900,43000,70,40.189702000000004,116.658326,0,[]
24,首创天阅西山,1500,70,40.084165000000006,116.25164,2,"[{'structure': '4室2厅2卫', 'area': 180, 'total_price': 1530}, {'structure': '4室2厅3卫', 'area': 211, 'total_price': 1800}]"
25,西山燕庐,65000,70,39.906721999999995,116.131409,9,"[{'structure': '4室2厅2卫', 'area': 165, 'total_price': 1150}, {'structure': '4室2厅2卫', 'area': 140, 'total_price': 850}, {'structure': '4室2厅2卫', 'area': 172, 'total_price': 980}, {'structure': '4室2厅2卫', 'area': 141, 'total_price': 960}, {'structure': '4室2厅2卫', 'area': 153, 'total_price': 1040}, {'structure': '4室2厅2卫', 'area': 169, 'total_price': 1060}, {'structure': '4室2厅2卫', 'area': 171, 'total_price': 1074}, {'structure': '4室2厅2卫', 'area': 161, 'total_price': 1100}, {'structure': '4室2厅2卫', 'area': 165, 'total_price': 1110}]"
26,北科建泰禾丽春湖院子,1020,70,40.148134000000006,116.30528999999999,4,"[{'structure': '6室2厅7卫', 'area': 468, 'total_price': 2700}, {'structure': '6室4厅8卫', 'area': 800, 'total_price': 3840}, {'structure': '5室4厅7卫', 'area': 600, 'total_price': 3180}, {'structure': '5室3厅8卫', 'area': 485, 'total_price': 2790}]"
27,绿地海珀云翡,67000,70,39.749653,116.35475500000001,4,"[{'structure': '2室2厅2卫', 'area': 102, 'total_price': 690}, {'structure': '3室2厅2卫', 'area': 135, 'total_price': 893}, {'structure': '3室2厅3卫', 'area': 158, 'total_price': 1025}, {'structure': '3室2厅3卫', 'area': 178, 'total_price': 1190}]"
28,都丽华府,300,70,40.139378,117.111254,7,"[{'structure': '2室2厅2卫', 'area': 125, 'total_price': 360}, {'structure': '3室2厅2卫', 'area': 133, 'total_price': 383}, {'structure': '2室2厅2卫', 'area': 131, 'total_price': 377}, {'structure': '2室2厅1卫', 'area': 90, 'total_price': 306}, {'structure': '2室2厅2卫', 'area': 145, 'total_price': 496}, {'structure': '3室2厅2卫', 'area': 147, 'total_price': 500}, {'structure': '3室2厅2卫', 'area': 172, 'total_price': 584}]"
29,中粮京西祥云,58000,70,39.806363,116.226324,2,"[{'structure': '4室2厅2卫', 'area': 125, 'total_price': 700}, {'structure': '4室2厅3卫', 'area': 140, 'total_price': 800}]"
30,中昂时代广场,100000,40,39.949929,116.102869,0,[]
31,燕西华府,49800,70,39.801425,116.116607,2,"[{'structure': '4室2厅2卫', 'area': 125, 'total_price': 650}, {'structure': '1室2厅1卫', 'area': 60, 'total_price': 312}]"
32,远洋新天地,70000,40,39.908921,116.13136899999999,0,[]
33,天恒水岸壹号,600,70,39.726110999999996,116.16326299999999,5,"[{'structure': '2室2厅2卫', 'area': 108, 'total_price': 500}, {'structure': '3室2厅2卫', 'area': 122, 'total_price': 600}, {'structure': '3室2厅2卫', 'area': 122, 'total_price': 600}, {'structure': '4室2厅2卫', 'area': 138, 'total_price': 635}, {'structure': '4室2厅2卫', 'area': 138, 'total_price': 723}]"
34,紫辰院,120000,70,39.887553999999994,116.288146,2,"[{'structure': '4室2厅3卫', 'area': 266, 'total_price': 3192}, {'structure': '5室2厅4卫', 'area': 345, 'total_price': 4140}]"
35,天恒摩墅,370,70,39.686392,115.96331799999999,13,"[{'structure': '3室2厅2卫', 'area': 138, 'total_price': 350}, {'structure': '3室2厅2卫', 'area': 148, 'total_price': 350}, {'structure': '3室2厅3卫', 'area': 140, 'total_price': 370}, {'structure': '3室2厅3卫', 'area': 140, 'total_price': 414}, {'structure': '3室2厅3卫', 'area': 140, 'total_price': 425}, {'structure': '3室2厅3卫', 'area': 157, 'total_price': 430}, {'structure': '3室2厅3卫', 'area': 140, 'total_price': 440}, {'structure': '3室2厅3卫', 'area': 134, 'total_price': 400}, {'structure': '3室2厅3卫', 'area': 141, 'total_price': 400}, {'structure': '3室2厅3卫', 'area': 136, 'total_price': 412}, {'structure': '3室2厅3卫', 'area': 142, 'total_price': 412}, {'structure': '3室2厅3卫', 'area': 141, 'total_price': 415}, {'structure': '3室2厅3卫', 'area': 162, 'total_price': 460}]"
36,兴创荣墅,1100,70,39.671617,116.64352,4,"[{'structure': '3室2厅3卫', 'area': 240, 'total_price': 850}, {'structure': '3室2厅3卫', 'area': 305, 'total_price': 950}, {'structure': '4室2厅5卫', 'area': 349, 'total_price': 1350}, {'structure': '5室2厅4卫', 'area': 411, 'total_price': 1650}]"
37,景粼原著,4000,70,40.062753,116.542654,1,"[{'structure': '4室3厅4卫', 'area': 479, 'total_price': 4000}]"
38,首创禧瑞山,830,70,40.21628,116.67147299999999,2,"[{'structure': '3室2厅3卫', 'area': 141, 'total_price': 680}, {'structure': '3室2厅3卫', 'area': 226, 'total_price': 720}]"
39,观山源墅,47500,70,39.743572,116.17126299999998,4,"[{'structure': '3室2厅2卫', 'area': 92, 'total_price': 420}, {'structure': '4室2厅3卫', 'area': 142, 'total_price': 650}, {'structure': '4室2厅3卫', 'area': 150, 'total_price': 680}, {'structure': '3室2厅2卫', 'area': 96, 'total_price': 460}]"
40,北辰墅院1900,43000,70,40.189702000000004,116.658326,2,"[{'structure': '3室2厅2卫', 'area': 120, 'total_price': 508}, {'structure': '3室2厅2卫', 'area': 136, 'total_price': 585}]"
41,利锦府府上,60000,70,39.972428,116.55489299999999,2,"[{'structure': '5室2厅3卫', 'area': 280, 'total_price': 1700}, {'structure': '4室2厅3卫', 'area': 304, 'total_price': 1730}]"
42,中骏西山天璟,65000,70,39.942772999999995,116.116969,3,"[{'structure': '4室2厅2卫', 'area': 117, 'total_price': 700}, {'structure': '4室2厅3卫', 'area': 135, 'total_price': 860}, {'structure': '4室2厅2卫', 'area': 155, 'total_price': 950}]"
43,泰禾昌平拾景园,1100,70,40.21268,116.29141899999999,4,"[{'structure': '6室2厅4卫', 'area': 246, 'total_price': 1200}, {'structure': '3室2厅4卫', 'area': 381, 'total_price': 1400}, {'structure': '4室2厅6卫', 'area': 422, 'total_price': 1600}, {'structure': '5室2厅3卫', 'area': 210, 'total_price': 1100}]"
44,国瑞熙墅,1400,70,40.122664,116.46788400000001,2,"[{'structure': '3室3厅2卫', 'area': 314, 'total_price': 1500}, {'structure': '3室3厅3卫', 'area': 329, 'total_price': 1700}]"
45,领秀翡翠墅,51000,70,39.805071999999996,116.17329699999999,3,"[{'structure': '4室2厅3卫', 'area': 187, 'total_price': 835}, {'structure': '3室2厅2卫', 'area': 137, 'total_price': 668}, {'structure': '3室2厅2卫', 'area': 153, 'total_price': 695}]"
46,华润西山墅,760,70,39.917619,116.11461000000001,2,"[{'structure': '4室2厅3卫', 'area': 175, 'total_price': 780}, {'structure': '3室2厅2卫', 'area': 126, 'total_price': 630}]"
47,北京怡园,46000,70,40.236596,116.269667,11,"[{'structure': '3室2厅1卫', 'area': 95, 'total_price': 430}, {'structure': '3室2厅1卫', 'area': 95, 'total_price': 440}, {'structure': '3室2厅1卫', 'area': 95, 'total_price': 440}, {'structure': '3室2厅1卫', 'area': 106, 'total_price': 490}, {'structure': '3室2厅2卫', 'area': 110, 'total_price': 500}, {'structure': '3室2厅2卫', 'area': 114, 'total_price': 530}, {'structure': '3室2厅2卫', 'area': 123, 'total_price': 565}, {'structure': '4室2厅2卫', 'area': 157, 'total_price': 730}, {'structure': '4室2厅2卫', 'area': 170, 'total_price': 780}, {'structure': '2室2厅1卫', 'area': 70, 'total_price': 354}, {'structure': '2室2厅1卫', 'area': 70, 'total_price': 354}]"
48,丽景长安,52000,70,39.910391,116.115159,4,"[{'structure': '4室2厅2卫', 'area': 190, 'total_price': 1000}, {'structure': '4室2厅2卫', 'area': 180, 'total_price': 950}, {'structure': '4室2厅2卫', 'area': 155, 'total_price': 800}, {'structure': '3室2厅2卫', 'area': 152, 'total_price': 780}]"
49,中冶德贤公馆,1430,70,39.824778,116.433481,2,"[{'structure': '4室2厅2卫', 'area': 215, 'total_price': 1400}, {'structure': '3室2厅2卫', 'area': 186, 'total_price': 1250}]"
50,燕西华府,52000,70,39.801425,116.116607,9,"[{'structure': '6室5厅9卫', 'area': 851, 'total_price': 5000}, {'structure': '6室4厅7卫', 'area': 430, 'total_price': 2400}, {'structure': '7室5厅8卫', 'area': 580, 'total_price': 3400}, {'structure': '4室2厅4卫', 'area': 351, 'total_price': 1760}, {'structure': '4室2厅4卫', 'area': 424, 'total_price': 2200}, {'structure': '4室2厅4卫', 'area': 195, 'total_price': 850}, {'structure': '4室2厅4卫', 'area': 260, 'total_price': 950}, {'structure': '4室2厅4卫', 'area': 260, 'total_price': 950}, {'structure': '6室4厅6卫', 'area': 360, 'total_price': 1700}]"
51,天恒京西悦府,38000,70,39.737127,116.110147,2,"[{'structure': '3室2厅1卫', 'area': 96, 'total_price': 370}, {'structure': '3室2厅2卫', 'area': 120, 'total_price': 430}]"
52,尚峯壹號,33000,50,40.217544000000004,116.512404,0,[]
53,林肯公园二期B区,40000,50,39.812195,116.50199599999999,0,[]
54,合景中心,65000,50,39.914002,116.68726799999999,5,"[{'structure': '3室2厅2卫', 'area': 110, 'total_price': 715}, {'structure': '3室2厅2卫', 'area': 101, 'total_price': 656}, {'structure': '3室2厅2卫', 'area': 114, 'total_price': 740}, {'structure': '2室2厅1卫', 'area': 77, 'total_price': 480}, {'structure': '3室2厅2卫', 'area': 109, 'total_price': 710}]"
55,中粮天恒天悦壹号,82000,70,39.811038,116.372227,5,"[{'structure': '4室2厅2卫', 'area': 126, 'total_price': 1030}, {'structure': '4室2厅2卫', 'area': 130, 'total_price': 1060}, {'structure': '4室2厅3卫', 'area': 138, 'total_price': 1130}, {'structure': '4室2厅3卫', 'area': 150, 'total_price': 1250}, {'structure': '4室2厅3卫', 'area': 175, 'total_price': 1450}]"
56,万科大都会滨江N2,65000,50,39.929877000000005,116.66543999999999,9,"[{'structure': '3室2厅2卫', 'area': 143, 'total_price': 929}, {'structure': '3室2厅2卫', 'area': 149, 'total_price': 968}, {'structure': '3室2厅2卫', 'area': 167, 'total_price': 1085}, {'structure': '3室2厅2卫', 'area': 190, 'total_price': 1137}, {'structure': '3室2厅2卫', 'area': 174, 'total_price': 1148}, {'structure': '3室2厅2卫', 'area': 179, 'total_price': 1180}, {'structure': '3室2厅2卫', 'area': 175, 'total_price': 1254}, {'structure': '4室2厅2卫', 'area': 226, 'total_price': 1500}, {'structure': '3室3厅3卫', 'area': 275, 'total_price': 1870}]"
57,香悦四季,562,70,40.186753,116.66592299999999,2,"[{'structure': '4室2厅2卫', 'area': 159, 'total_price': 690}, {'structure': '4室2厅2卫', 'area': 302, 'total_price': 1300}]"
58,K2十里春风,28400,70,39.71526,116.79440100000001,4,"[{'structure': '2室2厅1卫', 'area': 73, 'total_price': 199}, {'structure': '3室2厅1卫', 'area': 89, 'total_price': 252}, {'structure': '2室2厅1卫', 'area': 77, 'total_price': 215}, {'structure': '2室2厅1卫', 'area': 79, 'total_price': 215}]"
59,K2十里春风,500,70,39.71526,116.79440100000001,2,"[{'structure': '3室2厅2卫', 'area': 155, 'total_price': 500}, {'structure': '3室2厅2卫', 'area': 156, 'total_price': 500}]"
60,奥园北京源墅,370,70,40.480442,116.84749,4,"[{'structure': '3室2厅2卫', 'area': 120, 'total_price': 370}, {'structure': '3室2厅3卫', 'area': 132, 'total_price': 410}, {'structure': '3室2厅4卫', 'area': 180, 'total_price': 450}, {'structure': '4室2厅4卫', 'area': 240, 'total_price': 570}]"
61,北京城建·龙樾西山,55000,70,39.908589,116.114925,3,"[{'structure': '3室2厅2卫', 'area': 118, 'total_price': 630}, {'structure': '3室2厅2卫', 'area': 118, 'total_price': 660}, {'structure': '4室2厅2卫', 'area': 134, 'total_price': 760}]"
62,华远和墅,1350,40,39.709971,116.40793400000001,0,[]
63,玺萌壹號院,99500,70,39.852956,116.370515,4,"[{'structure': '5室3厅5卫', 'area': 496, 'total_price': 4500}, {'structure': '5室3厅5卫', 'area': 457, 'total_price': 4500}, {'structure': '5室3厅5卫', 'area': 548, 'total_price': 4700}, {'structure': '5室3厅5卫', 'area': 471, 'total_price': 4700}]"
64,首开住总熙悦安郡,79500,70,39.838732,116.454454,5,"[{'structure': '3室2厅2卫', 'area': 110, 'total_price': 875}, {'structure': '3室2厅2卫', 'area': 137, 'total_price': 1090}, {'structure': '2室2厅1卫', 'area': 83, 'total_price': 660}, {'structure': '2室2厅1卫', 'area': 84, 'total_price': 665}, {'structure': '3室2厅2卫', 'area': 106, 'total_price': 840}]"
65,远洋新天地,38000,50,39.908921,116.13136899999999,0,[]
66,台湖银河湾,1100,70,39.820133,116.58962199999999,2,"[{'structure': '3室2厅3卫', 'area': 146, 'total_price': 1100}, {'structure': '5室2厅3卫', 'area': 200, 'total_price': 1300}]"
67,棠颂别墅璟庐,1900,70,39.792225,116.486577,4,"[{'structure': '4室2厅4卫', 'area': 250, 'total_price': 1900}, {'structure': '4室2厅4卫', 'area': 250, 'total_price': 1900}, {'structure': '4室2厅4卫', 'area': 270, 'total_price': 2100}, {'structure': '4室2厅4卫', 'area': 270, 'total_price': 2300}]"
68,首开保利欢乐大都汇,30000,50,39.902566,116.114874,0,[]
69,首开保利欢乐大都汇,65000,40,39.902566,116.114874,0,[]
70,中铁华侨城和园,55000,70,39.782313,116.45263100000001,13,"[{'structure': '3室2厅2卫', 'area': 153, 'total_price': 1025}, {'structure': '3室2厅2卫', 'area': 153, 'total_price': 1025}, {'structure': '3室2厅2卫', 'area': 121, 'total_price': 810}, {'structure': '3室2厅2卫', 'area': 121, 'total_price': 810}, {'structure': '3室2厅2卫', 'area': 125, 'total_price': 838}, {'structure': '3室2厅2卫', 'area': 135, 'total_price': 905}, {'structure': '3室2厅2卫', 'area': 135, 'total_price': 905}, {'structure': '3室2厅2卫', 'area': 139, 'total_price': 931}, {'structure': '2室2厅2卫', 'area': 221, 'total_price': 1480}, {'structure': '3室2厅2卫', 'area': 258, 'total_price': 1729}, {'structure': '2室2厅2卫', 'area': 278, 'total_price': 1863}, {'structure': '3室2厅2卫', 'area': 285, 'total_price': 1910}, {'structure': '3室2厅2卫', 'area': 295, 'total_price': 1976}]"
71,中海北京世家,1800,70,39.785967,116.48688700000001,4,"[{'structure': '4室3厅4卫', 'area': 300, 'total_price': 3200}, {'structure': '4室4厅4卫', 'area': 280, 'total_price': 1800}, {'structure': '4室3厅4卫', 'area': 300, 'total_price': 2000}, {'structure': '6室4厅4卫', 'area': 380, 'total_price': 3600}]"
72,中海北京世家,58000,70,39.785967,116.48688700000001,2,"[{'structure': '5室2厅6卫', 'area': 370, 'total_price': 2200}, {'structure': '6室4厅4卫', 'area': 380, 'total_price': 2280}]"
73,东方蓝海中心,55000,70,40.118891999999995,116.47493899999999,5,"[{'structure': '3室2厅1卫', 'area': 104, 'total_price': 590}, {'structure': '3室2厅2卫', 'area': 120, 'total_price': 680}, {'structure': '3室2厅2卫', 'area': 123, 'total_price': 710}, {'structure': '4室2厅2卫', 'area': 136, 'total_price': 770}, {'structure': '4室2厅2卫', 'area': 136, 'total_price': 785}]"
74,顺鑫颐和天璟,405,70,40.226286,116.682915,2,"[{'structure': '4室2厅2卫', 'area': 132, 'total_price': 578}, {'structure': '3室2厅2卫', 'area': 108, 'total_price': 408}]"
75,顺鑫颐和天璟,870,70,40.226286,116.682915,4,"[{'structure': '3室2厅3卫', 'area': 241, 'total_price': 875}, {'structure': '4室2厅4卫', 'area': 391, 'total_price': 1300}, {'structure': '4室2厅4卫', 'area': 486, 'total_price': 1400}, {'structure': '3室2厅3卫', 'area': 307, 'total_price': 875}]"
76,誉天下盛寓,65000,70,40.064794,116.564373,0,[]
77,未来公元,60800,70,40.123616,116.47221100000002,3,"[{'structure': '3室2厅1卫', 'area': 104, 'total_price': 635}, {'structure': '3室2厅2卫', 'area': 136, 'total_price': 793}, {'structure': '4室2厅2卫', 'area': 147, 'total_price': 897}]"
78,住总香榭8号,1450,70,39.897858,116.483324,2,"[{'structure': '3室1厅2卫', 'area': 139, 'total_price': 1450}, {'structure': '3室1厅2卫', 'area': 145, 'total_price': 1500}]"
79,通州万国城MOMA,71000,70,39.901559000000006,116.678416,6,"[{'structure': '3室2厅2卫', 'area': 117, 'total_price': 860}, {'structure': '3室2厅2卫', 'area': 141, 'total_price': 1000}, {'structure': '3室2厅2卫', 'area': 149, 'total_price': 1050}, {'structure': '3室2厅2卫', 'area': 112, 'total_price': 800}, {'structure': '3室2厅2卫', 'area': 137, 'total_price': 970}, {'structure': '3室2厅2卫', 'area': 145, 'total_price': 990}]"
80,领秀翡翠墅,1430,70,39.805071999999996,116.17329699999999,8,"[{'structure': '5室3厅4卫', 'area': 270, 'total_price': 1400}, {'structure': '5室3厅4卫', 'area': 270, 'total_price': 1500}, {'structure': '5室3厅4卫', 'area': 270, 'total_price': 1500}, {'structure': '5室3厅4卫', 'area': 270, 'total_price': 1500}, {'structure': '4室3厅4卫', 'area': 335, 'total_price': 2000}, {'structure': '5室3厅4卫', 'area': 270, 'total_price': 1400}, {'structure': '5室3厅4卫', 'area': 320, 'total_price': 1800}, {'structure': '5室3厅4卫', 'area': 320, 'total_price': 1850}]"
81,奥园北京源墅,23000,70,40.480442,116.84749,1,"[{'structure': '3室2厅2卫', 'area': 110, 'total_price': 250}]"
82,翡翠公园,1100,70,40.112533,116.43586299999998,2,"[{'structure': '4室3厅3卫', 'area': 260, 'total_price': 1300}, {'structure': '4室4厅6卫', 'area': 350, 'total_price': 2300}]"
83,北京城建北京合院,47000,70,40.107848,116.673809,1,"[{'structure': '3室2厅2卫', 'area': 120, 'total_price': 600}]"
84,北京金茂府,2500,70,39.8474,116.43611899999999,2,"[{'structure': '3室2厅3卫', 'area': 206, 'total_price': 2100}, {'structure': '4室2厅3卫', 'area': 233, 'total_price': 2400}]"
85,中骏西山天璟,63000,70,39.942772999999995,116.116969,3,"[{'structure': '4室2厅3卫', 'area': 140, 'total_price': 968}, {'structure': '4室2厅3卫', 'area': 140, 'total_price': 928}, {'structure': '4室2厅4卫', 'area': 220, 'total_price': 1280}]"
86,珠光御景西园,40000,70,39.825641999999995,116.18320200000001,3,"[{'structure': '3室2厅2卫', 'area': 117, 'total_price': 480}, {'structure': '3室2厅2卫', 'area': 136, 'total_price': 620}, {'structure': '4室2厅2卫', 'area': 156, 'total_price': 780}]"
87,和光尘樾,79800,70,39.96946,116.572846,2,"[{'structure': '3室2厅3卫', 'area': 220, 'total_price': 1730}, {'structure': '4室2厅3卫', 'area': 290, 'total_price': 2300}]"
88,融尚未来,1250,70,40.123903000000006,116.472175,2,"[{'structure': '3室2厅2卫', 'area': 138, 'total_price': 800}, {'structure': '4室2厅3卫', 'area': 220, 'total_price': 1276}]"
89,和光尘樾,3800,70,39.96946,116.572846,1,"[{'structure': '5室3厅4卫', 'area': 380, 'total_price': 3800}]"
90,国锐金嵿,78000,70,39.796455,116.515648,1,"[{'structure': '4室2厅4卫', 'area': 285, 'total_price': 2200}]"
91,首开香溪郡,45500,70,40.014325,116.67668,9,"[{'structure': '4室2厅2卫', 'area': 138, 'total_price': 690}, {'structure': '3室2厅1卫', 'area': 105, 'total_price': 410}, {'structure': '3室2厅1卫', 'area': 90, 'total_price': 410}, {'structure': '3室2厅2卫', 'area': 117, 'total_price': 510}, {'structure': '4室2厅2卫', 'area': 126, 'total_price': 540}, {'structure': '4室2厅2卫', 'area': 162, 'total_price': 630}, {'structure': '4室2厅3卫', 'area': 190, 'total_price': 750}, {'structure': '5室2厅3卫', 'area': 207, 'total_price': 950}, {'structure': '4室2厅2卫', 'area': 147, 'total_price': 669}]"
92,西山艺境华墅,42000,70,39.936296,116.103954,0,[]
93,天润福熙大道,88000,70,40.055139000000004,116.44233,3,"[{'structure': '4室2厅3卫', 'area': 199, 'total_price': 1700}, {'structure': '4室2厅3卫', 'area': 251, 'total_price': 2300}, {'structure': '3室2厅3卫', 'area': 219, 'total_price': 1920}]"
94,京贸国际公馆,660,70,39.890582,116.64026299999999,0,[]
95,凯德麓语,35000,70,40.244788,116.48573300000001,9,"[{'structure': '5室3厅5卫', 'area': 517, 'total_price': 1700}, {'structure': '8室2厅7卫', 'area': 607, 'total_price': 2400}, {'structure': '5室4厅5卫', 'area': 739, 'total_price': 2900}, {'structure': '5室8厅6卫', 'area': 863, 'total_price': 3450}, {'structure': '4室6厅9卫', 'area': 752, 'total_price': 2900}, {'structure': '3室3厅3卫', 'area': 280, 'total_price': 750}, {'structure': '3室3厅4卫', 'area': 360, 'total_price': 1000}, {'structure': '4室5厅6卫', 'area': 480, 'total_price': 1400}, {'structure': '5室8厅7卫', 'area': 516, 'total_price': 1700}]"
96,招商都会湾,400,70,40.224502,116.284274,2,"[{'structure': '3室2厅1卫', 'area': 88, 'total_price': 400}, {'structure': '4室2厅2卫', 'area': 135, 'total_price': 645}]"
97,京贸国际城·峰景,72000,70,39.925159,116.690996,9,"[{'structure': '1室2厅1卫', 'area': 69, 'total_price': 492}, {'structure': '2室2厅1卫', 'area': 75, 'total_price': 549}, {'structure': '1室2厅1卫', 'area': 78, 'total_price': 552}, {'structure': '2室2厅1卫', 'area': 88, 'total_price': 584}, {'structure': '2室2厅1卫', 'area': 88, 'total_price': 613}, {'structure': '2室2厅1卫', 'area': 91, 'total_price': 661}, {'structure': '2室2厅1卫', 'area': 96, 'total_price': 676}, {'structure': '3室2厅2卫', 'area': 124, 'total_price': 906}, {'structure': '3室2厅2卫', 'area': 140, 'total_price': 1027}]"
98,华润西山墅,1700,70,39.917619,116.11461000000001,4,"[{'structure': '5室3厅5卫', 'area': 447, 'total_price': 2100}, {'structure': '4室3厅5卫', 'area': 408, 'total_price': 1850}, {'structure': '4室3厅5卫', 'area': 338, 'total_price': 1900}, {'structure': '5室3厅5卫', 'area': 440, 'total_price': 2050}]"
99,观唐云鼎,31000,70,40.455648,116.84027900000001,2,"[{'structure': '4室3厅4卫', 'area': 138, 'total_price': 550}, {'structure': '5室3厅4卫', 'area': 190, 'total_price': 720}]"
100,北京城建琨廷,28000,70,39.678855,116.07251399999998,3,"[{'structure': '3室2厅2卫', 'area': 138, 'total_price': 448}, {'structure': '3室2厅3卫', 'area': 176, 'total_price': 563}, {'structure': '3室2厅2卫', 'area': 140, 'total_price': 455}]"
101,保利首开天誉,4000,70,39.972662,116.53688000000001,3,"[{'structure': '3室2厅4卫', 'area': 350, 'total_price': 3800}, {'structure': '4室2厅2卫', 'area': 160, 'total_price': 2100}, {'structure': '2室1厅2卫', 'area': 300, 'total_price': 2900}]"
102,浅山香邑,270,70,40.153174,116.942687,3,"[{'structure': '2室2厅1卫', 'area': 89, 'total_price': 280}, {'structure': '3室2厅1卫', 'area': 107, 'total_price': 300}, {'structure': '3室2厅2卫', 'area': 130, 'total_price': 330}]"
103,梵悦108,150000,70,39.912465000000005,116.471579,5,"[{'structure': '2室2厅2卫', 'area': 188, 'total_price': 3300}, {'structure': '2室2厅2卫', 'area': 213, 'total_price': 3800}, {'structure': '2室2厅2卫', 'area': 260, 'total_price': 4100}, {'structure': '1室2厅1卫', 'area': 124, 'total_price': 2300}, {'structure': '1室1厅1卫', 'area': 108, 'total_price': 2300}]"
104,旭辉城,35000,70,39.686661,116.14314099999999,3,"[{'structure': '2室2厅1卫', 'area': 75, 'total_price': 260}, {'structure': '3室2厅1卫', 'area': 89, 'total_price': 320}, {'structure': '3室2厅1卫', 'area': 116, 'total_price': 420}]"
105,首创远洋禧瑞天著,52695,70,39.800093,116.581598,2,"[{'structure': '2室2厅1卫', 'area': 89, 'total_price': 430}, {'structure': '3室2厅1卫', 'area': 89, 'total_price': 430}]"
106,世茂西山龙胤,4000,70,40.107991,116.21068500000001,3,"[{'structure': '5室2厅4卫', 'area': 680, 'total_price': 4000}, {'structure': '7室3厅5卫', 'area': 860, 'total_price': 4400}, {'structure': '9室3厅6卫', 'area': 1280, 'total_price': 6500}]"
107,华润理想国,49520,70,40.109739000000005,116.426317,4,"[{'structure': '3室2厅1卫', 'area': 90, 'total_price': 440}, {'structure': '3室2厅1卫', 'area': 90, 'total_price': 440}, {'structure': '3室2厅2卫', 'area': 120, 'total_price': 620}, {'structure': '4室2厅2卫', 'area': 140, 'total_price': 720}]"
108,首开保利熙悦林语,1100,70,39.789016,116.44728899999998,3,"[{'structure': '4室2厅3卫', 'area': 220, 'total_price': 1100}, {'structure': '4室2厅2卫', 'area': 220, 'total_price': 1100}, {'structure': '3室2厅3卫', 'area': 280, 'total_price': 1500}]"
109,檀香府,50000,70,39.884543,116.06206,5,"[{'structure': '4室2厅2卫', 'area': 124, 'total_price': 480}, {'structure': '3室2厅2卫', 'area': 135, 'total_price': 685}, {'structure': '3室2厅2卫', 'area': 135, 'total_price': 685}, {'structure': '3室2厅2卫', 'area': 135, 'total_price': 685}, {'structure': '3室2厅2卫', 'area': 170, 'total_price': 860}]"
110,金融街金悦府,55016,70,39.72503,116.32510900000001,18,"[{'structure': '2室2厅1卫', 'area': 84, 'total_price': 412}, {'structure': '2室2厅1卫', 'area': 88, 'total_price': 431}, {'structure': '3室2厅1卫', 'area': 88, 'total_price': 435}, {'structure': '3室2厅1卫', 'area': 89, 'total_price': 450}, {'structure': '2室2厅1卫', 'area': 83, 'total_price': 451}, {'structure': '2室2厅1卫', 'area': 84, 'total_price': 457}, {'structure': '2室2厅1卫', 'area': 85, 'total_price': 472}, {'structure': '3室2厅1卫', 'area': 89, 'total_price': 484}, {'structure': '2室2厅1卫', 'area': 89, 'total_price': 486}, {'structure': '2室2厅1卫', 'area': 89, 'total_price': 488}, {'structure': '3室2厅1卫', 'area': 88, 'total_price': 489}, {'structure': '3室2厅1卫', 'area': 89, 'total_price': 496}, {'structure': '2室2厅1卫', 'area': 89, 'total_price': 496}, {'structure': '3室2厅2卫', 'area': 126, 'total_price': 704}, {'structure': '3室2厅2卫', 'area': 129, 'total_price': 722}, {'structure': '2室2厅1卫', 'area': 73, 'total_price': 370}, {'structure': '2室2厅1卫', 'area': 80, 'total_price': 380}, {'structure': '2室2厅1卫', 'area': 85, 'total_price': 468}]"
111,中海丽春湖墅·温榆府,1100,70,40.148503999999996,116.30041000000001,1,"[{'structure': '5室4厅5卫', 'area': 304, 'total_price': 1100}]"
112,祥云赋,55583,70,40.112889,116.534901,1,"[{'structure': '3室2厅1卫', 'area': 90, 'total_price': 490}]"
113,泰禾金府大院,3000,70,39.810066,116.372739,2,"[{'structure': '4室2厅4卫', 'area': 362, 'total_price': 3000}, {'structure': '4室2厅4卫', 'area': 504, 'total_price': 4000}]"
114,中海金樾和著,37000,70,39.687518,116.143413,2,"[{'structure': '3室2厅1卫', 'area': 89, 'total_price': 320}, {'structure': '3室2厅1卫', 'area': 127, 'total_price': 480}]"
115,金地悦风华,55000,70,39.776909,116.35716299999999,4,"[{'structure': '3室2厅2卫', 'area': 89, 'total_price': 480}, {'structure': '3室2厅2卫', 'area': 89, 'total_price': 500}, {'structure': '2室2厅2卫', 'area': 100, 'total_price': 564}, {'structure': '3室2厅2卫', 'area': 134, 'total_price': 737}]"
116,颐璟万和,55016,70,39.727724,116.32467,6,"[{'structure': '4室2厅2卫', 'area': 135, 'total_price': 780}, {'structure': '3室2厅1卫', 'area': 85, 'total_price': 477}, {'structure': '3室2厅1卫', 'area': 85, 'total_price': 477}, {'structure': '4室2厅2卫', 'area': 133, 'total_price': 753}, {'structure': '2室2厅1卫', 'area': 80, 'total_price': 433}, {'structure': '2室2厅1卫', 'area': 85, 'total_price': 457}]"
117,和悦华锦,52695,70,39.753325,116.501075,2,"[{'structure': '3室2厅1卫', 'area': 89, 'total_price': 460}, {'structure': '4室2厅2卫', 'area': 135, 'total_price': 705}]"
118,和悦华玺,49800,70,40.107271999999995,116.43057900000001,4,"[{'structure': '3室2厅1卫', 'area': 89, 'total_price': 450}, {'structure': '3室2厅1卫', 'area': 89, 'total_price': 450}, {'structure': '3室2厅1卫', 'area': 89, 'total_price': 450}, {'structure': '4室2厅2卫', 'area': 129, 'total_price': 653}]"
119,尊悦光华,1700,70,39.918679,116.46353500000001,4,"[{'structure': '3室2厅2卫', 'area': 135, 'total_price': 1700}, {'structure': '3室2厅2卫', 'area': 133, 'total_price': 1850}, {'structure': '3室2厅2卫', 'area': 170, 'total_price': 2000}, {'structure': '3室2厅2卫', 'area': 171, 'total_price': 2000}]"
120,天竺悦府,59500,70,40.06763,116.57387800000001,2,"[{'structure': '3室2厅2卫', 'area': 125, 'total_price': 770}, {'structure': '4室2厅2卫', 'area': 132, 'total_price': 870}]"
121,北京城建海梓府,1400,70,39.764599,116.48885600000001,2,"[{'structure': '5室2厅4卫', 'area': 360, 'total_price': 1550}, {'structure': '4室2厅3卫', 'area': 280, 'total_price': 1400}]"
122,新潮嘉园二期,58500,70,39.939938,116.70323700000002,2,"[{'structure': '1室1厅1卫', 'area': 65, 'total_price': 385}, {'structure': '2室1厅1卫', 'area': 80, 'total_price': 468}]"
123,朝青知筑,78000,70,39.932399,116.57605600000001,2,"[{'structure': '3室2厅2卫', 'area': 140, 'total_price': 1060}, {'structure': '2室2厅2卫', 'area': 121, 'total_price': 820}]"
124,中海云筑,340,70,39.636361,116.31456100000001,2,"[{'structure': '3室2厅1卫', 'area': 89, 'total_price': 340}, {'structure': '3室2厅1卫', 'area': 89, 'total_price': 340}]"
125,中海云筑,719,70,39.636361,116.31456100000001,1,"[{'structure': '4室3厅6卫', 'area': 266, 'total_price': 860}]"
126,远洋五里春秋,52024,70,39.962912,116.15635800000001,3,"[{'structure': '3室2厅2卫', 'area': 90, 'total_price': 420}, {'structure': '3室2厅2卫', 'area': 90, 'total_price': 420}, {'structure': '4室2厅3卫', 'area': 130, 'total_price': 700}]"
127,绿城西府海棠,52024,70,39.968823,116.131202,7,"[{'structure': '3室2厅1卫', 'area': 90, 'total_price': 415}, {'structure': '3室2厅1卫', 'area': 90, 'total_price': 415}, {'structure': '3室2厅1卫', 'area': 90, 'total_price': 415}, {'structure': '3室2厅2卫', 'area': 90, 'total_price': 415}, {'structure': '3室2厅2卫', 'area': 100, 'total_price': 510}, {'structure': '4室2厅2卫', 'area': 130, 'total_price': 676}, {'structure': '3室2厅2卫', 'area': 135, 'total_price': 710}]"
128,和锦薇棠,88000,70,39.930279,116.582057,3,"[{'structure': '4室2厅2卫', 'area': 178, 'total_price': 1300}, {'structure': '5室3厅3卫', 'area': 183, 'total_price': 1700}, {'structure': '5室3厅3卫', 'area': 290, 'total_price': 2000}]"
129,首创·河著,820,70,40.226825,116.530579,4,"[{'structure': '4室2厅4卫', 'area': 248, 'total_price': 1400}, {'structure': '4室2厅4卫', 'area': 275, 'total_price': 1600}, {'structure': '4室2厅4卫', 'area': 292, 'total_price': 1800}, {'structure': '4室2厅4卫', 'area': 310, 'total_price': 1900}]"
130,招商雍合府,55800,70,39.748598,116.327706,7,"[{'structure': '2室2厅1卫', 'area': 84, 'total_price': 440}, {'structure': '2室2厅1卫', 'area': 88, 'total_price': 460}, {'structure': '2室2厅1卫', 'area': 86, 'total_price': 460}, {'structure': '2室2厅1卫', 'area': 87, 'total_price': 460}, {'structure': '2室2厅1卫', 'area': 88, 'total_price': 518}, {'structure': '3室2厅2卫', 'area': 118, 'total_price': 670}, {'structure': '4室2厅2卫', 'area': 131, 'total_price': 740}]"
131,金隅·金麟府,52695,70,39.756671999999995,116.499641,3,"[{'structure': '3室2厅1卫', 'area': 89, 'total_price': 468}, {'structure': '3室2厅2卫', 'area': 114, 'total_price': 600}, {'structure': '4室2厅2卫', 'area': 141, 'total_price': 743}]"
132,住总正华·时代广场,55000,40,39.689609000000004,116.326121,0,[]
133,天瑞宸章,1500,70,40.059871,116.53751899999999,2,"[{'structure': '4室3厅4卫', 'area': 288, 'total_price': 1500}, {'structure': '4室3厅4卫', 'area': 375, 'total_price': 1700}]"
134,首创远洋·禧瑞春秋,68924,70,40.056569,116.53573300000001,4,"[{'structure': '4室3厅3卫', 'area': 266, 'total_price': 1610}, {'structure': '4室3厅3卫', 'area': 350, 'total_price': 1670}, {'structure': '4室2厅4卫', 'area': 450, 'total_price': 2300}, {'structure': '4室2厅4卫', 'area': 500, 'total_price': 2700}]"
135,东方太阳城,2100,70,40.087052,116.72222099999999,7,"[{'structure': '6室4厅6卫', 'area': 466, 'total_price': 2100}, {'structure': '5室4厅6卫', 'area': 473, 'total_price': 2100}, {'structure': '5室4厅6卫', 'area': 486, 'total_price': 2200}, {'structure': '6室4厅6卫', 'area': 411, 'total_price': 2400}, {'structure': '5室5厅6卫', 'area': 445, 'total_price': 2400}, {'structure': '6室4厅6卫', 'area': 555, 'total_price': 3000}, {'structure': '6室5厅7卫', 'area': 609, 'total_price': 4000}]"
136,壹亮马,98000,70,39.972235999999995,116.509822,3,"[{'structure': '4室2厅3卫', 'area': 195, 'total_price': 1900}, {'structure': '3室2厅3卫', 'area': 171, 'total_price': 1700}, {'structure': '4室2厅4卫', 'area': 234, 'total_price': 2300}]"
137,中粮天恒天悦壹号,2000,70,39.811038,116.372227,4,"[{'structure': '5室2厅4卫', 'area': 250, 'total_price': 1900}, {'structure': '5室2厅5卫', 'area': 220, 'total_price': 2000}, {'structure': '5室3厅4卫', 'area': 280, 'total_price': 2700}, {'structure': '5室3厅5卫', 'area': 280, 'total_price': 2800}]"
138,中海云熙,37700,70,39.687728,116.428964,2,"[{'structure': '3室2厅2卫', 'area': 89, 'total_price': 335}, {'structure': '2室2厅1卫', 'area': 76, 'total_price': 285}]"
139,龙湾别墅,1335,70,40.087744,116.51683500000001,2,"[{'structure': '4室2厅3卫', 'area': 218, 'total_price': 1299}, {'structure': '5室2厅4卫', 'area': 265, 'total_price': 1800}]"
140,大兴金茂悦,37500,70,39.689762,116.42493799999998,4,"[{'structure': '3室2厅1卫', 'area': 88, 'total_price': 360}, {'structure': '4室2厅2卫', 'area': 104, 'total_price': 430}, {'structure': '3室2厅1卫', 'area': 80, 'total_price': 330}, {'structure': '2室1厅1卫', 'area': 74, 'total_price': 300}]"
141,珠江阙,73000,70,39.922728,116.686668,1,"[{'structure': '4室2厅3卫', 'area': 330, 'total_price': 2450}]"
142,远洋五里春秋,1300,70,39.962912,116.15635800000001,2,"[{'structure': '5室3厅3卫', 'area': 330, 'total_price': 1300}, {'structure': '4室2厅3卫', 'area': 500, 'total_price': 1800}]"
143,林肯时代,39800,50,39.796668,116.509623,0,[]
144,通泰国际公馆,52000,70,39.786254,116.56610800000001,3,"[{'structure': '2室1厅1卫', 'area': 89, 'total_price': 450}, {'structure': '2室1厅1卫', 'area': 88, 'total_price': 450}, {'structure': '1室1厅1卫', 'area': 53, 'total_price': 280}]"
145,首开熙悦观湖,280,70,39.790938,116.070517,1,"[{'structure': '3室2厅2卫', 'area': 89, 'total_price': 280}]"
146,金辰府,53000,70,40.123614,116.431273,2,"[{'structure': '3室2厅1卫', 'area': 89, 'total_price': 430}, {'structure': '4室2厅2卫', 'area': 143, 'total_price': 760}]"
147,熙湖悦著,34000,70,39.775016,116.101455,3,"[{'structure': '2室1厅1卫', 'area': 73, 'total_price': 261}, {'structure': '3室1厅1卫', 'area': 83, 'total_price': 281}, {'structure': '4室2厅2卫', 'area': 353, 'total_price': 800}]"
148,观承别墅·大家,700,70,40.131423,116.501295,0,[]
149,葛洲坝中国府,125000,70,39.85321,116.318634,3,"[{'structure': '3室2厅3卫', 'area': 185, 'total_price': 2000}, {'structure': '4室2厅3卫', 'area': 210, 'total_price': 2500}, {'structure': '4室2厅3卫', 'area': 240, 'total_price': 2800}]"
150,华萃西山,780,70,39.888628999999995,116.100292,2,"[{'structure': '4室2厅3卫', 'area': 135, 'total_price': 780}, {'structure': '4室2厅3卫', 'area': 220, 'total_price': 1080}]"
151,葛洲坝北京紫郡兰园,53000,70,40.051753000000005,116.21768999999999,0,[]
152,首开琅樾二期,2618,70,40.058085,116.522457,1,"[{'structure': '4室2厅3卫', 'area': 205, 'total_price': 1280}]"
153,信达·国子郡,380,70,40.170867,116.27901899999999,4,"[{'structure': '2室2厅1卫', 'area': 79, 'total_price': 384}, {'structure': '3室2厅1卫', 'area': 89, 'total_price': 406}, {'structure': '3室2厅1卫', 'area': 89, 'total_price': 440}, {'structure': '3室2厅2卫', 'area': 115, 'total_price': 560}]"
154,华业玫瑰东筑,56000,70,39.881496999999996,116.69568899999999,7,"[{'structure': '1室1厅1卫', 'area': 58, 'total_price': 340}, {'structure': '2室2厅1卫', 'area': 97, 'total_price': 500}, {'structure': '2室2厅1卫', 'area': 103, 'total_price': 550}, {'structure': '3室1厅1卫', 'area': 131, 'total_price': 680}, {'structure': '3室2厅1卫', 'area': 138, 'total_price': 720}, {'structure': '3室2厅1卫', 'area': 142, 'total_price': 740}, {'structure': '3室2厅1卫', 'area': 143, 'total_price': 740}]"
155,保利和光逸境,840,70,39.896907,116.27601399999999,3,"[{'structure': '4室2厅3卫', 'area': 187, 'total_price': 1600}, {'structure': '3室1厅2卫', 'area': 108, 'total_price': 930}, {'structure': '3室2厅2卫', 'area': 143, 'total_price': 1230}]"
156,北京东湾,68500,70,39.917255,116.649955,0,[]
157,天恒世界集,55000,40,39.775778,116.36475300000001,0,[]
158,富兴首府,85000,70,39.974309999999996,116.540175,3,"[{'structure': '3室2厅2卫', 'area': 144, 'total_price': 1250}, {'structure': '3室2厅2卫', 'area': 155, 'total_price': 1300}, {'structure': '4室2厅3卫', 'area': 189, 'total_price': 1700}]"
159,中铁诺德阅墅,1200,70,40.094929,116.50406699999999,3,"[{'structure': '4室3厅3卫', 'area': 220, 'total_price': 1200}, {'structure': '4室3厅4卫', 'area': 314, 'total_price': 1500}, {'structure': '5室4厅5卫', 'area': 320, 'total_price': 1700}]"
160,世茂国风长安,2300,70,39.899057,116.242709,0,[]
161,金地·大湖风华,500,70,39.776027,116.10038999999999,2,"[{'structure': '4室2厅3卫', 'area': 139, 'total_price': 540}, {'structure': '4室2厅3卫', 'area': 139, 'total_price': 700}]"
162,懋源·璟岳,2300,70,39.855647999999995,116.334175,1,"[{'structure': '3室2厅3卫', 'area': 218, 'total_price': 2900}]"
163,懋源·璟岳,5500,70,39.855647999999995,116.334175,2,"[{'structure': '4室3厅7卫', 'area': 465, 'total_price': 5500}, {'structure': '4室3厅6卫', 'area': 590, 'total_price': 9000}]"
164,山屿西山著,53000,70,40.053795,116.21486499999999,3,"[{'structure': '3室2厅3卫', 'area': 225, 'total_price': 1300}, {'structure': '3室2厅3卫', 'area': 225, 'total_price': 1300}, {'structure': '4室2厅3卫', 'area': 225, 'total_price': 1800}]"
165,御世佳府,1300,70,39.950849,116.706401,3,"[{'structure': '5室2厅3卫', 'area': 222, 'total_price': 1300}, {'structure': '4室2厅3卫', 'area': 227, 'total_price': 1300}, {'structure': '4室2厅6卫', 'area': 264, 'total_price': 1600}]"
166,碧桂园世奥龙鼎,300,70,40.445493,115.976396,2,"[{'structure': '3室2厅1卫', 'area': 89, 'total_price': 230}, {'structure': '4室2厅2卫', 'area': 135, 'total_price': 375}]"
167,合景天汇广场,38000,70,40.214764,116.66721799999999,4,"[{'structure': '3室2厅2卫', 'area': 89, 'total_price': 330}, {'structure': '3室2厅2卫', 'area': 95, 'total_price': 430}, {'structure': '3室2厅2卫', 'area': 110, 'total_price': 430}, {'structure': '4室2厅2卫', 'area': 117, 'total_price': 530}]"
168,金地旭辉·江山风华,55800,70,39.746921,116.32850800000001,2,"[{'structure': '3室2厅2卫', 'area': 89, 'total_price': 480}, {'structure': '4室2厅2卫', 'area': 136, 'total_price': 700}]"
169,水岸雁栖,35000,70,40.381913,116.680723,0,[]
170,京投发展公园悦府,500,70,40.09707,116.35813200000001,9,"[{'structure': '3室2厅2卫', 'area': 136, 'total_price': 765}, {'structure': '2室2厅1卫', 'area': 86, 'total_price': 495}, {'structure': '2室2厅1卫', 'area': 87, 'total_price': 540}, {'structure': '3室2厅2卫', 'area': 113, 'total_price': 650}, {'structure': '3室2厅1卫', 'area': 136, 'total_price': 750}, {'structure': '3室2厅2卫', 'area': 125, 'total_price': 760}, {'structure': '4室2厅2卫', 'area': 152, 'total_price': 900}, {'structure': '2室1厅1卫', 'area': 87, 'total_price': 507}, {'structure': '3室1厅2卫', 'area': 118, 'total_price': 700}]"
171,阳光城君山墅,28000,70,40.452357,116.834805,5,"[{'structure': '3室2厅4卫', 'area': 312, 'total_price': 750}, {'structure': '4室1厅3卫', 'area': 329, 'total_price': 880}, {'structure': '4室3厅4卫', 'area': 328, 'total_price': 907}, {'structure': '3室2厅4卫', 'area': 365, 'total_price': 920}, {'structure': '3室2厅4卫', 'area': 316, 'total_price': 1130}]"
172,公园懿府,74000,70,39.807053,116.37481899999999,5,"[{'structure': '3室2厅2卫', 'area': 132, 'total_price': 1050}, {'structure': '3室2厅2卫', 'area': 132, 'total_price': 1050}, {'structure': '3室2厅2卫', 'area': 127, 'total_price': 980}, {'structure': '3室2厅2卫', 'area': 115, 'total_price': 820}, {'structure': '3室2厅2卫', 'area': 115, 'total_price': 820}]"
173,万科观承别墅,4900,70,40.130512,116.49939599999999,1,"[{'structure': '5室4厅8卫', 'area': 500, 'total_price': 5600}]"
174,兴创屹墅,2900,70,39.773896,116.343751,1,"[{'structure': '5室3厅5卫', 'area': 464, 'total_price': 3200}]"
175,恒大华府,88000,70,39.973219,116.54458999999999,2,"[{'structure': '4室1厅3卫', 'area': 271, 'total_price': 2700}, {'structure': '5室1厅4卫', 'area': 338, 'total_price': 3200}]"
176,天恒乐墅,738,70,39.719440999999996,116.08633200000001,4,"[{'structure': '4室2厅3卫', 'area': 191, 'total_price': 787}, {'structure': '4室2厅2卫', 'area': 184, 'total_price': 875}, {'structure': '4室2厅3卫', 'area': 196, 'total_price': 921}, {'structure': '4室2厅3卫', 'area': 204, 'total_price': 962}]"
177,中粮瑞府,4600,70,40.053734000000006,116.52656100000002,6,"[{'structure': '8室2厅5卫', 'area': 468, 'total_price': 4600}, {'structure': '5室2厅3卫', 'area': 883, 'total_price': 12000}, {'structure': '8室2厅6卫', 'area': 645, 'total_price': 6500}, {'structure': '3室2厅3卫', 'area': 541, 'total_price': 3900}, {'structure': '3室3厅4卫', 'area': 501, 'total_price': 3900}, {'structure': '3室2厅4卫', 'area': 470, 'total_price': 4200}]"
178,MAHA缦合北京,135000,70,39.969477000000005,116.483483,2,"[{'structure': '4室3厅5卫', 'area': 450, 'total_price': 6230}, {'structure': '5室3厅6卫', 'area': 520, 'total_price': 9360}]"
179,林肯时代,39800,50,39.796668,116.509623,0,[]
180,公园懿府,74000,70,39.807053,116.37481899999999,5,"[{'structure': '3室2厅2卫', 'area': 132, 'total_price': 1050}, {'structure': '3室2厅2卫', 'area': 132, 'total_price': 1050}, {'structure': '3室2厅2卫', 'area': 127, 'total_price': 980}, {'structure': '3室2厅2卫', 'area': 115, 'total_price': 820}, {'structure': '3室2厅2卫', 'area': 115, 'total_price': 820}]"
181,卓越万科翡翠山晓,425,70,39.960285999999996,116.14690900000001,1,"[{'structure': '3室2厅1卫', 'area': 89, 'total_price': 425}]"
182,观承别墅·大家,1600,70,40.131423,116.501295,0,[]
183,山屿西山著,53000,70,40.053795,116.21486499999999,3,"[{'structure': '3室2厅3卫', 'area': 225, 'total_price': 1300}, {'structure': '3室2厅3卫', 'area': 225, 'total_price': 1300}, {'structure': '4室2厅3卫', 'area': 225, 'total_price': 1800}]"
184,中粮天恒天悦壹号,2000,70,39.811038,116.372227,4,"[{'structure': '5室2厅4卫', 'area': 250, 'total_price': 1900}, {'structure': '5室2厅5卫', 'area': 220, 'total_price': 2000}, {'structure': '5室3厅4卫', 'area': 280, 'total_price': 2700}, {'structure': '5室3厅5卫', 'area': 280, 'total_price': 2800}]"
185,龙湾别墅,1335,70,40.087744,116.51683500000001,2,"[{'structure': '4室2厅3卫', 'area': 218, 'total_price': 1299}, {'structure': '5室2厅4卫', 'area': 265, 'total_price': 1800}]"
186,远洋五里春秋,1300,70,39.962912,116.15635800000001,2,"[{'structure': '5室3厅3卫', 'area': 330, 'total_price': 1300}, {'structure': '4室2厅3卫', 'area': 500, 'total_price': 1800}]"
187,观承别墅·大家,700,70,40.131423,116.501295,0,[]
188,葛洲坝北京紫郡兰园,53000,70,40.051753000000005,116.21768999999999,0,[]
189,信达·国子郡,380,70,40.170867,116.27901899999999,4,"[{'structure': '2室2厅1卫', 'area': 79, 'total_price': 384}, {'structure': '3室2厅1卫', 'area': 89, 'total_price': 406}, {'structure': '3室2厅1卫', 'area': 89, 'total_price': 440}, {'structure': '3室2厅2卫', 'area': 115, 'total_price': 560}]"
190,华萃西山,780,70,39.888628999999995,116.100292,2,"[{'structure': '4室2厅3卫', 'area': 135, 'total_price': 780}, {'structure': '4室2厅3卫', 'area': 220, 'total_price': 1080}]"
191,华业玫瑰东筑,56000,70,39.881496999999996,116.69568899999999,7,"[{'structure': '1室1厅1卫', 'area': 58, 'total_price': 340}, {'structure': '2室2厅1卫', 'area': 97, 'total_price': 500}, {'structure': '2室2厅1卫', 'area': 103, 'total_price': 550}, {'structure': '3室1厅1卫', 'area': 131, 'total_price': 680}, {'structure': '3室2厅1卫', 'area': 138, 'total_price': 720}, {'structure': '3室2厅1卫', 'area': 142, 'total_price': 740}, {'structure': '3室2厅1卫', 'area': 143, 'total_price': 740}]"
192,保利和光逸境,840,70,39.896907,116.27601399999999,3,"[{'structure': '4室2厅3卫', 'area': 187, 'total_price': 1600}, {'structure': '3室1厅2卫', 'area': 108, 'total_price': 930}, {'structure': '3室2厅2卫', 'area': 143, 'total_price': 1230}]"
193,富兴首府,85000,70,39.974309999999996,116.540175,3,"[{'structure': '3室2厅2卫', 'area': 144, 'total_price': 1250}, {'structure': '3室2厅2卫', 'area': 155, 'total_price': 1300}, {'structure': '4室2厅3卫', 'area': 189, 'total_price': 1700}]"
194,懋源·璟岳,2300,70,39.855647999999995,116.334175,1,"[{'structure': '3室2厅3卫', 'area': 218, 'total_price': 2900}]"
195,懋源·璟岳,5500,70,39.855647999999995,116.334175,2,"[{'structure': '4室3厅7卫', 'area': 465, 'total_price': 5500}, {'structure': '4室3厅6卫', 'area': 590, 'total_price': 9000}]"
196,御世佳府,1300,70,39.950849,116.706401,3,"[{'structure': '5室2厅3卫', 'area': 222, 'total_price': 1300}, {'structure': '4室2厅3卫', 'area': 227, 'total_price': 1300}, {'structure': '4室2厅6卫', 'area': 264, 'total_price': 1600}]"
197,碧桂园世奥龙鼎,300,70,40.445493,115.976396,2,"[{'structure': '3室2厅1卫', 'area': 89, 'total_price': 230}, {'structure': '4室2厅2卫', 'area': 135, 'total_price': 375}]"
198,合景天汇广场,38000,70,40.214764,116.66721799999999,4,"[{'structure': '3室2厅2卫', 'area': 89, 'total_price': 330}, {'structure': '3室2厅2卫', 'area': 95, 'total_price': 430}, {'structure': '3室2厅2卫', 'area': 110, 'total_price': 430}, {'structure': '4室2厅2卫', 'area': 117, 'total_price': 530}]"
199,中海云熙,37700,70,39.687728,116.428964,2,"[{'structure': '3室2厅2卫', 'area': 89, 'total_price': 335}, {'structure': '2室2厅1卫', 'area': 76, 'total_price': 285}]"
200,大兴金茂悦,37500,70,39.689762,116.42493799999998,4,"[{'structure': '3室2厅1卫', 'area': 88, 'total_price': 360}, {'structure': '4室2厅2卫', 'area': 104, 'total_price': 430}, {'structure': '3室2厅1卫', 'area': 80, 'total_price': 330}, {'structure': '2室1厅1卫', 'area': 74, 'total_price': 300}]"
201,首开熙悦观湖,280,70,39.790938,116.070517,1,"[{'structure': '3室2厅2卫', 'area': 89, 'total_price': 280}]"
202,葛洲坝中国府,125000,70,39.85321,116.318634,3,"[{'structure': '3室2厅3卫', 'area': 185, 'total_price': 2000}, {'structure': '4室2厅3卫', 'area': 210, 'total_price': 2500}, {'structure': '4室2厅3卫', 'area': 240, 'total_price': 2800}]"
203,北京东湾,68500,70,39.917255,116.649955,0,[]
204,中铁诺德阅墅,1200,70,40.094929,116.50406699999999,3,"[{'structure': '4室3厅3卫', 'area': 220, 'total_price': 1200}, {'structure': '4室3厅4卫', 'area': 314, 'total_price': 1500}, {'structure': '5室4厅5卫', 'area': 320, 'total_price': 1700}]"
205,金地·大湖风华,500,70,39.776027,116.10038999999999,2,"[{'structure': '4室2厅3卫', 'area': 139, 'total_price': 540}, {'structure': '4室2厅3卫', 'area': 139, 'total_price': 700}]"
206,珠江阙,73000,70,39.922728,116.686668,1,"[{'structure': '4室2厅3卫', 'area': 330, 'total_price': 2450}]"
207,熙湖悦著,34000,70,39.775016,116.101455,3,"[{'structure': '2室1厅1卫', 'area': 73, 'total_price': 261}, {'structure': '3室1厅1卫', 'area': 83, 'total_price': 281}, {'structure': '4室2厅2卫', 'area': 353, 'total_price': 800}]"
208,天恒世界集,55000,40,39.775778,116.36475300000001,0,[]
