,name,price,year,x,y,house_type_num,house_structure_area
0,久尚云筑,25500,,30.3702392578125,120.31130981445312,7,"[{'struture': '3室2厅1厨2卫', 'area': 97.0}, {'struture': '3室2厅1厨2卫', 'area': 101.0}, {'struture': '4室2厅1厨2卫', 'area': 122.0}, {'struture': '4室2厅1厨2卫', 'area': 122.0}, {'struture': '3室2厅1厨2卫', 'area': 97.0}, {'struture': '3室2厅1厨2卫', 'area': 98.0}, {'struture': '3室2厅1厨2卫', 'area': 101.0}]"
1,绿地亚洲公园,18200,,30.263294219970703,119.82211303710938,0,[]
2,龙湖葛洲坝景粼天著,46500,,30.308393478393555,120.23310089111328,12,"[{'struture': '4室2厅1厨2卫', 'area': 124.0}, {'struture': '4室2厅1厨2卫', 'area': 139.0}, {'struture': '4室2厅1厨3卫', 'area': 180.0}, {'struture': '4室2厅1厨3卫', 'area': 180.0}, {'struture': '4室2厅1厨3卫', 'area': 180.0}, {'struture': '4室2厅1厨3卫', 'area': 180.0}, {'struture': '4室2厅1厨3卫', 'area': 180.0}, {'struture': '4室2厅1厨3卫', 'area': 180.0}, {'struture': '4室2厅1厨3卫', 'area': 200.0}, {'struture': '4室2厅1厨3卫', 'area': 200.0}, {'struture': '4室2厅1厨3卫', 'area': 200.0}, {'struture': '4室2厅1厨3卫', 'area': 200.0}]"
3,天阅云合源公寓,38000,,30.3409423828125,120.1422348022461,5,"[{'struture': '3室2厅1厨1卫', 'area': 92.0}, {'struture': '3室2厅1厨2卫', 'area': 112.0}, {'struture': '4室2厅1厨2卫', 'area': 129.0}, {'struture': '4室2厅1厨2卫', 'area': 137.0}, {'struture': '4室2厅1厨2卫', 'area': 145.0}]"
4,瑞城熙园,520,,30.263885498046875,119.97761535644531,12,"[{'struture': '4室2厅1厨3卫', 'area': 161.0}, {'struture': '4室2厅1厨3卫', 'area': 161.0}, {'struture': '4室2厅1厨3卫', 'area': 161.0}, {'struture': '4室2厅1厨3卫', 'area': 161.0}, {'struture': '4室2厅1厨4卫', 'area': 175.0}, {'struture': '4室2厅1厨4卫', 'area': 175.0}, {'struture': '4室2厅1厨4卫', 'area': 175.0}, {'struture': '4室2厅1厨4卫', 'area': 175.0}, {'struture': '4室2厅1厨3卫', 'area': 185.0}, {'struture': '4室2厅1厨3卫', 'area': 185.0}, {'struture': '4室2厅1厨3卫', 'area': 185.0}, {'struture': '4室2厅1厨3卫', 'area': 185.0}]"
5,三湘印象森林海尚,45800,,30.30501365661621,120.23548126220703,12,"[{'struture': '3室2厅1厨2卫', 'area': 111.0}, {'struture': '4室2厅1厨2卫', 'area': 131.0}, {'struture': '4室2厅1厨2卫', 'area': 139.0}, {'struture': '3室2厅1厨2卫', 'area': 120.0}, {'struture': '4室2厅1厨2卫', 'area': 130.0}, {'struture': '4室2厅1厨2卫', 'area': 131.0}, {'struture': '4室2厅1厨2卫', 'area': 132.5}, {'struture': '4室2厅1厨2卫', 'area': 139.0}, {'struture': '2室2厅1厨2卫', 'area': 89.0}, {'struture': '3室2厅1厨2卫', 'area': 89.0}, {'struture': '3室2厅1厨2卫', 'area': 97.0}, {'struture': '3室2厅1厨2卫', 'area': 106.0}]"
6,吟彩芳菲之城,35500,,30.371305465698242,120.22595977783203,6,"[{'struture': '3室2厅1厨2卫', 'area': 123.0}, {'struture': '3室2厅1厨3卫', 'area': 129.0}, {'struture': '4室2厅1厨3卫', 'area': 137.0}, {'struture': '4室2厅1厨3卫', 'area': 154.0}, {'struture': '4室2厅1厨3卫', 'area': 156.0}, {'struture': '4室2厅1厨3卫', 'area': 157.0}]"
7,和雅轩,待定,,30.19816780090332,120.28771209716797,3,"[{'struture': '3室2厅1厨2卫', 'area': 96.0}, {'struture': '4室2厅1厨2卫', 'area': 127.0}, {'struture': '4室2厅1厨2卫', 'area': 147.0}]"
8,黄龙云起,待定,,30.286212921142578,120.13106536865234,0,[]
9,西房杭语宸鹭院,待定,,30.391368865966797,120.17481231689453,0,[]
10,随塘,22500,,30.473163604736328,120.19055938720703,6,"[{'struture': '3室2厅1厨2卫', 'area': 105.0}, {'struture': '3室2厅1厨2卫', 'area': 105.0}, {'struture': '3室2厅1厨2卫', 'area': 105.0}, {'struture': '4室2厅1厨2卫', 'area': 125.0}, {'struture': '4室2厅1厨2卫', 'area': 128.0}, {'struture': '4室2厅1厨2卫', 'area': 155.0}]"
11,阳光城西郊半岛,待定,,30.05968475341797,119.98285675048828,0,[]
12,翡翠城梧桐郡,23000,,30.25204849243164,120.02434539794922,11,"[{'struture': '4室2厅1厨2卫', 'area': 150.0}, {'struture': '4室2厅1厨2卫', 'area': 171.0}, {'struture': '5室2厅1厨3卫', 'area': 180.0}, {'struture': '3室2厅1厨1卫', 'area': 95.0}, {'struture': '4室2厅1厨2卫', 'area': 127.0}, {'struture': '4室2厅1厨2卫', 'area': 135.0}, {'struture': '4室2厅1厨2卫', 'area': 143.0}, {'struture': '3室2厅1厨1卫', 'area': 90.0}, {'struture': '4室2厅1厨2卫', 'area': 128.0}, {'struture': '4室2厅1厨2卫', 'area': 135.0}, {'struture': '5室2厅1厨3卫', 'area': 168.0}]"
13,金色和庄,12000,,30.307804107666016,120.4615478515625,3,"[{'struture': '3室2厅1厨2卫', 'area': 88.0}, {'struture': '4室2厅1厨2卫', 'area': 89.0}, {'struture': '3室2厅1厨2卫', 'area': 89.0}]"
14,绿城晓风印月,48100,,30.206342697143555,120.22700500488281,0,[]
15,滨江华成大江之星,待定,,30.30438804626465,120.466064453125,8,"[{'struture': '2室2厅1厨1卫', 'area': 79.0}, {'struture': '3室2厅1厨1卫', 'area': 110.0}, {'struture': '3室2厅1厨2卫', 'area': 116.0}, {'struture': '4室2厅1厨2卫', 'area': 121.0}, {'struture': '4室2厅1厨2卫', 'area': 123.0}, {'struture': '4室2厅1厨2卫', 'area': 134.0}, {'struture': '3室2厅1厨1卫', 'area': 86.0}, {'struture': '3室2厅1厨2卫', 'area': 89.0}]"
16,阳光城未来悦MAX,31000,,30.274370193481445,119.99547576904297,0,[]
17,滨江碧桂园卧城印象,12734,,30.137601852416992,120.25594329833984,1,"[{'struture': '4室2厅1厨2卫', 'area': 118.0}]"
18,金地滨江万科悦虹湾,53573,,30.17949104309082,120.2313232421875,4,"[{'struture': '3室2厅1厨2卫', 'area': 89.0}, {'struture': '4室2厅1厨2卫', 'area': 113.0}, {'struture': '4室2厅1厨2卫', 'area': 127.0}, {'struture': '5室6厅1厨5卫', 'area': 140.0}]"
19,地铁万科天空之城,待定,,30.30282211303711,120.04422760009766,0,[]
20,都会钱塘东区,23000,,30.334619522094727,120.39498138427734,5,"[{'struture': '3室2厅1厨2卫', 'area': 89.0}, {'struture': '3室2厅1厨2卫', 'area': 89.0}, {'struture': '3室2厅1厨2卫', 'area': 89.0}, {'struture': '3室2厅1厨2卫', 'area': 89.0}, {'struture': '4室2厅1厨2卫', 'area': 123.0}]"
21,凤起钱潮,待定,,30.271137237548828,120.22113800048828,5,"[{'struture': '3室2厅1厨2卫', 'area': 137.0}, {'struture': '4室2厅1厨3卫', 'area': 170.0}, {'struture': '4室2厅1厨3卫', 'area': 170.0}, {'struture': '4室2厅1厨3卫', 'area': 170.0}, {'struture': '4室2厅1厨3卫', 'area': 175.0}]"
22,杭州壹号院,待定,,30.228557586669922,120.23992156982422,7,"[{'struture': '4室2厅1厨2卫', 'area': 160.0}, {'struture': '4室2厅1厨2卫', 'area': 164.0}, {'struture': '5室2厅1厨3卫', 'area': 193.0}, {'struture': '4室2厅1厨2卫', 'area': 134.0}, {'struture': '5室2厅1厨3卫', 'area': 221.0}, {'struture': '5室2厅1厨3卫', 'area': 224.0}, {'struture': '1室1厅1厨1卫', 'area': 40.0}]"
23,远洋西溪公馆,待定,,30.28948974609375,120.05001068115234,12,"[{'struture': '3室2厅1厨1卫', 'area': 85.0}, {'struture': '3室2厅1厨1卫', 'area': 85.0}, {'struture': '3室2厅1厨1卫', 'area': 88.0}, {'struture': '3室2厅1厨1卫', 'area': 88.0}, {'struture': '3室2厅1厨1卫', 'area': 90.0}, {'struture': '3室2厅1厨1卫', 'area': 90.0}, {'struture': '3室2厅1厨1卫', 'area': 90.0}, {'struture': '3室2厅1厨2卫', 'area': 116.0}, {'struture': '3室2厅1厨2卫', 'area': 120.0}, {'struture': '3室2厅1厨2卫', 'area': 125.0}, {'struture': '3室2厅1厨2卫', 'area': 138.0}, {'struture': '3室2厅1厨2卫', 'area': 165.0}]"
24,仁恒滨江园,70800,,30.2316837310791,120.19396209716797,0,[]
25,绿城九龙仓桂语朝阳,29800,,30.1278133392334,120.27278137207031,0,[]
26,越秀招商云悦湾,130,,30.305448532104492,120.24765014648438,5,"[{'struture': '2室2厅0厨2卫', 'area': 42.0}, {'struture': '2室2厅0厨2卫', 'area': 59.0}, {'struture': '3室2厅1厨2卫', 'area': 118.0}, {'struture': '4室2厅1厨2卫', 'area': 132.0}, {'struture': '4室2厅1厨2卫', 'area': 145.0}]"
27,德信市心府,28100,,30.14969253540039,120.27303314208984,2,"[{'struture': '3室2厅1厨2卫', 'area': 89.0}, {'struture': '3室2厅1厨2卫', 'area': 93.0}]"
28,杭州融创城,待定,,30.315828323364258,120.49968719482422,0,[]
29,万科大溪谷,30000,,30.353656768798828,119.9940185546875,7,"[{'struture': '3室2厅1厨2卫', 'area': 90.0}, {'struture': '3室2厅1厨2卫', 'area': 108.0}, {'struture': '4室2厅1厨2卫', 'area': 125.0}, {'struture': '4室2厅1厨2卫', 'area': 139.0}, {'struture': '4室2厅1厨4卫', 'area': 170.0}, {'struture': '4室2厅1厨4卫', 'area': 240.0}, {'struture': '4室2厅1厨4卫', 'area': 255.0}]"
30,城北万象城幸福里,26500,,30.357370376586914,120.11994934082031,5,"[{'struture': '3室2厅1厨1卫', 'area': 88.0}, {'struture': '3室2厅1厨2卫', 'area': 100.0}, {'struture': '3室2厅1厨2卫', 'area': 105.0}, {'struture': '3室2厅1厨2卫', 'area': 108.0}, {'struture': '4室2厅1厨2卫', 'area': 131.0}]"
31,龙湖江与城,待定,,30.314895629882812,120.50157165527344,0,[]
32,保利融信和光尘樾,待定,,30.36556053161621,120.04815673828125,5,"[{'struture': '3室2厅1厨2卫', 'area': 89.0}, {'struture': '3室2厅1厨2卫', 'area': 89.0}, {'struture': '4室2厅1厨2卫', 'area': 106.0}, {'struture': '4室2厅1厨2卫', 'area': 113.0}, {'struture': '4室2厅1厨2卫', 'area': 116.0}]"
33,中海钱江湾,1000,,30.276214599609375,120.2414779663086,0,[]
34,银城云谷天境,28107,,30.348777770996094,120.07452392578125,0,[]
35,湖景居,32950,,30.309850692749023,120.3220443725586,12,"[{'struture': '2室2厅1厨1卫', 'area': 82.0}, {'struture': '2室2厅1厨1卫', 'area': 82.0}, {'struture': '3室2厅1厨1卫', 'area': 88.0}, {'struture': '3室2厅1厨1卫', 'area': 88.0}, {'struture': '3室2厅1厨1卫', 'area': 89.0}, {'struture': '3室2厅1厨2卫', 'area': 128.0}, {'struture': '3室2厅1厨2卫', 'area': 128.0}, {'struture': '2室2厅1厨1卫', 'area': 82.6}, {'struture': '3室2厅1厨1卫', 'area': 89.4}, {'struture': '3室2厅1厨1卫', 'area': 89.4}, {'struture': '3室2厅1厨1卫', 'area': 89.4}, {'struture': '3室2厅1厨1卫', 'area': 89.5}]"
36,绿都金科和宁文华府,36000,,30.342632293701172,120.10973358154297,5,"[{'struture': '3室2厅1厨2卫', 'area': 105.0}, {'struture': '3室2厅1厨2卫', 'area': 115.0}, {'struture': '4室2厅1厨2卫', 'area': 129.0}, {'struture': '4室2厅1厨2卫', 'area': 129.0}, {'struture': '4室2厅1厨2卫', 'area': 139.0}]"
37,凤起潮鸣,79800,,30.269006729125977,120.1936264038086,0,[]
38,绿都东澜府,待定,,30.38923454284668,120.16329193115234,0,[]
39,宝龙旭辉城,19782,,30.264083862304688,119.83551788330078,1,"[{'struture': '3室2厅1厨2卫', 'area': 95.0}]"
40,辉逸云筑,22900,,30.39128875732422,120.26779174804688,4,"[{'struture': '4室2厅1厨2卫', 'area': 118.0}, {'struture': '4室2厅1厨2卫', 'area': 125.0}, {'struture': '3室2厅1厨2卫', 'area': 89.0}, {'struture': '3室2厅1厨2卫', 'area': 107.0}]"
41,金久城市花园,7000,,29.811498641967773,119.70730590820312,0,[]
42,绿城和庐,25500,,30.238914489746094,120.05855560302734,5,"[{'struture': '4室2厅1厨4卫', 'area': 200.0}, {'struture': '4室2厅1厨3卫', 'area': 220.0}, {'struture': '4室2厅1厨2卫', 'area': 130.0}, {'struture': '4室2厅1厨2卫', 'area': 140.0}, {'struture': '4室2厅1厨4卫', 'area': 230.0}]"
43,绿城西溪雲庐,95000,,30.25736427307129,120.07579040527344,6,"[{'struture': '4室2厅1厨3卫', 'area': 216.26}, {'struture': '4室3厅1厨4卫', 'area': 183.61}, {'struture': '4室3厅1厨4卫', 'area': 183.77}, {'struture': '4室2厅1厨3卫', 'area': 183.89}, {'struture': '4室2厅1厨3卫', 'area': 184.45}, {'struture': '4室3厅1厨4卫', 'area': 214.13}]"
44,中天珺府,18087,,30.26473617553711,119.82273864746094,2,"[{'struture': '3室2厅1厨2卫', 'area': 95.0}, {'struture': '3室2厅1厨2卫', 'area': 95.0}]"
45,绿城雲栖桃花源,330,,30.137025833129883,119.92927551269531,6,"[{'struture': '4室2厅1厨2卫', 'area': 132.0}, {'struture': '4室2厅1厨2卫', 'area': 134.0}, {'struture': '4室2厅1厨4卫', 'area': 185.0}, {'struture': '4室2厅1厨4卫', 'area': 210.0}, {'struture': '5室2厅1厨4卫', 'area': 209.0}, {'struture': '5室2厅1厨4卫', 'area': 228.0}]"
46,雍澜府,20644,,30.468505859375,120.19159698486328,0,[]
47,信达东莱府,待定,,30.30518913269043,120.23397827148438,10,"[{'struture': '3室2厅1厨2卫', 'area': 89.0}, {'struture': '3室2厅1厨2卫', 'area': 89.0}, {'struture': '3室2厅1厨2卫', 'area': 89.0}, {'struture': '3室2厅1厨2卫', 'area': 89.0}, {'struture': '3室2厅1厨2卫', 'area': 89.0}, {'struture': '3室2厅1厨2卫', 'area': 89.0}, {'struture': '3室2厅1厨2卫', 'area': 110.0}, {'struture': '3室2厅1厨2卫', 'area': 110.0}, {'struture': '4室2厅1厨2卫', 'area': 132.0}, {'struture': '4室2厅1厨2卫', 'area': 132.0}]"
48,保利澄品,待定,,30.239198684692383,120.25775146484375,8,"[{'struture': '4室2厅1厨2卫', 'area': 127.0}, {'struture': '4室2厅1厨3卫', 'area': 146.0}, {'struture': '4室2厅1厨3卫', 'area': 146.0}, {'struture': '4室2厅1厨3卫', 'area': 146.0}, {'struture': '4室2厅1厨3卫', 'area': 146.0}, {'struture': '5室2厅1厨3卫', 'area': 169.0}, {'struture': '5室2厅1厨3卫', 'area': 169.0}, {'struture': '5室2厅1厨3卫', 'area': 198.0}]"
49,泰禾世茂大城小院,待定,,30.145151138305664,119.97003173828125,5,"[{'struture': '3室2厅1厨2卫', 'area': 88.0}, {'struture': '3室2厅1厨2卫', 'area': 119.0}, {'struture': '4室2厅1厨2卫', 'area': 142.0}, {'struture': '4室2厅1厨2卫', 'area': 143.0}, {'struture': '4室2厅1厨2卫', 'area': 145.0}]"
50,中海云宸,47000,,30.187021255493164,120.19963836669922,1,"[{'struture': '4室2厅1厨2卫', 'area': 139.0}]"
51,侨福一品高尔夫,19500,,30.339927673339844,120.41263580322266,12,"[{'struture': '3室2厅1厨1卫', 'area': 89.0}, {'struture': '3室2厅1厨2卫', 'area': 116.0}, {'struture': '4室2厅1厨2卫', 'area': 126.0}, {'struture': '3室2厅1厨1卫', 'area': 87.0}, {'struture': '3室2厅1厨1卫', 'area': 88.0}, {'struture': '3室2厅1厨2卫', 'area': 88.0}, {'struture': '3室2厅1厨2卫', 'area': 88.0}, {'struture': '3室2厅1厨2卫', 'area': 125.0}, {'struture': '3室2厅1厨2卫', 'area': 141.0}, {'struture': '4室2厅1厨1卫', 'area': 88.0}, {'struture': '4室2厅1厨1卫', 'area': 88.0}, {'struture': '4室2厅1厨2卫', 'area': 116.0}]"
52,众安绿城南湖明月,25000,,30.2811336517334,119.93303680419922,0,[]
53,中锐招商星未来,待定,,30.24332046508789,119.93091583251953,3,"[{'struture': '4室2厅1厨2卫', 'area': 115.0}, {'struture': '4室2厅1厨2卫', 'area': 125.0}, {'struture': '5室2厅1厨2卫', 'area': 143.0}]"
54,金隅中铁诺德都会森林,59059,,30.28409194946289,120.2166976928711,10,"[{'struture': '3室2厅1厨2卫', 'area': 124.0}, {'struture': '4室2厅1厨2卫', 'area': 143.0}, {'struture': '4室2厅1厨2卫', 'area': 169.0}, {'struture': '4室2厅1厨2卫', 'area': 140.0}, {'struture': '4室2厅1厨2卫', 'area': 164.0}, {'struture': '4室2厅1厨2卫', 'area': 143.0}, {'struture': '4室2厅1厨2卫', 'area': 150.0}, {'struture': '4室2厅1厨2卫', 'area': 166.0}, {'struture': '4室2厅1厨3卫', 'area': 189.0}, {'struture': '4室2厅1厨2卫', 'area': 150.0}]"
55,悦青蓝,待定,,30.23272705078125,119.9911880493164,8,"[{'struture': '2室2厅1厨2卫', 'area': 87.0}, {'struture': '2室2厅1厨1卫', 'area': 88.0}, {'struture': '2室2厅1厨2卫', 'area': 88.0}, {'struture': '2室2厅1厨2卫', 'area': 89.0}, {'struture': '3室2厅1厨2卫', 'area': 89.0}, {'struture': '3室2厅1厨2卫', 'area': 90.0}, {'struture': '3室2厅1厨2卫', 'area': 134.0}, {'struture': '3室2厅1厨2卫', 'area': 135.0}]"
56,中交理想时代芳华,待定,,30.39350128173828,120.29076385498047,3,"[{'struture': '4室2厅1厨2卫', 'area': 89.0}, {'struture': '4室2厅1厨2卫', 'area': 110.0}, {'struture': '4室2厅1厨2卫', 'area': 118.0}]"
57,东海闲湖城,19000,,30.234155654907227,119.99735260009766,12,"[{'struture': '4室2厅1厨4卫', 'area': 200.0}, {'struture': '6室2厅1厨3卫', 'area': 247.0}, {'struture': '2室2厅1厨2卫', 'area': 89.0}, {'struture': '2室2厅1厨2卫', 'area': 90.0}, {'struture': '3室2厅1厨2卫', 'area': 91.0}, {'struture': '3室2厅1厨2卫', 'area': 96.0}, {'struture': '3室2厅1厨2卫', 'area': 118.0}, {'struture': '4室2厅1厨2卫', 'area': 119.0}, {'struture': '4室2厅1厨2卫', 'area': 139.0}, {'struture': '3室2厅1厨2卫', 'area': 89.0}, {'struture': '3室2厅1厨2卫', 'area': 114.0}, {'struture': '4室2厅1厨2卫', 'area': 132.0}]"
58,金科博翠碧蓝湾,40400,,30.300994873046875,120.24010467529297,2,"[{'struture': '3室2厅1厨2卫', 'area': 110.0}, {'struture': '4室2厅1厨2卫', 'area': 138.0}]"
59,风尚望和湾,待定,,30.338085174560547,120.13817596435547,3,"[{'struture': '3室2厅1厨2卫', 'area': 107.0}, {'struture': '3室2厅1厨2卫', 'area': 112.0}, {'struture': '4室2厅1厨2卫', 'area': 129.0}]"
60,香港兴业耦园,待定,,30.273693084716797,120.0491943359375,6,"[{'struture': '4室2厅1厨2卫', 'area': 123.0}, {'struture': '4室2厅1厨2卫', 'area': 140.0}, {'struture': '4室2厅1厨3卫', 'area': 140.0}, {'struture': '5室3厅1厨3卫', 'area': 117.0}, {'struture': '5室3厅1厨3卫', 'area': 178.0}, {'struture': '5室3厅1厨3卫', 'area': 190.0}]"
61,融创微风之城,18000,,30.08712387084961,120.05039978027344,6,"[{'struture': '3室2厅1厨2卫', 'area': 97.0}, {'struture': '4室2厅1厨2卫', 'area': 133.0}, {'struture': '4室2厅1厨2卫', 'area': 144.0}, {'struture': '4室2厅1厨2卫', 'area': 156.0}, {'struture': '3室2厅1厨2卫', 'area': 91.0}, {'struture': '4室2厅1厨2卫', 'area': 125.0}]"
62,龙湖武林上城,30200,,30.356494903564453,120.22128295898438,6,"[{'struture': '3室2厅1厨2卫', 'area': 89.0}, {'struture': '3室2厅1厨2卫', 'area': 89.0}, {'struture': '3室2厅1厨2卫', 'area': 100.0}, {'struture': '4室2厅1厨2卫', 'area': 125.0}, {'struture': '4室2厅1厨2卫', 'area': 125.0}, {'struture': '4室2厅1厨2卫', 'area': 139.0}]"
63,万科桂语东方,20000,,30.43255615234375,120.3489761352539,3,"[{'struture': '3室2厅1厨2卫', 'area': 89.0}, {'struture': '3室2厅1厨2卫', 'area': 95.0}, {'struture': '4室2厅1厨2卫', 'area': 115.0}]"
64,联发藏珑大境,27000,,30.376373291015625,120.05532836914062,5,"[{'struture': '4室2厅1厨3卫', 'area': 155.0}, {'struture': '4室2厅1厨3卫', 'area': 123.0}, {'struture': '4室2厅1厨3卫', 'area': 130.0}, {'struture': '4室2厅1厨3卫', 'area': 144.0}, {'struture': '4室2厅1厨3卫', 'area': 155.0}]"
65,山水圣邸,8600,,29.795751571655273,119.6824722290039,5,"[{'struture': '2室2厅0厨1卫', 'area': 92.0}, {'struture': '3室2厅0厨2卫', 'area': 108.0}, {'struture': '3室2厅0厨2卫', 'area': 135.0}, {'struture': '3室2厅0厨3卫', 'area': 172.0}, {'struture': '4室2厅0厨2卫', 'area': 153.0}]"
66,绿城华景川之江明月,650,,30.343198776245117,120.41346740722656,3,"[{'struture': '3室2厅1厨2卫', 'area': 89.0}, {'struture': '4室2厅1厨2卫', 'area': 128.0}, {'struture': '4室2厅1厨2卫', 'area': 110.0}]"
67,中冶锦绣华府,待定,,30.33078384399414,120.17814636230469,0,[]
68,绿城建发沁园,61200,,30.313018798828125,120.11058044433594,0,[]
69,祥生云境,38600,,30.1633243560791,120.10077667236328,4,"[{'struture': '3室2厅1厨2卫', 'area': 110.0}, {'struture': '3室2厅1厨2卫', 'area': 110.0}, {'struture': '4室2厅1厨2卫', 'area': 125.0}, {'struture': '4室2厅1厨2卫', 'area': 125.0}]"
70,融创森与海,待定,,29.999685287475586,120.25399017333984,0,[]
71,绿地艺尚府,22000,,30.374996185302734,120.30525970458984,4,"[{'struture': '3室2厅1厨2卫', 'area': 89.0}, {'struture': '3室2厅1厨2卫', 'area': 89.0}, {'struture': '4室2厅1厨2卫', 'area': 120.0}, {'struture': '4室2厅1厨2卫', 'area': 120.0}]"
72,绿城交投湖境云庐,待定,,30.280588150024414,119.99723815917969,0,[]
73,越秀星悦城,27500,,30.271188735961914,119.82926177978516,6,"[{'struture': '3室2厅1厨2卫', 'area': 93.0}, {'struture': '3室2厅1厨2卫', 'area': 96.0}, {'struture': '4室2厅1厨2卫', 'area': 125.0}, {'struture': '4室2厅1厨3卫', 'area': 155.0}, {'struture': '3室2厅1厨2卫', 'area': 96.0}, {'struture': '3室2厅0厨2卫', 'area': 96.0}]"
74,中冶锦绣公馆,待定,,30.29691505432129,120.14128112792969,0,[]
75,绿城盐官理想水镇,待定,,30.45396614074707,120.5481185913086,0,[]
76,学成府,待定,,30.395654678344727,120.26773071289062,4,"[{'struture': '3室2厅1厨2卫', 'area': 100.0}, {'struture': '3室2厅1厨2卫', 'area': 100.0}, {'struture': '3室2厅1厨2卫', 'area': 110.0}, {'struture': '3室2厅1厨2卫', 'area': 110.0}]"
77,融创江南壹号院,28300,,30.2357177734375,120.3528060913086,4,"[{'struture': '3室2厅1厨2卫', 'area': 94.0}, {'struture': '3室2厅1厨2卫', 'area': 107.0}, {'struture': '3室2厅1厨2卫', 'area': 108.0}, {'struture': '4室2厅1厨2卫', 'area': 126.0}]"
78,融创金成杭源里,待定,,30.307537078857422,120.15713500976562,0,[]
79,融创森与海,待定,,29.999685287475586,120.25399017333984,0,[]
80,杭房悦东方,待定,,30.321910858154297,120.56507110595703,7,"[{'struture': '3室2厅1厨2卫', 'area': 118.0}, {'struture': '4室2厅1厨2卫', 'area': 138.0}, {'struture': '6室2厅1厨5卫', 'area': 211.0}, {'struture': '6室2厅1厨5卫', 'area': 211.0}, {'struture': '6室2厅1厨5卫', 'area': 211.0}, {'struture': '6室2厅1厨5卫', 'area': 252.0}, {'struture': '6室2厅1厨5卫', 'area': 252.0}]"
81,东南钱江蓝湾,待定,,30.27273941040039,120.31321716308594,12,"[{'struture': '2室2厅1厨2卫', 'area': 86.0}, {'struture': '2室2厅1厨2卫', 'area': 117.1}, {'struture': '3室2厅1厨2卫', 'area': 86.0}, {'struture': '3室2厅1厨2卫', 'area': 88.7}, {'struture': '3室2厅1厨2卫', 'area': 127.7}, {'struture': '4室2厅1厨2卫', 'area': 127.7}, {'struture': '2室2厅1厨2卫', 'area': 88.7}, {'struture': '4室3厅1厨4卫', 'area': 186.0}, {'struture': '4室3厅1厨4卫', 'area': 187.0}, {'struture': '5室3厅1厨6卫', 'area': 218.0}, {'struture': '5室3厅1厨6卫', 'area': 241.0}, {'struture': '5室3厅1厨6卫', 'area': 241.0}]"
82,京杭府,34000,,30.388399124145508,120.14217376708984,3,"[{'struture': '3室2厅1厨2卫', 'area': 93.0}, {'struture': '4室2厅1厨2卫', 'area': 125.0}, {'struture': '4室2厅1厨2卫', 'area': 131.0}]"
83,万科玖望,24500,,30.07402229309082,119.9995346069336,2,"[{'struture': '3室2厅1厨2卫', 'area': 89.0}, {'struture': '4室2厅1厨2卫', 'area': 139.0}]"
84,上坤山语四季,待定,,30.44418716430664,120.2762222290039,4,"[{'struture': '4室2厅1厨2卫', 'area': 113.0}, {'struture': '3室2厅1厨2卫', 'area': 89.0}, {'struture': '3室2厅1厨2卫', 'area': 97.0}, {'struture': '4室2厅1厨2卫', 'area': 129.0}]"
85,易辰江南大院,待定,,30.274547576904297,119.77730560302734,0,[]
86,富春望,32000,,29.812210083007812,119.70313262939453,0,[]
87,恒大名城博园,待定,,30.38245964050293,120.10852813720703,9,"[{'struture': '3室2厅1厨2卫', 'area': 109.0}, {'struture': '3室2厅1厨2卫', 'area': 112.0}, {'struture': '4室2厅1厨2卫', 'area': 161.0}, {'struture': '1室2厅1厨1卫', 'area': 59.0}, {'struture': '2室1厅1厨1卫', 'area': 59.0}, {'struture': '3室2厅1厨1卫', 'area': 89.0}, {'struture': '3室2厅1厨2卫', 'area': 113.0}, {'struture': '4室2厅1厨2卫', 'area': 127.72}, {'struture': '4室2厅1厨2卫', 'area': 138.0}]"
88,赞成旭辉时代悦章,19400,,30.44435691833496,120.24789428710938,6,"[{'struture': '4室2厅1厨5卫', 'area': 150.0}, {'struture': '4室2厅1厨5卫', 'area': 150.0}, {'struture': '4室2厅1厨5卫', 'area': 160.0}, {'struture': '4室2厅1厨5卫', 'area': 160.0}, {'struture': '5室2厅1厨5卫', 'area': 180.0}, {'struture': '5室2厅1厨5卫', 'area': 180.0}]"
89,龙湖听澜越府,27205,,30.332460403442383,120.39124298095703,4,"[{'struture': '3室2厅1厨2卫', 'area': 89.0}, {'struture': '3室2厅1厨2卫', 'area': 89.0}, {'struture': '3室2厅1厨2卫', 'area': 89.0}, {'struture': '3室2厅1厨2卫', 'area': 89.0}]"
90,北城芳满庭,待定,,30.442970275878906,120.08927917480469,6,"[{'struture': '3室2厅1厨2卫', 'area': 89.0}, {'struture': '3室2厅1厨2卫', 'area': 108.0}, {'struture': '5室2厅1厨3卫', 'area': 139.0}, {'struture': '5室2厅1厨4卫', 'area': 160.0}, {'struture': '5室2厅1厨4卫', 'area': 210.0}, {'struture': '5室2厅1厨4卫', 'area': 240.0}]"
91,仁恒祥生西湖世纪,待定,,30.168153762817383,120.09671783447266,0,[]
92,国开东方凤凰台,31900,,30.26010513305664,119.95600128173828,6,"[{'struture': '3室2厅1厨2卫', 'area': 89.0}, {'struture': '4室2厅1厨2卫', 'area': 118.0}, {'struture': '4室2厅1厨2卫', 'area': 118.0}, {'struture': '4室2厅1厨2卫', 'area': 121.0}, {'struture': '4室2厅1厨3卫', 'area': 137.0}, {'struture': '3室2厅1厨2卫', 'area': 89.0}]"
93,秋实宸悦居,20600,,30.389875411987305,120.18831634521484,6,"[{'struture': '3室2厅1厨2卫', 'area': 93.0}, {'struture': '3室2厅1厨2卫', 'area': 95.0}, {'struture': '3室2厅1厨2卫', 'area': 96.0}, {'struture': '3室2厅1厨2卫', 'area': 116.0}, {'struture': '3室2厅1厨2卫', 'area': 116.0}, {'struture': '4室2厅1厨2卫', 'area': 128.0}]"
94,世茂璀璨澜宸,待定,,30.355819702148438,120.1366958618164,3,"[{'struture': '3室2厅1厨2卫', 'area': 97.0}, {'struture': '3室2厅1厨2卫', 'area': 109.0}, {'struture': '4室2厅1厨2卫', 'area': 126.0}]"
95,九龙仓雍景山,19200,,30.151601791381836,119.98593139648438,12,"[{'struture': '2室2厅1厨2卫', 'area': 88.0}, {'struture': '3室2厅1厨1卫', 'area': 98.0}, {'struture': '3室2厅1厨2卫', 'area': 110.0}, {'struture': '3室2厅1厨2卫', 'area': 116.0}, {'struture': '3室2厅1厨2卫', 'area': 116.0}, {'struture': '3室2厅1厨2卫', 'area': 125.0}, {'struture': '3室2厅1厨2卫', 'area': 125.0}, {'struture': '3室2厅1厨2卫', 'area': 140.0}, {'struture': '3室2厅1厨3卫', 'area': 141.0}, {'struture': '3室2厅1厨3卫', 'area': 141.0}, {'struture': '4室2厅1厨2卫', 'area': 127.0}, {'struture': '4室2厅1厨3卫', 'area': 141.0}]"
96,佳源湘湖印象,待定,,30.12580108642578,120.24099731445312,12,"[{'struture': '4室2厅1厨2卫', 'area': 89.0}, {'struture': '4室2厅1厨2卫', 'area': 112.0}, {'struture': '4室2厅1厨2卫', 'area': 135.0}, {'struture': '4室2厅1厨2卫', 'area': 89.0}, {'struture': '4室2厅1厨2卫', 'area': 126.0}, {'struture': '4室2厅1厨2卫', 'area': 133.0}, {'struture': '4室2厅1厨2卫', 'area': 139.0}, {'struture': '4室2厅1厨2卫', 'area': 139.0}, {'struture': '4室2厅1厨2卫', 'area': 139.0}, {'struture': '5室2厅1厨2卫', 'area': 153.0}, {'struture': '5室2厅1厨3卫', 'area': 156.0}, {'struture': '5室2厅1厨3卫', 'area': 166.0}]"
97,新越锦粼府,28993,,30.19912338256836,120.29365539550781,7,"[{'struture': '4室2厅1厨2卫', 'area': 118.0}, {'struture': '4室2厅1厨2卫', 'area': 118.0}, {'struture': '3室2厅1厨2卫', 'area': 89.0}, {'struture': '3室2厅1厨2卫', 'area': 89.0}, {'struture': '3室2厅1厨2卫', 'area': 95.0}, {'struture': '4室2厅1厨2卫', 'area': 114.0}, {'struture': '4室2厅1厨2卫', 'area': 126.0}]"
98,滨江新希望新城海名雅园,待定,,30.29016876220703,120.54042053222656,3,"[{'struture': '5室2厅1厨5卫', 'area': 195.0}, {'struture': '5室2厅1厨5卫', 'area': 195.0}, {'struture': '5室2厅1厨5卫', 'area': 210.0}]"
99,禧瑞江南府,待定,,30.394271850585938,120.28507995605469,3,"[{'struture': '3室2厅1厨2卫', 'area': 93.0}, {'struture': '3室2厅1厨2卫', 'area': 95.0}, {'struture': '4室2厅1厨2卫', 'area': 115.0}]"
100,杭州富力中心,32000,,30.287975311279297,120.00022888183594,0,[]
101,前湾国际社区,29421,,30.23971939086914,120.3516616821289,8,"[{'struture': '3室2厅1厨2卫', 'area': 99.0}, {'struture': '3室2厅1厨2卫', 'area': 107.0}, {'struture': '3室2厅1厨2卫', 'area': 112.0}, {'struture': '3室2厅1厨2卫', 'area': 145.0}, {'struture': '4室2厅1厨2卫', 'area': 129.0}, {'struture': '4室2厅1厨2卫', 'area': 145.0}, {'struture': '4室2厅1厨2卫', 'area': 165.0}, {'struture': '4室2厅1厨2卫', 'area': 190.0}]"
102,融信杭州世纪,待定,,30.200319290161133,120.27774047851562,0,[]
103,湖悦章府,25200,,30.132043838500977,120.25422668457031,4,"[{'struture': '3室2厅1厨2卫', 'area': 96.0}, {'struture': '3室2厅1厨2卫', 'area': 108.0}, {'struture': '4室2厅1厨2卫', 'area': 126.0}, {'struture': '4室2厅1厨2卫', 'area': 139.0}]"
104,嘉裕天城二期,19522,,30.18470573425293,120.41145324707031,4,"[{'struture': '3室2厅1厨2卫', 'area': 89.0}, {'struture': '3室2厅1厨2卫', 'area': 89.0}, {'struture': '4室2厅1厨2卫', 'area': 114.0}, {'struture': '4室2厅1厨2卫', 'area': 135.0}]"
105,时代滨江悦,42000,,30.18985939025879,120.2415771484375,0,[]
106,上塘九里,230,,30.42000389099121,120.10411834716797,0,[]
107,北大资源颐和江南,29000,,30.37173080444336,120.04520416259766,7,"[{'struture': '3室2厅1厨2卫', 'area': 112.0}, {'struture': '3室2厅1厨2卫', 'area': 125.0}, {'struture': '3室2厅1厨2卫', 'area': 125.0}, {'struture': '2室2厅1厨1卫', 'area': 83.0}, {'struture': '3室2厅1厨1卫', 'area': 83.0}, {'struture': '3室2厅1厨2卫', 'area': 89.0}, {'struture': '4室2厅1厨3卫', 'area': 139.0}]"
108,大华春山明月,41000,,30.27193260192871,119.81404876708984,6,"[{'struture': '3室2厅1厨3卫', 'area': 139.0}, {'struture': '3室2厅1厨3卫', 'area': 139.0}, {'struture': '3室2厅1厨3卫', 'area': 159.0}, {'struture': '3室2厅1厨3卫', 'area': 159.0}, {'struture': '5室2厅1厨4卫', 'area': 198.0}, {'struture': '5室2厅1厨4卫', 'area': 200.0}]"
109,中城汇MIDTOWN,38000,,30.33378028869629,120.12359619140625,3,"[{'struture': '4室2厅1厨2卫', 'area': 122.0}, {'struture': '3室2厅1厨1卫', 'area': 84.0}, {'struture': '3室2厅1厨2卫', 'area': 102.0}]"
110,绿城运河宸园,待定,,30.321407318115234,120.14141082763672,12,"[{'struture': '3室2厅1厨1卫', 'area': 89.0}, {'struture': '3室2厅1厨1卫', 'area': 89.0}, {'struture': '3室2厅1厨1卫', 'area': 89.0}, {'struture': '3室2厅1厨1卫', 'area': 89.0}, {'struture': '3室2厅1厨2卫', 'area': 89.0}, {'struture': '3室2厅1厨1卫', 'area': 89.0}, {'struture': '3室2厅1厨2卫', 'area': 89.0}, {'struture': '3室2厅1厨2卫', 'area': 89.0}, {'struture': '3室2厅1厨2卫', 'area': 126.0}, {'struture': '3室2厅1厨2卫', 'area': 136.0}, {'struture': '4室2厅1厨2卫', 'area': 181.0}, {'struture': '4室2厅1厨2卫', 'area': 189.0}]"
111,开元广场铂雅公馆,25500,,30.14006996154785,120.27287292480469,12,"[{'struture': '1室2厅1厨1卫', 'area': 55.0}, {'struture': '1室2厅1厨1卫', 'area': 59.0}, {'struture': '2室2厅1厨1卫', 'area': 65.0}, {'struture': '2室2厅1厨1卫', 'area': 84.0}, {'struture': '2室2厅1厨1卫', 'area': 97.0}, {'struture': '2室2厅1厨1卫', 'area': 78.0}, {'struture': '2室2厅1厨1卫', 'area': 83.0}, {'struture': '2室2厅1厨1卫', 'area': 85.0}, {'struture': '2室2厅1厨1卫', 'area': 85.0}, {'struture': '2室2厅1厨1卫', 'area': 86.0}, {'struture': '2室2厅1厨1卫', 'area': 86.0}, {'struture': '2室2厅1厨1卫', 'area': 86.0}]"
112,中港罗兰小镇,20000,,30.241497039794922,119.92726135253906,10,"[{'struture': '3室2厅1厨2卫', 'area': 109.0}, {'struture': '5室3厅1厨4卫', 'area': 150.0}, {'struture': '6室3厅1厨4卫', 'area': 170.0}, {'struture': '4室2厅1厨2卫', 'area': 114.0}, {'struture': '3室2厅1厨2卫', 'area': 89.0}, {'struture': '3室2厅1厨2卫', 'area': 89.0}, {'struture': '3室2厅1厨2卫', 'area': 89.0}, {'struture': '3室2厅1厨2卫', 'area': 109.0}, {'struture': '4室2厅1厨2卫', 'area': 108.0}, {'struture': '5室2厅1厨2卫', 'area': 119.0}]"
113,德信钱塘云庄,待定,,30.312944412231445,120.27787017822266,6,"[{'struture': '4室2厅1厨2卫', 'area': 127.0}, {'struture': '4室2厅1厨2卫', 'area': 127.0}, {'struture': '4室2厅1厨2卫', 'area': 127.0}, {'struture': '4室2厅1厨2卫', 'area': 127.0}, {'struture': '4室2厅1厨2卫', 'area': 139.0}, {'struture': '4室2厅1厨2卫', 'area': 139.0}]"
114,融信远洋厘望NEO1,待定,,30.303876876831055,120.14331817626953,2,"[{'struture': '4室2厅1厨2卫', 'area': 136.0}, {'struture': '4室2厅1厨2卫', 'area': 151.0}]"
115,御清城,22500,,30.424158096313477,120.27466583251953,7,"[{'struture': '3室2厅1厨2卫', 'area': 89.0}, {'struture': '3室2厅1厨2卫', 'area': 89.0}, {'struture': '3室2厅1厨2卫', 'area': 89.0}, {'struture': '3室2厅1厨2卫', 'area': 89.0}, {'struture': '3室2厅1厨2卫', 'area': 89.0}, {'struture': '4室2厅1厨2卫', 'area': 122.0}, {'struture': '4室2厅1厨2卫', 'area': 139.0}]"
116,碧桂园望江台,12500,,29.472198486328125,119.2754898071289,3,"[{'struture': '3室2厅1厨2卫', 'area': 98.0}, {'struture': '4室2厅1厨2卫', 'area': 117.0}, {'struture': '4室2厅1厨2卫', 'area': 132.0}]"
117,越秀景瑞悦见山,待定,,30.425521850585938,120.27454376220703,5,"[{'struture': '3室2厅1厨2卫', 'area': 89.0}, {'struture': '3室2厅1厨2卫', 'area': 89.0}, {'struture': '3室2厅1厨3卫', 'area': 135.0}, {'struture': '3室2厅1厨3卫', 'area': 138.0}, {'struture': '4室2厅1厨2卫', 'area': 120.0}]"
118,绿城曼陀花园（四期）,待定,,30.244495391845703,119.76666259765625,0,[]
119,汇高栢悦中心,770,,30.440250396728516,120.28997802734375,3,"[{'struture': '3室2厅1厨2卫', 'area': 89.0}, {'struture': '3室2厅1厨2卫', 'area': 89.0}, {'struture': '4室2厅1厨2卫', 'area': 120.0}]"
120,泰悦银座,待定,,30.02216148376465,120.198974609375,0,[]
121,阳光城元垄璞悦,17500,,30.10750961303711,120.49994659423828,0,[]
122,绿城桃源小镇四庭墅,28000,,30.243907928466797,119.97425079345703,0,[]
123,绿城桃源小镇四庭墅,28000,,30.243907928466797,119.97425079345703,0,[]
124,新城璟隽名邸,350,,30.19876480102539,120.29425811767578,11,"[{'struture': '1室1厅0厨1卫', 'area': 30.0}, {'struture': '3室2厅1厨2卫', 'area': 89.0}, {'struture': '3室2厅1厨2卫', 'area': 89.0}, {'struture': '3室2厅1厨2卫', 'area': 89.0}, {'struture': '1室2厅0厨1卫', 'area': 4.0}, {'struture': '1室2厅0厨1卫', 'area': 30.0}, {'struture': '1室1厅0厨1卫', 'area': 40.0}, {'struture': '2室2厅1厨2卫', 'area': 30.0}, {'struture': '2室2厅0厨2卫', 'area': 40.0}, {'struture': '3室2厅1厨2卫', 'area': 118.0}, {'struture': '4室2厅1厨2卫', 'area': 129.0}]"
125,滨江春盛大江名筑,15000,,30.279844284057617,120.50191497802734,7,"[{'struture': '4室2厅1厨2卫', 'area': 143.0}, {'struture': '4室2厅1厨2卫', 'area': 178.0}, {'struture': '4室2厅1厨2卫', 'area': 169.0}, {'struture': '5室2厅1厨3卫', 'area': 178.0}, {'struture': '6室3厅1厨7卫', 'area': 250.0}, {'struture': '6室3厅1厨7卫', 'area': 250.0}, {'struture': '9室5厅2厨8卫', 'area': 500.0}]"
126,杭房御东方,待定,,30.373193740844727,120.23611450195312,5,"[{'struture': '3室2厅1厨2卫', 'area': 99.0}, {'struture': '3室2厅1厨2卫', 'area': 101.0}, {'struture': '3室2厅1厨2卫', 'area': 103.0}, {'struture': '3室2厅1厨2卫', 'area': 137.0}, {'struture': '3室2厅1厨2卫', 'area': 138.0}]"
127,龙湖大家九龙仓璟宸府,40800,,30.31660270690918,120.2385482788086,10,"[{'struture': '4室2厅1厨3卫', 'area': 174.0}, {'struture': '4室2厅1厨3卫', 'area': 174.0}, {'struture': '4室2厅1厨3卫', 'area': 174.0}, {'struture': '4室2厅1厨3卫', 'area': 174.0}, {'struture': '4室2厅1厨3卫', 'area': 174.0}, {'struture': '4室2厅1厨3卫', 'area': 174.0}, {'struture': '4室2厅1厨3卫', 'area': 174.0}, {'struture': '4室2厅1厨2卫', 'area': 124.0}, {'struture': '4室2厅1厨2卫', 'area': 139.0}, {'struture': '4室2厅1厨3卫', 'area': 174.0}]"
128,招商闻博花城,待定,,30.201034545898438,120.24968719482422,3,"[{'struture': '3室2厅1厨2卫', 'area': 108.0}, {'struture': '4室2厅1厨2卫', 'area': 130.0}, {'struture': '4室2厅1厨2卫', 'area': 153.0}]"
129,旭辉东原吴越府,16920,,30.220043182373047,119.71674346923828,4,"[{'struture': '3室2厅1厨2卫', 'area': 97.0}, {'struture': '4室2厅1厨2卫', 'area': 129.0}, {'struture': '3室2厅1厨2卫', 'area': 97.0}, {'struture': '4室2厅1厨2卫', 'area': 139.0}]"
130,融信杭州公馆,待定,,30.298612594604492,120.13683319091797,8,"[{'struture': '3室2厅1厨2卫', 'area': 139.0}, {'struture': '5室2厅1厨3卫', 'area': 274.0}, {'struture': '6室4厅1厨5卫', 'area': 186.0}, {'struture': '1室1厅1厨1卫', 'area': 60.0}, {'struture': '2室2厅1厨2卫', 'area': 89.0}, {'struture': '2室2厅1厨2卫', 'area': 139.0}, {'struture': '3室2厅1厨2卫', 'area': 162.0}, {'struture': '6室3厅1厨4卫', 'area': 241.0}]"
131,金地玖峯汇,46200,,30.32708740234375,120.27800750732422,5,"[{'struture': '3室2厅1厨2卫', 'area': 89.0}, {'struture': '3室2厅1厨2卫', 'area': 89.0}, {'struture': '4室2厅1厨2卫', 'area': 122.0}, {'struture': '4室2厅1厨3卫', 'area': 140.0}, {'struture': '4室2厅1厨3卫', 'area': 140.0}]"
132,首开东城金茂府,47340,,30.30540657043457,120.23516845703125,5,"[{'struture': '4室2厅1厨2卫', 'area': 147.0}, {'struture': '4室2厅1厨3卫', 'area': 165.0}, {'struture': '3室2厅1厨2卫', 'area': 120.0}, {'struture': '3室2厅1厨2卫', 'area': 120.0}, {'struture': '4室2厅1厨2卫', 'area': 145.0}]"
133,临安宝龙广场,17000,,30.25508689880371,119.7308349609375,3,"[{'struture': '3室2厅1厨2卫', 'area': 95.0}, {'struture': '4室2厅1厨2卫', 'area': 116.0}, {'struture': '4室2厅1厨2卫', 'area': 128.0}]"
134,阳光城上林湖,19200,,30.157733917236328,119.97828674316406,0,[]
135,潮闻天下,27000,,30.293386459350586,120.42198181152344,10,"[{'struture': '7室4厅1厨7卫', 'area': 280.0}, {'struture': '8室4厅1厨5卫', 'area': 208.0}, {'struture': '8室4厅1厨5卫', 'area': 230.0}, {'struture': '8室4厅1厨4卫', 'area': 180.0}, {'struture': '3室2厅1厨2卫', 'area': 83.0}, {'struture': '3室2厅1厨2卫', 'area': 83.0}, {'struture': '3室2厅1厨2卫', 'area': 86.0}, {'struture': '3室2厅1厨2卫', 'area': 88.0}, {'struture': '4室2厅1厨2卫', 'area': 123.0}, {'struture': '4室2厅1厨2卫', 'area': 132.0}]"
136,德信金茂佳源府,25200,,30.132810592651367,120.2486801147461,5,"[{'struture': '2室2厅1厨1卫', 'area': 85.0}, {'struture': '3室2厅1厨2卫', 'area': 89.0}, {'struture': '4室2厅1厨2卫', 'area': 120.0}, {'struture': '4室2厅1厨2卫', 'area': 143.0}, {'struture': '4室2厅1厨3卫', 'area': 163.0}]"
137,德信九溪云庄,42900,,30.16297721862793,120.09904479980469,0,[]
138,九龙仓天御,待定,,30.317184448242188,120.17769622802734,0,[]
139,万科公望,1200,,30.086292266845703,120.02755737304688,12,"[{'struture': '4室2厅1厨5卫', 'area': 231.0}, {'struture': '4室2厅1厨5卫', 'area': 231.0}, {'struture': '4室2厅1厨5卫', 'area': 231.0}, {'struture': '4室2厅1厨5卫', 'area': 231.0}, {'struture': '4室2厅1厨5卫', 'area': 231.0}, {'struture': '4室2厅1厨5卫', 'area': 231.0}, {'struture': '5室2厅1厨5卫', 'area': 205.0}, {'struture': '5室2厅1厨5卫', 'area': 205.0}, {'struture': '5室2厅1厨5卫', 'area': 205.0}, {'struture': '5室2厅1厨4卫', 'area': 244.0}, {'struture': '5室2厅1厨4卫', 'area': 244.0}, {'struture': '5室2厅1厨4卫', 'area': 244.0}]"
140,滨湖天地,17866,,30.236469268798828,119.74784851074219,10,"[{'struture': '3室2厅1厨2卫', 'area': 91.0}, {'struture': '3室2厅1厨2卫', 'area': 92.0}, {'struture': '4室2厅1厨2卫', 'area': 118.0}, {'struture': '4室2厅1厨2卫', 'area': 127.0}, {'struture': '4室2厅1厨3卫', 'area': 140.0}, {'struture': '4室2厅1厨3卫', 'area': 167.0}, {'struture': '1室2厅1厨1卫', 'area': 66.0}, {'struture': '1室2厅1厨1卫', 'area': 67.0}, {'struture': '1室2厅1厨1卫', 'area': 61.0}, {'struture': '3室2厅1厨1卫', 'area': 81.0}]"
141,德信大家运河云庄,待定,,30.355819702148438,120.1366958618164,0,[]
142,杭州江山风华(北区),19500,,30.449642181396484,120.24246978759766,11,"[{'struture': '3室2厅1厨2卫', 'area': 95.0}, {'struture': '3室2厅1厨2卫', 'area': 95.0}, {'struture': '3室2厅1厨2卫', 'area': 95.0}, {'struture': '3室2厅1厨2卫', 'area': 95.0}, {'struture': '3室2厅1厨2卫', 'area': 95.0}, {'struture': '3室2厅1厨2卫', 'area': 95.0}, {'struture': '4室2厅1厨2卫', 'area': 95.0}, {'struture': '4室2厅1厨2卫', 'area': 125.0}, {'struture': '4室2厅1厨2卫', 'area': 125.0}, {'struture': '4室2厅1厨2卫', 'area': 125.0}, {'struture': '4室2厅1厨2卫', 'area': 125.0}]"
143,承安HYGGE源翠府,待定,,30.390132904052734,120.18728637695312,0,[]
144,中交悦美庐,待定,,30.38846778869629,120.28535461425781,0,[]
145,绿城学府新城,待定,,30.134628295898438,120.34561920166016,7,"[{'struture': '3室2厅1厨1卫', 'area': 100.0}, {'struture': '3室2厅1厨2卫', 'area': 110.0}, {'struture': '3室2厅1厨2卫', 'area': 112.0}, {'struture': '3室2厅1厨2卫', 'area': 118.0}, {'struture': '3室2厅1厨2卫', 'area': 118.0}, {'struture': '4室3厅1厨2卫', 'area': 122.0}, {'struture': '4室2厅1厨2卫', 'area': 141.0}]"
146,旭辉中粮朗香郡,19409,,30.256452560424805,119.82991790771484,0,[]
147,融创莫干溪谷,32000,,30.582576751708984,119.99639892578125,12,"[{'struture': '2室2厅1厨3卫', 'area': 111.0}, {'struture': '2室2厅1厨3卫', 'area': 111.0}, {'struture': '2室2厅1厨3卫', 'area': 132.0}, {'struture': '2室2厅1厨3卫', 'area': 132.0}, {'struture': '3室2厅1厨2卫', 'area': 84.0}, {'struture': '3室2厅1厨2卫', 'area': 105.0}, {'struture': '3室2厅1厨3卫', 'area': 169.0}, {'struture': '3室2厅1厨3卫', 'area': 169.0}, {'struture': '4室2厅1厨2卫', 'area': 133.0}, {'struture': '4室2厅1厨3卫', 'area': 154.0}, {'struture': '4室2厅1厨3卫', 'area': 176.0}, {'struture': '4室2厅1厨3卫', 'area': 176.0}]"
148,千岛湖桃花园,待定,,29.598621368408203,119.0071792602539,0,[]
149,阳光城山水悦江府,22000,,30.020475387573242,119.90193939208984,0,[]
150,孔雀城京杭上宸,待定,,30.527931213378906,120.15090942382812,0,[]
151,西径晓风,待定,,30.279888153076172,119.73729705810547,0,[]
152,万科未来之光,待定,,30.365821838378906,120.06101989746094,0,[]
153,融信万科古翠隐秀,54000,,30.302127838134766,120.12483978271484,7,"[{'struture': '4室2厅1厨2卫', 'area': 144.0}, {'struture': '4室2厅1厨2卫', 'area': 144.0}, {'struture': '4室2厅2厨2卫', 'area': 144.0}, {'struture': '4室2厅1厨2卫', 'area': 144.0}, {'struture': '4室2厅1厨3卫', 'area': 200.0}, {'struture': '4室2厅1厨3卫', 'area': 175.0}, {'struture': '4室2厅1厨3卫', 'area': 200.0}]"
154,滨江金地御品,700,,30.244369506835938,120.19068145751953,10,"[{'struture': '3室2厅1厨2卫', 'area': 116.0}, {'struture': '3室2厅1厨2卫', 'area': 119.0}, {'struture': '3室2厅1厨2卫', 'area': 119.0}, {'struture': '3室2厅1厨2卫', 'area': 119.0}, {'struture': '3室2厅1厨2卫', 'area': 120.0}, {'struture': '4室2厅1厨2卫', 'area': 137.0}, {'struture': '4室2厅1厨3卫', 'area': 143.0}, {'struture': '4室2厅1厨2卫', 'area': 165.0}, {'struture': '4室2厅1厨2卫', 'area': 170.0}, {'struture': '5室2厅1厨3卫', 'area': 191.0}]"
155,风荷锦庭,20300,,30.077028274536133,120.216064453125,4,"[{'struture': '3室2厅1厨2卫', 'area': 95.0}, {'struture': '3室2厅1厨2卫', 'area': 98.0}, {'struture': '4室2厅1厨2卫', 'area': 125.0}, {'struture': '4室2厅1厨2卫', 'area': 125.0}]"
156,天都城滨沁公寓,待定,,30.39289665222168,120.25830078125,6,"[{'struture': '2室2厅1厨2卫', 'area': 90.0}, {'struture': '2室2厅1厨2卫', 'area': 90.0}, {'struture': '2室2厅1厨1卫', 'area': 90.0}, {'struture': '2室2厅1厨1卫', 'area': 90.0}, {'struture': '3室2厅1厨2卫', 'area': 115.0}, {'struture': '3室2厅1厨2卫', 'area': 115.0}]"
157,天都城滨沁公寓,待定,,30.39289665222168,120.25830078125,6,"[{'struture': '2室2厅1厨2卫', 'area': 90.0}, {'struture': '2室2厅1厨2卫', 'area': 90.0}, {'struture': '2室2厅1厨1卫', 'area': 90.0}, {'struture': '2室2厅1厨1卫', 'area': 90.0}, {'struture': '3室2厅1厨2卫', 'area': 115.0}, {'struture': '3室2厅1厨2卫', 'area': 115.0}]"
158,绿城富春玫瑰园,800,,30.084035873413086,120.01551055908203,12,"[{'struture': '5室2厅1厨6卫', 'area': 246.0}, {'struture': '5室4厅1厨6卫', 'area': 315.0}, {'struture': '7室4厅1厨3卫', 'area': 496.0}, {'struture': '7室4厅1厨3卫', 'area': 506.0}, {'struture': '7室4厅1厨3卫', 'area': 510.0}, {'struture': '7室5厅1厨3卫', 'area': 530.0}, {'struture': '7室4厅1厨3卫', 'area': 572.0}, {'struture': '8室5厅1厨3卫', 'area': 670.0}, {'struture': '8室5厅1厨4卫', 'area': 820.0}, {'struture': '10室7厅1厨6卫', 'area': 1505.0}, {'struture': '5室4厅1厨6卫', 'area': 260.0}, {'struture': '7室5厅1厨5卫', 'area': 500.0}]"
159,中梁云都汇中心,待定,,30.144134521484375,120.09741973876953,0,[]
160,上实海上海(二期),待定,,30.35210418701172,120.08627319335938,10,"[{'struture': '3室2厅1厨1卫', 'area': 83.0}, {'struture': '3室2厅1厨1卫', 'area': 83.0}, {'struture': '3室2厅1厨2卫', 'area': 89.0}, {'struture': '3室2厅1厨2卫', 'area': 89.0}, {'struture': '3室2厅1厨2卫', 'area': 89.0}, {'struture': '3室2厅1厨2卫', 'area': 89.0}, {'struture': '3室2厅1厨2卫', 'area': 110.0}, {'struture': '3室2厅1厨2卫', 'area': 110.0}, {'struture': '4室2厅1厨2卫', 'area': 116.0}, {'struture': '4室2厅1厨2卫', 'area': 116.0}]"
161,滨江盛元湘湖里,100000,,30.123437881469727,120.20059204101562,0,[]
162,怀石雅苑,17200,,30.08517837524414,120.02816009521484,8,"[{'struture': '3室2厅1厨2卫', 'area': 128.0}, {'struture': '4室2厅1厨2卫', 'area': 132.0}, {'struture': '4室2厅1厨3卫', 'area': 139.0}, {'struture': '4室2厅1厨3卫', 'area': 139.0}, {'struture': '4室2厅1厨3卫', 'area': 139.0}, {'struture': '4室2厅1厨3卫', 'area': 139.0}, {'struture': '4室2厅1厨3卫', 'area': 139.0}, {'struture': '4室2厅1厨3卫', 'area': 139.0}]"
163,雅棠轩,30000,,30.198699951171875,120.29209899902344,0,[]
164,春天学府,19000,,30.23360252380371,119.70890808105469,0,[]
165,富力湖滨悦居,13000,,29.642576217651367,119.06321716308594,7,"[{'struture': '2室1厅1厨1卫', 'area': 60.0}, {'struture': '2室1厅1厨1卫', 'area': 60.0}, {'struture': '3室2厅1厨2卫', 'area': 89.0}, {'struture': '4室2厅1厨2卫', 'area': 118.0}, {'struture': '4室2厅1厨2卫', 'area': 128.0}, {'struture': '4室2厅1厨2卫', 'area': 128.0}, {'struture': '4室2厅1厨2卫', 'area': 138.0}]"
166,万科西望,20000,,30.247209548950195,119.72325134277344,3,"[{'struture': '4室2厅1厨2卫', 'area': 184.0}, {'struture': '4室2厅1厨2卫', 'area': 184.0}, {'struture': '4室2厅1厨2卫', 'area': 184.0}]"
167,华景川万科潮起东方,21500,,30.35335350036621,120.39056396484375,7,"[{'struture': '3室2厅1厨1卫', 'area': 84.0}, {'struture': '3室2厅1厨2卫', 'area': 89.0}, {'struture': '3室2厅1厨2卫', 'area': 89.0}, {'struture': '3室2厅1厨2卫', 'area': 89.0}, {'struture': '3室2厅1厨2卫', 'area': 89.0}, {'struture': '4室2厅1厨2卫', 'area': 108.0}, {'struture': '4室2厅1厨2卫', 'area': 120.0}]"
168,世宸名府,29000,,30.18421745300293,120.30731964111328,4,"[{'struture': '3室2厅1厨2卫', 'area': 89.0}, {'struture': '3室2厅1厨2卫', 'area': 89.0}, {'struture': '3室2厅1厨2卫', 'area': 110.0}, {'struture': '4室2厅1厨2卫', 'area': 137.0}]"
169,蓝城春风燕语,22874.68,,30.25449562072754,119.82942199707031,4,"[{'struture': '4室2厅1厨3卫', 'area': 148.0}, {'struture': '4室2厅1厨3卫', 'area': 158.0}, {'struture': '4室2厅1厨3卫', 'area': 162.0}, {'struture': '4室2厅1厨3卫', 'area': 173.0}]"
170,招商武林郡,40000,,30.31254005432129,120.2626724243164,0,[]
171,九龙仓天玺,待定,,30.307565689086914,120.1270751953125,0,[]
172,融创望海潮,待定,,30.199817657470703,120.2861557006836,8,"[{'struture': '3室2厅1厨2卫', 'area': 89.0}, {'struture': '3室2厅1厨2卫', 'area': 89.0}, {'struture': '4室2厅1厨2卫', 'area': 125.0}, {'struture': '3室2厅1厨2卫', 'area': 89.0}, {'struture': '3室2厅1厨2卫', 'area': 89.0}, {'struture': '4室2厅1厨2卫', 'area': 145.0}, {'struture': '4室2厅1厨2卫', 'area': 145.0}, {'struture': '3室2厅1厨2卫', 'area': 89.0}]"
173,融创金成璞樾大观,19667,,30.27707862854004,119.73332977294922,6,"[{'struture': '3室2厅1厨2卫', 'area': 95.0}, {'struture': '3室2厅1厨2卫', 'area': 98.0}, {'struture': '4室2厅1厨2卫', 'area': 126.0}, {'struture': '4室2厅1厨2卫', 'area': 128.0}, {'struture': '5室2厅1厨4卫', 'area': 215.0}, {'struture': '5室2厅1厨4卫', 'area': 225.0}]"
174,中国中铁溪畔云璟府,待定,,30.09355926513672,119.94523620605469,2,"[{'struture': '3室2厅1厨1卫', 'area': 88.0}, {'struture': '3室2厅1厨2卫', 'area': 98.0}]"
175,理想康城一品,26000,,30.408035278320312,120.29923248291016,12,"[{'struture': '3室2厅1厨2卫', 'area': 128.55}, {'struture': '3室2厅1厨2卫', 'area': 138.94}, {'struture': '3室2厅1厨2卫', 'area': 139.89}, {'struture': '3室2厅1厨2卫', 'area': 162.05}, {'struture': '3室2厅1厨3卫', 'area': 173.9}, {'struture': '3室2厅1厨3卫', 'area': 180.67}, {'struture': '4室2厅1厨2卫', 'area': 175.51}, {'struture': '4室2厅1厨2卫', 'area': 179.0}, {'struture': '4室2厅1厨2卫', 'area': 191.52}, {'struture': '4室2厅1厨3卫', 'area': 215.26}, {'struture': '4室2厅1厨3卫', 'area': 216.0}, {'struture': '4室2厅1厨4卫', 'area': 230.29}]"
176,中梁御府,待定,,30.241374969482422,119.97080993652344,12,"[{'struture': '3室2厅1厨2卫', 'area': 89.0}, {'struture': '3室2厅1厨2卫', 'area': 89.0}, {'struture': '3室2厅1厨3卫', 'area': 147.0}, {'struture': '3室2厅1厨3卫', 'area': 147.0}, {'struture': '3室2厅1厨3卫', 'area': 147.0}, {'struture': '3室2厅1厨3卫', 'area': 147.0}, {'struture': '3室2厅1厨3卫', 'area': 147.0}, {'struture': '3室2厅1厨3卫', 'area': 147.0}, {'struture': '3室2厅1厨3卫', 'area': 152.0}, {'struture': '3室2厅1厨3卫', 'area': 152.0}, {'struture': '3室2厅1厨3卫', 'area': 152.0}, {'struture': '4室2厅1厨4卫', 'area': 167.0}]"
177,越秀星汇城,待定,,30.270870208740234,119.83453369140625,8,"[{'struture': '2室1厅1厨1卫', 'area': 88.0}, {'struture': '2室2厅1厨1卫', 'area': 89.0}, {'struture': '2室2厅1厨2卫', 'area': 90.0}, {'struture': '2室2厅1厨2卫', 'area': 97.0}, {'struture': '2室2厅1厨2卫', 'area': 99.0}, {'struture': '3室2厅1厨2卫', 'area': 135.0}, {'struture': '3室2厅1厨2卫', 'area': 139.0}, {'struture': '3室2厅1厨2卫', 'area': 142.0}]"
178,春意江南名邸,待定,,30.31975555419922,120.4519271850586,0,[]
179,碧桂园越溪府,25000,,30.061084747314453,120.25597381591797,0,[]
180,天阳蔚蓝,18500,,30.25290870666504,119.8376693725586,3,"[{'struture': '3室2厅1厨2卫', 'area': 98.0}, {'struture': '3室2厅1厨2卫', 'area': 102.0}, {'struture': '4室2厅1厨2卫', 'area': 121.0}]"
181,恒大御泉四季,39,,29.38694190979004,119.227783203125,12,"[{'struture': '1室1厅1厨1卫', 'area': 50.0}, {'struture': '2室2厅1厨1卫', 'area': 77.0}, {'struture': '2室2厅1厨1卫', 'area': 80.0}, {'struture': '2室2厅1厨2卫', 'area': 110.0}, {'struture': '2室2厅1厨2卫', 'area': 121.0}, {'struture': '3室2厅1厨1卫', 'area': 108.0}, {'struture': '3室2厅1厨1卫', 'area': 112.0}, {'struture': '3室2厅1厨2卫', 'area': 117.0}, {'struture': '3室2厅1厨2卫', 'area': 120.0}, {'struture': '3室2厅1厨2卫', 'area': 124.0}, {'struture': '3室2厅1厨2卫', 'area': 130.0}, {'struture': '3室2厅1厨3卫', 'area': 155.0}]"
182,保亿麓语湖苑,17947,,30.235673904418945,119.8193588256836,4,"[{'struture': '4室2厅1厨2卫', 'area': 117.0}, {'struture': '3室2厅1厨1卫', 'area': 85.0}, {'struture': '3室2厅1厨2卫', 'area': 92.0}, {'struture': '3室2厅1厨2卫', 'area': 96.0}]"
183,湖滨外滩,21000,,30.238117218017578,119.74000549316406,6,"[{'struture': '3室2厅1厨2卫', 'area': 89.0}, {'struture': '3室2厅1厨2卫', 'area': 89.0}, {'struture': '3室2厅1厨2卫', 'area': 89.0}, {'struture': '4室2厅1厨2卫', 'area': 123.0}, {'struture': '4室2厅1厨2卫', 'area': 130.0}, {'struture': '4室2厅1厨2卫', 'area': 131.0}]"
184,竹径云山,待定,,30.359386444091797,120.00775146484375,10,"[{'struture': '3室2厅1厨3卫', 'area': 122.0}, {'struture': '3室2厅1厨3卫', 'area': 122.0}, {'struture': '4室2厅1厨4卫', 'area': 173.0}, {'struture': '3室2厅1厨2卫', 'area': 120.0}, {'struture': '4室2厅1厨4卫', 'area': 173.0}, {'struture': '5室2厅2厨4卫', 'area': 190.0}, {'struture': '3室2厅1厨1卫', 'area': 87.0}, {'struture': '3室2厅1厨1卫', 'area': 90.0}, {'struture': '3室2厅1厨2卫', 'area': 115.0}, {'struture': '4室2厅1厨4卫', 'area': 180.0}]"
185,汇雅轩,待定,,30.19907569885254,120.28616333007812,0,[]
186,保亿湖风雅园,待定,,30.118654251098633,120.21151733398438,0,[]
187,建德恒大林溪郡,13000,,29.484725952148438,119.29468536376953,0,[]
188,众安西溪未来里,待定,,30.24132537841797,120.01313018798828,7,"[{'struture': '3室2厅1厨2卫', 'area': 89.0}, {'struture': '3室2厅1厨2卫', 'area': 89.0}, {'struture': '3室2厅1厨2卫', 'area': 89.0}, {'struture': '4室2厅1厨2卫', 'area': 112.0}, {'struture': '4室2厅1厨2卫', 'area': 125.0}, {'struture': '4室2厅1厨2卫', 'area': 126.0}, {'struture': '4室2厅1厨2卫', 'area': 126.0}]"
189,绿城西子青山湖玫瑰园,298,,30.25652313232422,119.793701171875,12,"[{'struture': '2室2厅1厨2卫', 'area': 99.04}, {'struture': '2室2厅1厨2卫', 'area': 100.71}, {'struture': '3室2厅1厨2卫', 'area': 122.59}, {'struture': '3室2厅1厨2卫', 'area': 129.7}, {'struture': '4室2厅1厨4卫', 'area': 322.0}, {'struture': '4室2厅1厨4卫', 'area': 341.0}, {'struture': '4室2厅1厨4卫', 'area': 373.0}, {'struture': '4室2厅1厨4卫', 'area': 419.0}, {'struture': '4室2厅1厨4卫', 'area': 443.0}, {'struture': '4室2厅1厨4卫', 'area': 507.0}, {'struture': '4室2厅1厨4卫', 'area': 522.0}, {'struture': '4室2厅1厨4卫', 'area': 530.0}]"
190,卓越中锐星央悦府,待定,,30.329238891601562,120.49744415283203,0,[]
191,侨福明园,25000,,30.40016746520996,120.31440734863281,0,[]
192,云山九里,930,,29.752872467041016,119.69868469238281,10,"[{'struture': '2室2厅1厨2卫', 'area': 90.0}, {'struture': '2室2厅1厨2卫', 'area': 91.0}, {'struture': '2室2厅1厨2卫', 'area': 96.0}, {'struture': '3室2厅1厨2卫', 'area': 111.0}, {'struture': '3室2厅1厨2卫', 'area': 111.0}, {'struture': '3室2厅1厨2卫', 'area': 120.0}, {'struture': '4室2厅1厨3卫', 'area': 150.0}, {'struture': '4室2厅1厨3卫', 'area': 170.0}, {'struture': '4室2厅1厨3卫', 'area': 170.0}, {'struture': '5室2厅1厨4卫', 'area': 190.0}]"
193,绿城国际社区,16500,,30.275848388671875,119.83050537109375,0,[]
194,观棠明月,待定,,30.47479248046875,120.20093536376953,0,[]
195,高悦府,15000,,29.91159439086914,119.87537384033203,0,[]
196,远洋湖映宸章,17000,,30.429319381713867,120.35137939453125,7,"[{'struture': '3室2厅1厨2卫', 'area': 94.0}, {'struture': '3室2厅1厨2卫', 'area': 98.0}, {'struture': '3室2厅1厨2卫', 'area': 99.0}, {'struture': '4室2厅1厨2卫', 'area': 119.0}, {'struture': '4室2厅1厨2卫', 'area': 120.0}, {'struture': '4室2厅1厨2卫', 'area': 137.0}, {'struture': '4室2厅1厨2卫', 'area': 142.0}]"
197,千岛湖嘉苑,20000,,29.599878311157227,119.10713958740234,5,"[{'struture': '3室2厅1厨2卫', 'area': 88.0}, {'struture': '3室2厅1厨2卫', 'area': 121.0}, {'struture': '3室2厅1厨2卫', 'area': 131.0}, {'struture': '4室2厅1厨2卫', 'area': 141.0}, {'struture': '5室2厅1厨3卫', 'area': 158.0}]"
198,杭州江山风华(南区),待定,,30.449642181396484,120.24246978759766,0,[]
199,新奇世界上影安吉,19000,,30.693880081176758,119.62102508544922,7,"[{'struture': '1室1厅1厨1卫', 'area': 48.0}, {'struture': '1室1厅1厨1卫', 'area': 55.0}, {'struture': '1室1厅1厨1卫', 'area': 64.0}, {'struture': '2室2厅1厨1卫', 'area': 85.0}, {'struture': '3室2厅1厨3卫', 'area': 163.0}, {'struture': '3室2厅1厨3卫', 'area': 163.0}, {'struture': '3室2厅1厨3卫', 'area': 163.0}]"
200,德信时光之宸,待定,,30.02342414855957,120.19608306884766,5,"[{'struture': '3室2厅1厨2卫', 'area': 89.0}, {'struture': '3室2厅1厨2卫', 'area': 89.0}, {'struture': '3室2厅1厨2卫', 'area': 96.0}, {'struture': '3室2厅1厨2卫', 'area': 96.0}, {'struture': '4室2厅1厨2卫', 'area': 122.0}]"
201,碧桂园中南海上传奇,13000,,30.338529586791992,121.21703338623047,5,"[{'struture': '2室2厅1厨1卫', 'area': 67.0}, {'struture': '2室2厅1厨1卫', 'area': 79.0}, {'struture': '3室2厅1厨2卫', 'area': 99.0}, {'struture': '4室2厅1厨2卫', 'area': 129.0}, {'struture': '4室2厅1厨2卫', 'area': 143.0}]"
202,融创云潮府,33200,,30.23589324951172,120.35325622558594,5,"[{'struture': '2室2厅1厨2卫', 'area': 97.0}, {'struture': '2室2厅1厨2卫', 'area': 98.0}, {'struture': '3室2厅1厨2卫', 'area': 129.0}, {'struture': '4室2厅1厨2卫', 'area': 122.0}, {'struture': '4室2厅1厨2卫', 'area': 128.0}]"
203,金科碧桂园博翠府,30700,,30.378332138061523,120.14747619628906,9,"[{'struture': '3室2厅1厨2卫', 'area': 118.0}, {'struture': '3室2厅1厨3卫', 'area': 139.0}, {'struture': '3室2厅1厨3卫', 'area': 139.0}, {'struture': '4室2厅1厨2卫', 'area': 122.0}, {'struture': '4室2厅1厨2卫', 'area': 129.0}, {'struture': '4室2厅1厨2卫', 'area': 129.0}, {'struture': '4室2厅1厨2卫', 'area': 135.0}, {'struture': '4室2厅1厨2卫', 'area': 137.0}, {'struture': '4室2厅1厨2卫', 'area': 137.0}]"
204,恒大滨江御府,13500,,29.721654891967773,120.20396423339844,6,"[{'struture': '3室2厅1厨2卫', 'area': 112.0}, {'struture': '3室2厅1厨1卫', 'area': 99.0}, {'struture': '3室2厅1厨2卫', 'area': 131.0}, {'struture': '3室2厅1厨2卫', 'area': 137.0}, {'struture': '3室2厅1厨2卫', 'area': 151.0}, {'struture': '4室2厅1厨2卫', 'area': 125.0}]"
205,奥克斯金宸玖和府,35000,,30.193315505981445,120.31648254394531,4,"[{'struture': '3室2厅1厨2卫', 'area': 95.0}, {'struture': '3室2厅1厨2卫', 'area': 115.0}, {'struture': '4室2厅1厨2卫', 'area': 125.0}, {'struture': '4室2厅1厨2卫', 'area': 139.0}]"
206,融创金成江南府,23000,,30.246723175048828,119.97584533691406,8,"[{'struture': '4室2厅1厨2卫', 'area': 136.0}, {'struture': '3室2厅1厨2卫', 'area': 89.0}, {'struture': '3室2厅1厨2卫', 'area': 89.0}, {'struture': '3室2厅1厨2卫', 'area': 89.0}, {'struture': '4室2厅1厨2卫', 'area': 124.0}, {'struture': '4室2厅1厨2卫', 'area': 128.0}, {'struture': '4室2厅1厨2卫', 'area': 139.0}, {'struture': '4室2厅1厨2卫', 'area': 147.0}]"
207,碧桂园玖晟府,16847,,30.206043243408203,119.7007827758789,4,"[{'struture': '4室2厅1厨2卫', 'area': 125.0}, {'struture': '5室2厅1厨3卫', 'area': 140.0}, {'struture': '2室2厅1厨1卫', 'area': 89.0}, {'struture': '3室2厅1厨2卫', 'area': 115.0}]"
208,天城府天著,35000,,30.303991317749023,120.20330810546875,12,"[{'struture': '3室2厅1厨1卫', 'area': 84.0}, {'struture': '3室2厅1厨1卫', 'area': 85.0}, {'struture': '3室2厅1厨1卫', 'area': 85.0}, {'struture': '3室2厅1厨1卫', 'area': 87.0}, {'struture': '3室2厅1厨2卫', 'area': 87.0}, {'struture': '3室2厅1厨2卫', 'area': 88.0}, {'struture': '3室2厅1厨2卫', 'area': 88.0}, {'struture': '3室2厅1厨2卫', 'area': 88.0}, {'struture': '3室2厅1厨2卫', 'area': 89.0}, {'struture': '3室2厅1厨1卫', 'area': 89.0}, {'struture': '3室2厅1厨2卫', 'area': 89.0}, {'struture': '3室2厅1厨2卫', 'area': 89.0}]"
209,绿都鉴未来,25800,,30.242738723754883,119.92837524414062,2,"[{'struture': '3室2厅1厨2卫', 'area': 89.0}, {'struture': '3室2厅1厨2卫', 'area': 107.0}]"
210,金茂万科新都会,21000,,30.097957611083984,119.93562316894531,2,"[{'struture': '3室2厅1厨2卫', 'area': 95.0}, {'struture': '3室2厅1厨2卫', 'area': 115.0}]"
211,世茂天宸,42000,,30.281383514404297,120.20088195800781,12,"[{'struture': '4室2厅1厨3卫', 'area': 226.0}, {'struture': '2室2厅1厨2卫', 'area': 90.0}, {'struture': '2室2厅1厨1卫', 'area': 90.0}, {'struture': '2室2厅1厨1卫', 'area': 90.0}, {'struture': '2室2厅1厨2卫', 'area': 90.0}, {'struture': '2室2厅1厨2卫', 'area': 90.0}, {'struture': '2室2厅1厨2卫', 'area': 90.0}, {'struture': '3室2厅1厨2卫', 'area': 120.0}, {'struture': '3室2厅1厨2卫', 'area': 140.0}, {'struture': '3室2厅1厨2卫', 'area': 190.0}, {'struture': '4室2厅1厨2卫', 'area': 181.0}, {'struture': '4室2厅1厨2卫', 'area': 190.0}]"
212,景瑞阳明谷,2600,,30.175447463989258,120.0921630859375,4,"[{'struture': '6室3厅2厨2卫', 'area': 366.8}, {'struture': '6室3厅2厨2卫', 'area': 383.8}, {'struture': '8室4厅2厨4卫', 'area': 339.2}, {'struture': '3室2厅1厨2卫', 'area': 119.5}]"
213,宸宇府,44587,,30.13819122314453,120.28878784179688,0,[]
214,合景天誉,34753,,30.183441162109375,120.2669677734375,4,"[{'struture': '4室2厅1厨2卫', 'area': 127.0}, {'struture': '4室2厅1厨2卫', 'area': 140.0}, {'struture': '4室2厅1厨2卫', 'area': 160.0}, {'struture': '4室2厅1厨2卫', 'area': 190.0}]"
215,万科郡西云台,56000,,30.366270065307617,120.0284423828125,2,"[{'struture': '3室3厅1厨3卫', 'area': 320.0}, {'struture': '3室3厅1厨3卫', 'area': 337.0}]"
216,万城杭宁府,25000,,30.401578903198242,120.3139419555664,0,[]
217,东原德信九章赋,待定,,30.149456024169922,120.2675552368164,3,"[{'struture': '3室2厅1厨2卫', 'area': 98.0}, {'struture': '4室2厅1厨2卫', 'area': 124.0}, {'struture': '4室2厅1厨2卫', 'area': 138.0}]"
218,绿城柳岸晓风,11000,,30.65215492248535,119.619384765625,10,"[{'struture': '2室2厅1厨1卫', 'area': 75.0}, {'struture': '3室2厅1厨2卫', 'area': 95.0}, {'struture': '3室2厅1厨2卫', 'area': 115.0}, {'struture': '3室2厅1厨2卫', 'area': 122.0}, {'struture': '3室2厅1厨2卫', 'area': 135.0}, {'struture': '3室2厅1厨2卫', 'area': 136.0}, {'struture': '3室2厅1厨2卫', 'area': 139.0}, {'struture': '4室2厅1厨2卫', 'area': 140.0}, {'struture': '4室2厅1厨3卫', 'area': 162.0}, {'struture': '43室2厅1厨2卫', 'area': 136.0}]"
219,融创东麟府,20000,,30.198116302490234,120.46528625488281,12,"[{'struture': '3室2厅1厨2卫', 'area': 95.0}, {'struture': '3室2厅1厨2卫', 'area': 95.0}, {'struture': '3室2厅1厨2卫', 'area': 95.0}, {'struture': '3室2厅1厨2卫', 'area': 95.0}, {'struture': '3室2厅1厨2卫', 'area': 116.0}, {'struture': '3室2厅1厨2卫', 'area': 116.0}, {'struture': '4室2厅1厨2卫', 'area': 145.0}, {'struture': '4室2厅1厨2卫', 'area': 145.0}, {'struture': '4室2厅1厨3卫', 'area': 155.0}, {'struture': '4室2厅1厨3卫', 'area': 155.0}, {'struture': '4室2厅1厨3卫', 'area': 160.0}, {'struture': '4室2厅1厨3卫', 'area': 160.0}]"
220,绿城曼陀花园,19000,,30.245868682861328,119.76448822021484,0,[]
221,铂瑞悦府,待定,,30.305477142333984,120.2270278930664,4,"[{'struture': '开间', 'area': 55.0}, {'struture': '1室1厅1厨2卫', 'area': 36.0}, {'struture': '2室2厅1厨2卫', 'area': 55.0}, {'struture': '2室1厅1厨2卫', 'area': 55.0}]"
222,明华名港城二期,待定,,30.176990509033203,120.45996856689453,12,"[{'struture': '3室2厅1厨2卫', 'area': 92.0}, {'struture': '3室2厅1厨2卫', 'area': 94.0}, {'struture': '3室2厅1厨2卫', 'area': 97.0}, {'struture': '3室2厅1厨2卫', 'area': 98.0}, {'struture': '3室2厅1厨2卫', 'area': 100.0}, {'struture': '3室2厅1厨2卫', 'area': 100.0}, {'struture': '3室2厅1厨2卫', 'area': 101.0}, {'struture': '3室2厅1厨2卫', 'area': 105.0}, {'struture': '3室2厅1厨2卫', 'area': 108.0}, {'struture': '4室2厅1厨2卫', 'area': 99.0}, {'struture': '4室2厅1厨2卫', 'area': 122.0}, {'struture': '4室2厅1厨2卫', 'area': 135.0}]"
223,中南棠玥湾,待定,,30.3055477142334,120.24212646484375,0,[]
224,阳光城檀悦,待定,,30.225845336914062,120.25389099121094,0,[]
225,奥园华景川上锦宸府,待定,,30.46624755859375,120.22906494140625,0,[]
226,天目观山月,12500,,30.292158126831055,119.46056365966797,9,"[{'struture': '1室1厅0厨1卫', 'area': 44.0}, {'struture': '1室1厅0厨1卫', 'area': 44.0}, {'struture': '1室1厅0厨1卫', 'area': 50.0}, {'struture': '1室1厅0厨1卫', 'area': 51.0}, {'struture': '1室1厅0厨1卫', 'area': 51.0}, {'struture': '1室1厅0厨1卫', 'area': 76.0}, {'struture': '1室1厅0厨1卫', 'area': 77.0}, {'struture': '2室1厅0厨1卫', 'area': 50.0}, {'struture': '2室1厅0厨1卫', 'area': 76.0}]"
227,德信大江壹号,待定,,30.30904769897461,120.46311950683594,2,"[{'struture': '3室2厅1厨2卫', 'area': 105.0}, {'struture': '4室2厅1厨2卫', 'area': 130.0}]"
228,万科君望,待定,,30.075544357299805,120.00016784667969,0,[]
229,融信澜庭启杭,13000,,30.504478454589844,120.62015533447266,0,[]
230,绿城青亭,28000,,30.36642074584961,120.21654510498047,0,[]
231,金成英特尔湾,26300,,30.279836654663086,119.94794464111328,5,"[{'struture': '3室2厅1厨2卫', 'area': 89.0}, {'struture': '3室2厅1厨2卫', 'area': 89.0}, {'struture': '3室2厅1厨2卫', 'area': 89.0}, {'struture': '4室2厅1厨2卫', 'area': 130.0}, {'struture': '4室2厅1厨2卫', 'area': 139.0}]"
232,富春江花苑,13500,,29.798585891723633,119.69760131835938,0,[]
233,越秀湖山悦,19000,,30.23794174194336,119.74589538574219,6,"[{'struture': '3室2厅1厨2卫', 'area': 95.0}, {'struture': '4室2厅1厨2卫', 'area': 128.0}, {'struture': '4室2厅1厨2卫', 'area': 139.0}, {'struture': '4室2厅1厨2卫', 'area': 139.0}, {'struture': '4室2厅1厨3卫', 'area': 165.0}, {'struture': '3室2厅1厨2卫', 'area': 115.0}]"
234,首开天青里,待定,,30.36133575439453,120.21279907226562,0,[]
235,奥城望,15900,,29.762617111206055,119.6906509399414,0,[]
236,中铁诺德雅逸府,待定,,30.199905395507812,120.33235931396484,0,[]
237,融创金成十锦台,21000,,30.250732421875,119.70801544189453,4,"[{'struture': '3室2厅1厨2卫', 'area': 107.0}, {'struture': '3室2厅1厨2卫', 'area': 107.0}, {'struture': '4室2厅1厨2卫', 'area': 125.0}, {'struture': '5室2厅1厨4卫', 'area': 145.0}]"
238,九龙仓&华发天荟,待定,,30.308780670166016,120.12613677978516,0,[]
239,悦湖湾花园,12500,,29.61800765991211,119.15394592285156,6,"[{'struture': '3室2厅1厨2卫', 'area': 135.0}, {'struture': '3室2厅1厨3卫', 'area': 138.0}, {'struture': '3室2厅1厨3卫', 'area': 140.0}, {'struture': '4室2厅1厨4卫', 'area': 132.0}, {'struture': '4室2厅1厨2卫', 'area': 140.0}, {'struture': '4室2厅1厨4卫', 'area': 149.0}]"
240,万科堂前,待定,,30.37784767150879,120.04386901855469,3,"[{'struture': '4室2厅1厨4卫', 'area': 220.0}, {'struture': '4室2厅1厨4卫', 'area': 250.0}, {'struture': '5室2厅1厨4卫', 'area': 260.0}]"
241,香格里拉别墅蓝月半岛,55800,,30.35936164855957,120.001953125,0,[]
242,佳兆业云峰,待定,,30.23811912536621,120.00486755371094,0,[]
243,碧桂园铂玺湾,待定,,30.061405181884766,119.95105743408203,0,[]
244,华鸿中南壹号院,18000,,29.8095760345459,119.71116638183594,10,"[{'struture': '3室2厅1厨2卫', 'area': 98.0}, {'struture': '3室2厅1厨3卫', 'area': 110.0}, {'struture': '3室2厅1厨3卫', 'area': 135.0}, {'struture': '4室2厅1厨2卫', 'area': 120.0}, {'struture': '4室2厅1厨2卫', 'area': 129.0}, {'struture': '4室2厅1厨4卫', 'area': 161.0}, {'struture': '4室2厅1厨4卫', 'area': 161.0}, {'struture': '4室3厅1厨4卫', 'area': 170.0}, {'struture': '4室2厅1厨4卫', 'area': 170.0}, {'struture': '4室2厅1厨4卫', 'area': 170.0}]"
245,春江山居,待定,,29.76922607421875,119.65464782714844,6,"[{'struture': '1室1厅0厨1卫', 'area': 49.96}, {'struture': '3室2厅1厨2卫', 'area': 88.83}, {'struture': '3室2厅1厨2卫', 'area': 88.88}, {'struture': '3室2厅1厨2卫', 'area': 89.76}, {'struture': '3室2厅1厨3卫', 'area': 197.68}, {'struture': '3室2厅1厨3卫', 'area': 197.68}]"
246,兴耀锦里,待定,,30.392404556274414,120.271240234375,0,[]
247,融信大发弘阳沁澜,待定,,30.36833953857422,120.12178802490234,0,[]
248,悠隐南山,25000,,30.627723693847656,119.76258087158203,6,"[{'struture': '2室2厅1厨2卫', 'area': 164.0}, {'struture': '3室2厅1厨3卫', 'area': 195.0}, {'struture': '4室2厅1厨2卫', 'area': 181.0}, {'struture': '4室2厅1厨4卫', 'area': 225.0}, {'struture': '4室2厅1厨4卫', 'area': 235.0}, {'struture': '5室2厅1厨4卫', 'area': 260.0}]"
249,郡原列岛花园,2300,,30.24273681640625,119.76762390136719,0,[]
250,城中府,18000,,30.226303100585938,119.69801330566406,1,"[{'struture': '3室2厅1厨2卫', 'area': 121.0}]"
251,太合商业中心,27000,,30.30726432800293,120.1196060180664,0,[]
252,元垄紫薇府,待定,,30.153217315673828,120.39214324951172,2,"[{'struture': '3室2厅1厨2卫', 'area': 88.0}, {'struture': '4室2厅1厨2卫', 'area': 115.0}]"
253,新城大都会,待定,,30.52310562133789,119.9638671875,0,[]
254,鼎龙湾国际海洋度假区,待定,,21.39814567565918,110.9068374633789,0,[]
255,银城青山湖畔临枫园,15800,,30.253759384155273,119.81999969482422,0,[]
256,金都夏宫,20000,,30.434146881103516,120.27356719970703,12,"[{'struture': '4室2厅1厨1卫', 'area': 88.0}, {'struture': '2室2厅1厨1卫', 'area': 80.0}, {'struture': '3室2厅1厨1卫', 'area': 88.0}, {'struture': '3室2厅1厨1卫', 'area': 88.0}, {'struture': '5室5厅1厨5卫', 'area': 289.0}, {'struture': '7室4厅1厨5卫', 'area': 217.0}, {'struture': '3室2厅1厨2卫', 'area': 121.0}, {'struture': '4室2厅1厨2卫', 'area': 135.0}, {'struture': '5室2厅1厨5卫', 'area': 331.0}, {'struture': '3室2厅1厨2卫', 'area': 123.0}, {'struture': '2室2厅1厨1卫', 'area': 82.0}, {'struture': '2室2厅1厨1卫', 'area': 86.0}]"
257,世茂钱塘天誉,47065,,30.31159019470215,120.21733856201172,5,"[{'struture': '4室2厅1厨2卫', 'area': 164.0}, {'struture': '3室2厅1厨2卫', 'area': 118.0}, {'struture': '4室2厅1厨2卫', 'area': 129.0}, {'struture': '4室2厅1厨2卫', 'area': 139.0}, {'struture': '4室2厅1厨2卫', 'area': 139.0}]"
258,盈都江悦城,待定,,30.345972061157227,120.4051284790039,11,"[{'struture': '3室2厅1厨1卫', 'area': 77.0}, {'struture': '3室2厅1厨2卫', 'area': 110.0}, {'struture': '3室2厅1厨2卫', 'area': 86.0}, {'struture': '2室2厅1厨1卫', 'area': 66.0}, {'struture': '3室2厅1厨1卫', 'area': 73.0}, {'struture': '3室2厅1厨1卫', 'area': 73.0}, {'struture': '3室2厅1厨1卫', 'area': 77.0}, {'struture': '3室2厅1厨1卫', 'area': 85.0}, {'struture': '3室2厅1厨2卫', 'area': 86.0}, {'struture': '3室2厅1厨1卫', 'area': 89.0}, {'struture': '3室2厅1厨1卫', 'area': 89.0}]"
259,中天钱塘玥,18000,,30.365249633789062,120.3951644897461,2,"[{'struture': '3室2厅1厨2卫', 'area': 89.0}, {'struture': '3室2厅1厨2卫', 'area': 89.0}]"
260,招商越秀公园1872,待定,,30.306032180786133,120.24992370605469,5,"[{'struture': '3室2厅1厨2卫', 'area': 110.0}, {'struture': '4室2厅1厨2卫', 'area': 130.0}, {'struture': '4室2厅1厨2卫', 'area': 130.0}, {'struture': '4室2厅1厨2卫', 'area': 158.0}, {'struture': '3室2厅1厨2卫', 'area': 110.0}]"
261,钱塘大观,待定,,30.188457489013672,120.13880157470703,8,"[{'struture': '2室2厅1厨1卫', 'area': 89.0}, {'struture': '2室2厅1厨1卫', 'area': 89.0}, {'struture': '4室2厅1厨2卫', 'area': 180.0}, {'struture': '4室2厅1厨2卫', 'area': 180.0}, {'struture': '4室2厅1厨2卫', 'area': 230.0}, {'struture': '4室2厅1厨2卫', 'area': 230.0}, {'struture': '4室2厅1厨2卫', 'area': 230.0}, {'struture': '4室2厅1厨2卫', 'area': 230.0}]"
262,绿城桂语钱塘,23500,,30.345294952392578,120.4146957397461,6,"[{'struture': '3室3厅1厨2卫', 'area': 89.0}, {'struture': '3室2厅1厨2卫', 'area': 99.0}, {'struture': '4室2厅1厨2卫', 'area': 116.0}, {'struture': '4室2厅1厨2卫', 'area': 116.0}, {'struture': '4室2厅1厨2卫', 'area': 120.0}, {'struture': '4室2厅1厨2卫', 'area': 133.0}]"
263,中骏柏景湾,20269,,30.237659454345703,119.74609375,5,"[{'struture': '3室2厅1厨2卫', 'area': 88.0}, {'struture': '3室2厅1厨2卫', 'area': 110.0}, {'struture': '3室2厅1厨2卫', 'area': 118.0}, {'struture': '3室2厅1厨2卫', 'area': 128.0}, {'struture': '4室2厅1厨2卫', 'area': 131.0}]"
264,景瑞镜溪绿汀,46500,,30.2708797454834,119.99878692626953,2,"[{'struture': '4室2厅1厨4卫', 'area': 188.0}, {'struture': '4室2厅1厨4卫', 'area': 188.0}]"
265,宋都·天润,50000,,30.301305770874023,120.28059387207031,12,"[{'struture': '4室2厅2厨4卫', 'area': 332.0}, {'struture': '4室2厅1厨4卫', 'area': 452.0}, {'struture': '2室2厅1厨2卫', 'area': 169.0}, {'struture': '3室2厅1厨2卫', 'area': 169.0}, {'struture': '3室2厅1厨2卫', 'area': 173.0}, {'struture': '3室2厅1厨2卫', 'area': 173.0}, {'struture': '3室2厅1厨2卫', 'area': 173.0}, {'struture': '4室2厅1厨2卫', 'area': 173.0}, {'struture': '4室2厅2厨4卫', 'area': 272.0}, {'struture': '4室3厅2厨5卫', 'area': 321.0}, {'struture': '5室2厅1厨3卫', 'area': 239.0}, {'struture': '5室2厅1厨4卫', 'area': 256.0}]"
266,大诚纪名府,26200,,30.277196884155273,120.44207763671875,4,"[{'struture': '3室2厅1厨2卫', 'area': 89.0}, {'struture': '3室2厅1厨2卫', 'area': 89.0}, {'struture': '3室2厅1厨2卫', 'area': 100.0}, {'struture': '3室2厅1厨2卫', 'area': 100.0}]"
267,中天万科启宸,21500,,30.243343353271484,119.7154312133789,2,"[{'struture': '3室2厅1厨1卫', 'area': 97.0}, {'struture': '3室2厅1厨1卫', 'area': 100.0}]"
268,金茂首开国樾,48600,,30.331884384155273,120.16941833496094,4,"[{'struture': '3室2厅1厨2卫', 'area': 118.0}, {'struture': '3室2厅1厨2卫', 'area': 128.0}, {'struture': '4室2厅1厨2卫', 'area': 148.0}, {'struture': '4室2厅1厨2卫', 'area': 150.0}]"
269,东晖龙悦湾,30000,,30.440593719482422,120.24922943115234,12,"[{'struture': '6室3厅1厨6卫', 'area': 257.0}, {'struture': '4室2厅1厨3卫', 'area': 230.0}, {'struture': '3室2厅1厨2卫', 'area': 103.0}, {'struture': '3室2厅1厨2卫', 'area': 105.0}, {'struture': '3室2厅1厨2卫', 'area': 109.0}, {'struture': '3室2厅1厨2卫', 'area': 118.0}, {'struture': '3室2厅1厨2卫', 'area': 123.0}, {'struture': '3室2厅1厨2卫', 'area': 127.0}, {'struture': '4室2厅1厨2卫', 'area': 130.0}, {'struture': '4室2厅1厨2卫', 'area': 133.0}, {'struture': '4室2厅1厨2卫', 'area': 135.0}, {'struture': '4室2厅1厨2卫', 'area': 137.0}]"
270,科尔世纪外滩,1300,,30.27498435974121,120.31595611572266,11,"[{'struture': '5室3厅1厨7卫', 'area': 324.0}, {'struture': '5室3厅2厨7卫', 'area': 370.0}, {'struture': '5室3厅2厨8卫', 'area': 440.0}, {'struture': '6室2厅1厨6卫', 'area': 335.0}, {'struture': '6室2厅2厨7卫', 'area': 373.0}, {'struture': '2室2厅1厨1卫', 'area': 89.0}, {'struture': '2室2厅1厨2卫', 'area': 113.0}, {'struture': '3室2厅1厨2卫', 'area': 89.0}, {'struture': '3室2厅1厨1卫', 'area': 92.0}, {'struture': '4室2厅1厨2卫', 'area': 133.0}, {'struture': '4室2厅1厨2卫', 'area': 138.0}]"
271,新越锦宸名邸,38000,,30.2126407623291,120.27381134033203,3,"[{'struture': '3室2厅1厨2卫', 'area': 95.0}, {'struture': '4室2厅1厨2卫', 'area': 125.0}, {'struture': '4室2厅1厨2卫', 'area': 129.0}]"
272,海伦堡棠锦,21000,,30.255887985229492,119.96075439453125,3,"[{'struture': '3室2厅1厨1卫', 'area': 89.0}, {'struture': '3室2厅1厨1卫', 'area': 89.0}, {'struture': '3室2厅1厨2卫', 'area': 135.0}]"
273,杭海学府,18500,,30.43971824645996,120.44365692138672,0,[]
274,蓝城莫干山观云小镇,35000,,30.554046630859375,119.94193267822266,0,[]
275,中粮梦栖祥云,40000,,30.375682830810547,120.0474853515625,6,"[{'struture': '4室2厅1厨3卫', 'area': 125.0}, {'struture': '4室2厅1厨3卫', 'area': 142.0}, {'struture': '3室2厅1厨2卫', 'area': 89.0}, {'struture': '3室2厅1厨2卫', 'area': 103.0}, {'struture': '4室2厅1厨2卫', 'area': 115.0}, {'struture': '4室2厅1厨3卫', 'area': 142.0}]"
276,碧桂园中梁凤鸣公馆,18760,,30.241483688354492,119.7267837524414,0,[]
277,祥生云湖城,21000,,30.16609764099121,119.97964477539062,6,"[{'struture': '3室2厅1厨2卫', 'area': 89.0}, {'struture': '3室2厅1厨2卫', 'area': 91.0}, {'struture': '3室2厅1厨2卫', 'area': 110.0}, {'struture': '4室2厅1厨2卫', 'area': 117.0}, {'struture': '4室2厅1厨2卫', 'area': 129.0}, {'struture': '4室2厅1厨2卫', 'area': 148.0}]"
278,绿城莲园,1000,,30.442134857177734,120.2952880859375,12,"[{'struture': '6室3厅1厨8卫', 'area': 257.0}, {'struture': '6室4厅1厨8卫', 'area': 260.0}, {'struture': '6室3厅1厨8卫', 'area': 295.0}, {'struture': '6室4厅1厨8卫', 'area': 300.0}, {'struture': '3室2厅1厨1卫', 'area': 89.0}, {'struture': '3室2厅1厨1卫', 'area': 89.0}, {'struture': '3室2厅1厨1卫', 'area': 89.0}, {'struture': '3室2厅1厨2卫', 'area': 112.0}, {'struture': '3室2厅1厨2卫', 'area': 125.0}, {'struture': '3室2厅1厨2卫', 'area': 126.0}, {'struture': '3室2厅1厨2卫', 'area': 128.0}, {'struture': '4室2厅1厨2卫', 'area': 139.0}]"
279,首开武林8栋,待定,,30.313724517822266,120.19776153564453,10,"[{'struture': '3室2厅1厨2卫', 'area': 89.0}, {'struture': '3室2厅1厨2卫', 'area': 89.0}, {'struture': '3室2厅1厨2卫', 'area': 89.0}, {'struture': '3室2厅1厨1卫', 'area': 89.0}, {'struture': '3室2厅1厨2卫', 'area': 109.0}, {'struture': '4室2厅1厨2卫', 'area': 119.0}, {'struture': '2室2厅1厨1卫', 'area': 74.0}, {'struture': '3室2厅1厨2卫', 'area': 89.0}, {'struture': '4室2厅1厨2卫', 'area': 119.0}, {'struture': '4室2厅1厨2卫', 'area': 129.0}]"
280,新湖菲林山,41000,,30.259836196899414,119.98194122314453,6,"[{'struture': '5室2厅1厨5卫', 'area': 220.0}, {'struture': '5室2厅1厨5卫', 'area': 225.0}, {'struture': '5室2厅1厨5卫', 'area': 242.0}, {'struture': '5室2厅1厨5卫', 'area': 275.0}, {'struture': '5室2厅1厨5卫', 'area': 290.0}, {'struture': '5室2厅1厨5卫', 'area': 300.0}]"
281,旭辉东原国滨府,33000,,30.18691635131836,120.2909164428711,2,"[{'struture': '4室2厅1厨3卫', 'area': 179.0}, {'struture': '4室2厅1厨2卫', 'area': 139.0}]"
282,滨江新城东方名府,30000,,30.20355224609375,120.29145812988281,8,"[{'struture': '4室2厅1厨2卫', 'area': 112.0}, {'struture': '4室2厅1厨2卫', 'area': 122.0}, {'struture': '4室2厅1厨2卫', 'area': 124.0}, {'struture': '4室2厅1厨2卫', 'area': 128.0}, {'struture': '开间', 'area': 43.0}, {'struture': '2室2厅1厨1卫', 'area': 68.0}, {'struture': '3室2厅1厨2卫', 'area': 89.0}, {'struture': '3室2厅1厨1卫', 'area': 101.0}]"
283,千岛湖墅,3000,,29.658039093017578,119.02969360351562,0,[]
284,坤和万科和家园臻园,待定,,30.23868751525879,120.06458282470703,3,"[{'struture': '4室2厅1厨2卫', 'area': 165.0}, {'struture': '5室3厅1厨4卫', 'area': 240.0}, {'struture': '4室2厅1厨2卫', 'area': 148.0}]"
285,嘉和银领时代,14750,,30.402700424194336,120.26797485351562,12,"[{'struture': '6室5厅1厨7卫', 'area': 350.0}, {'struture': '4室2厅1厨3卫', 'area': 211.88}, {'struture': '2室2厅1厨1卫', 'area': 86.0}, {'struture': '2室2厅1厨1卫', 'area': 86.0}, {'struture': '2室2厅1厨1卫', 'area': 86.0}, {'struture': '3室2厅1厨1卫', 'area': 86.0}, {'struture': '3室2厅1厨1卫', 'area': 86.0}, {'struture': '3室2厅1厨1卫', 'area': 86.0}, {'struture': '3室2厅1厨1卫', 'area': 86.0}, {'struture': '3室2厅1厨1卫', 'area': 86.0}, {'struture': '3室2厅1厨2卫', 'area': 86.04}, {'struture': '3室2厅1厨1卫', 'area': 86.48}]"
286,国玺悦龙府,待定,,30.20037078857422,120.2744369506836,0,[]
287,赞成乐山红叶,800,,30.240619659423828,119.98731231689453,5,"[{'struture': '5室2厅1厨5卫', 'area': 240.0}, {'struture': '3室2厅1厨2卫', 'area': 90.0}, {'struture': '4室2厅1厨2卫', 'area': 128.0}, {'struture': '4室2厅1厨2卫', 'area': 135.0}, {'struture': '5室2厅2厨5卫', 'area': 213.0}]"
288,尚城墅,待定,,30.190523147583008,120.14131164550781,2,"[{'struture': '6室3厅1厨6卫', 'area': 249.0}, {'struture': '3室2厅1厨3卫', 'area': 88.0}]"
289,天阳云栖梅林,22000,,29.804304122924805,119.716064453125,3,"[{'struture': '3室2厅1厨2卫', 'area': 89.0}, {'struture': '3室2厅1厨2卫', 'area': 103.0}, {'struture': '4室2厅1厨2卫', 'area': 128.0}]"
290,吉翔大悦府,15700,,30.546859741210938,120.57711791992188,8,"[{'struture': '2室2厅1厨1卫', 'area': 74.0}, {'struture': '2室2厅1厨1卫', 'area': 74.0}, {'struture': '2室2厅1厨1卫', 'area': 75.0}, {'struture': '2室2厅1厨2卫', 'area': 76.0}, {'struture': '2室2厅1厨1卫', 'area': 77.0}, {'struture': '3室2厅1厨1卫', 'area': 83.0}, {'struture': '3室2厅1厨1卫', 'area': 84.0}, {'struture': '3室2厅1厨2卫', 'area': 96.0}]"
291,樾珑台,待定,,30.14354133605957,120.21466827392578,0,[]
292,国颂府,待定,,30.184539794921875,120.26242065429688,4,"[{'struture': '3室2厅1厨2卫', 'area': 96.0}, {'struture': '4室2厅1厨2卫', 'area': 128.0}, {'struture': '4室2厅1厨3卫', 'area': 139.0}, {'struture': '4室2厅1厨3卫', 'area': 137.0}]"
293,蓝光雍锦湾,12000,,30.297914505004883,121.32557678222656,2,"[{'struture': '3室2厅1厨2卫', 'area': 88.0}, {'struture': '3室2厅1厨2卫', 'area': 95.0}]"
294,碧桂园良樾,21000,,30.393415451049805,119.98063659667969,0,[]
295,国颂府,待定,,30.184539794921875,120.26242065429688,4,"[{'struture': '3室2厅1厨2卫', 'area': 96.0}, {'struture': '4室2厅1厨2卫', 'area': 128.0}, {'struture': '4室2厅1厨3卫', 'area': 139.0}, {'struture': '4室2厅1厨3卫', 'area': 137.0}]"
296,蓝城郡安里山镜Villa,31000,,30.61096954345703,119.90911865234375,3,"[{'struture': '1室1厅0厨1卫', 'area': 56.0}, {'struture': '1室1厅0厨1卫', 'area': 88.0}, {'struture': '1室1厅1厨2卫', 'area': 194.0}]"
297,和昌璞云府,待定,,30.46122932434082,120.3093032836914,3,"[{'struture': '2室2厅1厨2卫', 'area': 89.0}, {'struture': '3室2厅1厨2卫', 'area': 115.0}, {'struture': '4室2厅1厨2卫', 'area': 125.0}]"
298,宋都如意溪湖,18250,,30.241365432739258,119.74082946777344,5,"[{'struture': '3室2厅1厨2卫', 'area': 89.0}, {'struture': '3室2厅1厨2卫', 'area': 89.0}, {'struture': '3室2厅1厨2卫', 'area': 106.0}, {'struture': '3室2厅1厨2卫', 'area': 117.0}, {'struture': '4室2厅1厨2卫', 'area': 130.0}]"
299,恒大未来城,12000,,29.56902313232422,120.84138488769531,6,"[{'struture': '2室2厅1厨1卫', 'area': 76.0}, {'struture': '3室2厅1厨2卫', 'area': 118.0}, {'struture': '3室2厅1厨1卫', 'area': 118.0}, {'struture': '3室2厅1厨2卫', 'area': 123.0}, {'struture': '4室2厅1厨2卫', 'area': 133.0}, {'struture': '4室2厅1厨2卫', 'area': 136.0}]"
300,大奇山郡,18000,,29.752851486206055,119.69869232177734,6,"[{'struture': '4室4厅1厨4卫', 'area': 302.0}, {'struture': '4室4厅1厨4卫', 'area': 302.0}, {'struture': '4室4厅1厨4卫', 'area': 302.0}, {'struture': '4室4厅1厨4卫', 'area': 312.0}, {'struture': '4室4厅1厨4卫', 'area': 312.0}, {'struture': '4室4厅1厨4卫', 'area': 312.0}]"
301,天地墅园首府,26000,,30.122058868408203,120.28692626953125,5,"[{'struture': '4室2厅1厨3卫', 'area': 191.0}, {'struture': '4室5厅1厨4卫', 'area': 337.0}, {'struture': '5室3厅1厨3卫', 'area': 260.0}, {'struture': '5室3厅1厨4卫', 'area': 300.0}, {'struture': '5室3厅1厨4卫', 'area': 380.0}]"
302,融创杭州湾壹号,13500,,30.346227645874023,121.20811462402344,2,"[{'struture': '3室2厅1厨2卫', 'area': 90.0}, {'struture': '3室2厅1厨2卫', 'area': 94.0}]"
303,佳源优樾,18500,,30.241960525512695,119.72119903564453,6,"[{'struture': '3室2厅1厨2卫', 'area': 89.0}, {'struture': '3室2厅1厨2卫', 'area': 89.0}, {'struture': '3室2厅1厨2卫', 'area': 89.0}, {'struture': '4室2厅1厨2卫', 'area': 104.0}, {'struture': '4室2厅1厨2卫', 'area': 105.0}, {'struture': '4室2厅1厨2卫', 'area': 132.0}]"
304,安吉清华园,11000,,30.60300636291504,119.66968536376953,5,"[{'struture': '3室2厅1厨1卫', 'area': 107.0}, {'struture': '3室2厅1厨2卫', 'area': 128.0}, {'struture': '3室2厅1厨2卫', 'area': 130.0}, {'struture': '4室2厅1厨2卫', 'area': 131.0}, {'struture': '4室2厅1厨2卫', 'area': 138.0}]"
305,绿城莫干山观云小镇,17000,,30.55400848388672,119.94184875488281,0,[]
306,蓝城春风长住,待定,,29.45918846130371,120.04693603515625,2,"[{'struture': '4室2厅1厨3卫', 'area': 143.0}, {'struture': '4室2厅1厨3卫', 'area': 160.0}]"
307,宋都麓宸府,20800,,30.021059036254883,119.93035125732422,0,[]
308,华景川运河宸园,18500,,30.613262176513672,120.27777862548828,7,"[{'struture': '3室2厅1厨2卫', 'area': 98.0}, {'struture': '3室2厅1厨2卫', 'area': 100.0}, {'struture': '4室2厅1厨2卫', 'area': 116.0}, {'struture': '4室2厅1厨2卫', 'area': 120.0}, {'struture': '4室2厅1厨2卫', 'area': 128.0}, {'struture': '4室2厅1厨2卫', 'area': 128.0}, {'struture': '4室2厅1厨2卫', 'area': 137.0}]"
309,滨江江南名府,32803,,30.20510482788086,120.29129791259766,0,[]
310,瑞金华丽嘉苑,待定,,30.399568557739258,120.26004028320312,5,"[{'struture': '1室1厅1厨1卫', 'area': 44.93}, {'struture': '2室2厅1厨1卫', 'area': 91.0}, {'struture': '2室2厅1厨1卫', 'area': 92.0}, {'struture': '3室2厅1厨2卫', 'area': 124.22}, {'struture': '4室2厅1厨3卫', 'area': 121.46}]"
311,绿野和山墅,1200,,30.212238311767578,120.00877380371094,5,"[{'struture': '6室3厅1厨2卫', 'area': 395.0}, {'struture': '6室4厅1厨2卫', 'area': 411.0}, {'struture': '8室6厅1厨3卫', 'area': 417.0}, {'struture': '8室6厅2厨4卫', 'area': 476.0}, {'struture': '8室6厅1厨4卫', 'area': 512.0}]"
312,天骄香槟郡,9000,,29.40325927734375,119.23890686035156,0,[]
313,碧桂园凤凰府,16000,,30.626750946044922,119.72264099121094,4,"[{'struture': '3室2厅1厨2卫', 'area': 125.0}, {'struture': '4室2厅1厨3卫', 'area': 165.0}, {'struture': '5室2厅1厨3卫', 'area': 180.0}, {'struture': '5室2厅1厨3卫', 'area': 265.0}]"
314,励骏花园,17000,,29.794775009155273,119.7022476196289,2,"[{'struture': '3室2厅1厨2卫', 'area': 143.35}, {'struture': '4室2厅1厨2卫', 'area': 213.54}]"
315,雅地公馆,25500,,29.52521514892578,119.3560562133789,0,[]
316,雅地公馆,25500,,29.52521514892578,119.3560562133789,0,[]
317,安吉和乐小镇,14500,,30.59339141845703,119.66999816894531,5,"[{'struture': '2室2厅1厨2卫', 'area': 88.0}, {'struture': '3室2厅1厨3卫', 'area': 100.0}, {'struture': '3室2厅1厨2卫', 'area': 120.0}, {'struture': '3室2厅1厨3卫', 'area': 130.0}, {'struture': '4室2厅1厨2卫', 'area': 125.0}]"
318,碧桂园前宸府,待定,,30.115541458129883,120.29268646240234,0,[]
319,通策状元府,23000,,30.286884307861328,119.73596954345703,1,"[{'struture': '5室2厅1厨5卫', 'area': 249.8}]"
320,朗诗玲珑樾,待定,,30.24081039428711,119.70063781738281,0,[]
321,祥生云山新语,13000,,30.538917541503906,119.95963287353516,3,"[{'struture': '3室2厅1厨1卫', 'area': 88.0}, {'struture': '3室2厅1厨2卫', 'area': 105.0}, {'struture': '4室2厅1厨2卫', 'area': 126.0}]"
322,绿城华景川桂语江南,19000,,30.48244285583496,120.69778442382812,3,"[{'struture': '4室2厅1厨3卫', 'area': 154.0}, {'struture': '3室2厅1厨2卫', 'area': 89.0}, {'struture': '4室2厅1厨2卫', 'area': 127.0}]"
323,华夏之心,待定,,30.289493560791016,120.01138305664062,7,"[{'struture': '1室1厅0厨1卫', 'area': 48.0}, {'struture': '1室1厅0厨1卫', 'area': 53.0}, {'struture': '1室1厅0厨1卫', 'area': 62.0}, {'struture': '1室1厅0厨1卫', 'area': 64.0}, {'struture': '1室1厅0厨1卫', 'area': 70.0}, {'struture': '1室1厅0厨1卫', 'area': 70.0}, {'struture': '1室1厅0厨1卫', 'area': 72.0}]"
324,哨兵汤鼎一号,待定,,29.615318298339844,119.04383850097656,0,[]
325,正黄翡翠合院,17000,,30.534929275512695,120.95637512207031,0,[]
326,金色江湾,待定,,30.546720504760742,120.95195770263672,7,"[{'struture': '2室2厅1厨1卫', 'area': 72.63}, {'struture': '3室2厅1厨2卫', 'area': 89.61}, {'struture': '3室2厅1厨2卫', 'area': 89.9}, {'struture': '3室2厅1厨2卫', 'area': 89.93}, {'struture': '3室2厅1厨2卫', 'area': 92.21}, {'struture': '3室2厅1厨2卫', 'area': 92.31}, {'struture': '3室2厅1厨2卫', 'area': 94.22}]"
327,临安颐景园,待定,,30.217266082763672,119.70721435546875,10,"[{'struture': '2室2厅1厨1卫', 'area': 77.0}, {'struture': '2室2厅1厨0卫', 'area': 167.0}, {'struture': '3室2厅1厨2卫', 'area': 87.0}, {'struture': '3室2厅1厨2卫', 'area': 89.0}, {'struture': '3室2厅1厨2卫', 'area': 109.0}, {'struture': '3室2厅1厨2卫', 'area': 122.0}, {'struture': '3室2厅1厨3卫', 'area': 133.0}, {'struture': '3室2厅1厨2卫', 'area': 137.0}, {'struture': '4室2厅1厨2卫', 'area': 124.0}, {'struture': '4室2厅1厨2卫', 'area': 139.0}]"
328,诸暨悠隐南山,待定,,29.64162254333496,119.47581481933594,0,[]
329,文渊狮城,待定,,29.47865104675293,118.6749267578125,0,[]
330,天成锦上,13000,,29.74005889892578,120.22755432128906,3,"[{'struture': '4室3厅1厨4卫', 'area': 334.0}, {'struture': '5室3厅1厨3卫', 'area': 398.0}, {'struture': '5室3厅1厨4卫', 'area': 478.0}]"
331,金宸府,17000,,30.01353645324707,122.21446990966797,5,"[{'struture': '2室2厅1厨1卫', 'area': 89.0}, {'struture': '2室2厅1厨2卫', 'area': 95.0}, {'struture': '3室2厅1厨2卫', 'area': 108.0}, {'struture': '4室2厅1厨2卫', 'area': 142.0}, {'struture': '4室2厅1厨2卫', 'area': 142.0}]"
332,城邦紫荆苑,待定,,30.911178588867188,119.66149139404297,0,[]
333,万象上东,待定,,30.30384635925293,120.27751922607422,12,"[{'struture': '2室2厅1厨1卫', 'area': 86.0}, {'struture': '2室2厅1厨1卫', 'area': 86.0}, {'struture': '2室2厅1厨1卫', 'area': 87.0}, {'struture': '2室2厅1厨1卫', 'area': 87.0}, {'struture': '2室2厅1厨1卫', 'area': 87.0}, {'struture': '3室2厅1厨1卫', 'area': 87.0}, {'struture': '2室2厅1厨1卫', 'area': 84.0}, {'struture': '3室2厅1厨2卫', 'area': 87.0}, {'struture': '3室2厅1厨1卫', 'area': 116.0}, {'struture': '3室2厅1厨2卫', 'area': 120.0}, {'struture': '3室2厅1厨2卫', 'area': 120.0}, {'struture': '3室2厅1厨2卫', 'area': 130.0}]"
334,金基观岛,17000,,29.615123748779297,119.04825592041016,4,"[{'struture': '3室3厅1厨2卫', 'area': 107.0}, {'struture': '3室3厅1厨2卫', 'area': 107.0}, {'struture': '4室2厅1厨2卫', 'area': 153.0}, {'struture': '4室3厅1厨2卫', 'area': 153.0}]"
335,融创臻源锦宁里,待定,,30.18352508544922,120.27162170410156,0,[]
336,金色阳光,待定,,29.625085830688477,119.04786682128906,5,"[{'struture': '1室2厅1厨1卫', 'area': 90.0}, {'struture': '1室2厅1厨1卫', 'area': 100.0}, {'struture': '2室2厅1厨1卫', 'area': 100.0}, {'struture': '2室2厅1厨1卫', 'area': 100.0}, {'struture': '3室2厅1厨2卫', 'area': 100.0}]"
337,湖光山社,7000,,30.26475715637207,119.81050872802734,0,[]
338,祥生悦澜湾,待定,,30.536752700805664,120.96653747558594,8,"[{'struture': '3室1厅1厨1卫', 'area': 83.0}, {'struture': '3室1厅1厨2卫', 'area': 88.0}, {'struture': '3室1厅1厨2卫', 'area': 90.0}, {'struture': '4室2厅1厨2卫', 'area': 110.0}, {'struture': '4室2厅1厨2卫', 'area': 120.0}, {'struture': '4室2厅1厨2卫', 'area': 127.0}, {'struture': '4室2厅1厨3卫', 'area': 135.0}, {'struture': '4室2厅1厨3卫', 'area': 146.0}]"
339,中国铁建滨江德清项目,待定,,30.540891647338867,120.01287841796875,0,[]
340,云上金铭府,待定,,30.055782318115234,119.91947937011719,0,[]
341,荣正金域兰庭,待定,,30.429319381713867,120.35137939453125,0,[]
342,时代天境,待定,,30.236967086791992,120.0102767944336,0,[]
