,name,price,year,x,y,house_type_num,house_structure_area
0,澜庭,19000,,30.838985443115234,121.32008361816406,12,"[{'struture': '2室2厅1厨1卫', 'area': 74.21}, {'struture': '3室2厅1厨1卫', 'area': 83.74}, {'struture': '3室2厅1厨1卫', 'area': 94.94}, {'struture': '3室2厅1厨2卫', 'area': 110.46}, {'struture': '3室2厅1厨2卫', 'area': 112.66}, {'struture': '4室2厅1厨2卫', 'area': 138.51}, {'struture': '2室2厅1厨1卫', 'area': 75.72}, {'struture': '3室2厅1厨1卫', 'area': 94.17}, {'struture': '2室2厅1厨1卫', 'area': 78.21}, {'struture': '2室2厅1厨1卫', 'area': 79.0}, {'struture': '3室2厅1厨1卫', 'area': 92.0}, {'struture': '3室2厅1厨2卫', 'area': 97.3}]"
1,碧桂园天悦,32000,,31.047605514526367,121.76605987548828,8,"[{'struture': '3室2厅1厨1卫', 'area': 104.0}, {'struture': '3室2厅1厨1卫', 'area': 107.0}, {'struture': '3室2厅1厨1卫', 'area': 110.0}, {'struture': '3室2厅1厨2卫', 'area': 123.0}, {'struture': '3室2厅1厨2卫', 'area': 133.0}, {'struture': '3室2厅1厨2卫', 'area': 137.0}, {'struture': '3室2厅1厨2卫', 'area': 141.0}, {'struture': '3室2厅1厨2卫', 'area': 141.0}]"
2,崇明岛大爱城,12000,,31.745594024658203,121.54720306396484,3,"[{'struture': '3室2厅1厨1卫', 'area': 85.0}, {'struture': '3室2厅1厨1卫', 'area': 95.0}, {'struture': '4室2厅1厨2卫', 'area': 113.0}]"
3,中冶上河雅筑,待定,,31.407730102539062,121.47024536132812,0,[]
4,中山学林苑,72000,,31.222333908081055,121.43013763427734,4,"[{'struture': '4室2厅1厨2卫', 'area': 160.0}, {'struture': '4室2厅1厨2卫', 'area': 176.0}, {'struture': '4室2厅1厨2卫', 'area': 191.0}, {'struture': '4室2厅1厨2卫', 'area': 200.0}]"
5,淮海名邸,3500,,31.206954956054688,121.4310073852539,12,"[{'struture': '5室2厅1厨4卫', 'area': 265.0}, {'struture': '3室2厅1厨2卫', 'area': 161.0}, {'struture': '4室2厅1厨3卫', 'area': 283.0}, {'struture': '6室3厅1厨5卫', 'area': 464.0}, {'struture': '6室3厅1厨5卫', 'area': 645.0}, {'struture': '3室2厅1厨2卫', 'area': 176.0}, {'struture': '3室2厅1厨2卫', 'area': 169.0}, {'struture': '4室2厅1厨4卫', 'area': 263.0}, {'struture': '4室2厅1厨3卫', 'area': 287.0}, {'struture': '3室2厅1厨2卫', 'area': 174.0}, {'struture': '3室2厅1厨2卫', 'area': 174.0}, {'struture': '3室2厅1厨3卫', 'area': 237.0}]"
6,同润玫瑰园,838,,31.01185417175293,121.32440185546875,4,"[{'struture': '4室2厅1厨4卫', 'area': 224.0}, {'struture': '4室2厅1厨4卫', 'area': 291.72}, {'struture': '4室2厅1厨4卫', 'area': 307.59}, {'struture': '4室2厅1厨4卫', 'area': 307.59}]"
7,陆家嘴锦绣逸庭,67000,,31.16440773010254,121.57788848876953,2,"[{'struture': '3室2厅1厨2卫', 'area': 118.0}, {'struture': '3室2厅1厨2卫', 'area': 163.0}]"
8,珠江铂世外滩界,102000,,31.261756896972656,121.49219512939453,4,"[{'struture': '3室2厅1厨2卫', 'area': 132.0}, {'struture': '4室2厅1厨2卫', 'area': 161.0}, {'struture': '4室2厅1厨2卫', 'area': 163.0}, {'struture': '5室2厅1厨3卫', 'area': 199.0}]"
9,经纬城市绿洲五期,51500,,31.331890106201172,121.41211700439453,8,"[{'struture': '1室1厅1厨1卫', 'area': 59.63}, {'struture': '2室2厅1厨1卫', 'area': 81.97}, {'struture': '3室2厅1厨1卫', 'area': 103.37}, {'struture': '4室2厅1厨2卫', 'area': 133.68}, {'struture': '4室2厅1厨2卫', 'area': 133.87}, {'struture': '2室2厅1厨1卫', 'area': 85.72}, {'struture': '2室2厅1厨1卫', 'area': 89.0}, {'struture': '3室2厅1厨1卫', 'area': 102.91}]"
10,大名城紫金九号,62000,,31.2348575592041,121.6731185913086,12,"[{'struture': '3室2厅1厨2卫', 'area': 114.0}, {'struture': '3室2厅1厨2卫', 'area': 120.0}, {'struture': '3室2厅1厨3卫', 'area': 125.0}, {'struture': '3室2厅1厨3卫', 'area': 128.0}, {'struture': '3室2厅1厨2卫', 'area': 88.0}, {'struture': '3室2厅1厨2卫', 'area': 94.0}, {'struture': '3室2厅1厨2卫', 'area': 97.0}, {'struture': '3室2厅1厨2卫', 'area': 97.0}, {'struture': '3室2厅1厨2卫', 'area': 111.0}, {'struture': '3室2厅1厨2卫', 'area': 129.0}, {'struture': '4室2厅1厨4卫', 'area': 153.0}, {'struture': '3室2厅1厨2卫', 'area': 89.0}]"
11,万科翡翠滨江,113000,,31.25358009338379,121.54804992675781,9,"[{'struture': '4室2厅2厨3卫', 'area': 300.0}, {'struture': '4室2厅1厨4卫', 'area': 310.0}, {'struture': '4室2厅2厨4卫', 'area': 380.0}, {'struture': '2室2厅1厨2卫', 'area': 105.0}, {'struture': '2室2厅1厨2卫', 'area': 115.0}, {'struture': '3室2厅1厨2卫', 'area': 165.0}, {'struture': '4室2厅1厨2卫', 'area': 210.0}, {'struture': '4室2厅2厨3卫', 'area': 240.0}, {'struture': '4室2厅1厨3卫', 'area': 270.0}]"
12,同润金色橘苑,230,,30.964462280273438,121.81500244140625,4,"[{'struture': '2室2厅1厨1卫', 'area': 78.0}, {'struture': '3室2厅1厨1卫', 'area': 88.0}, {'struture': '3室2厅1厨1卫', 'area': 90.0}, {'struture': '3室2厅1厨1卫', 'area': 92.0}]"
13,新城西岸公园,56500,,31.131242752075195,121.58209228515625,6,"[{'struture': '3室2厅1厨2卫', 'area': 118.0}, {'struture': '3室2厅1厨1卫', 'area': 90.0}, {'struture': '3室2厅1厨2卫', 'area': 118.0}, {'struture': '4室2厅1厨3卫', 'area': 138.0}, {'struture': '3室2厅1厨2卫', 'area': 97.0}, {'struture': '4室2厅1厨2卫', 'area': 138.0}]"
14,恒大滨江华府,110000,,31.247920989990234,121.53374481201172,3,"[{'struture': '4室2厅1厨3卫', 'area': 339.0}, {'struture': '5室2厅1厨4卫', 'area': 432.0}, {'struture': '6室2厅1厨5卫', 'area': 504.0}]"
15,上海星河湾,76500,,31.094226837158203,121.4150390625,12,"[{'struture': '4室3厅1厨3卫', 'area': 220.0}, {'struture': '4室2厅1厨4卫', 'area': 220.0}, {'struture': '3室2厅1厨2卫', 'area': 185.0}, {'struture': '4室2厅2厨4卫', 'area': 248.0}, {'struture': '5室2厅2厨5卫', 'area': 285.0}, {'struture': '5室2厅2厨5卫', 'area': 316.0}, {'struture': '5室2厅2厨5卫', 'area': 321.0}, {'struture': '5室2厅2厨5卫', 'area': 373.0}, {'struture': '5室2厅2厨5卫', 'area': 373.0}, {'struture': '6室3厅2厨6卫', 'area': 495.0}, {'struture': '6室3厅2厨6卫', 'area': 495.0}, {'struture': '7室3厅2厨5卫', 'area': 528.0}]"
16,浦东星河湾,112000,,31.199548721313477,121.54276275634766,12,"[{'struture': '4室4厅2厨4卫', 'area': 375.0}, {'struture': '2室2厅1厨1卫', 'area': 109.0}, {'struture': '2室2厅1厨1卫', 'area': 118.0}, {'struture': '3室2厅1厨3卫', 'area': 189.0}, {'struture': '4室3厅1厨4卫', 'area': 245.0}, {'struture': '4室3厅2厨4卫', 'area': 283.0}, {'struture': '4室4厅2厨4卫', 'area': 288.0}, {'struture': '4室4厅2厨4卫', 'area': 289.0}, {'struture': '4室3厅2厨4卫', 'area': 289.0}, {'struture': '4室4厅2厨4卫', 'area': 290.0}, {'struture': '4室3厅2厨4卫', 'area': 291.0}, {'struture': '4室4厅2厨4卫', 'area': 292.0}]"
17,路劲佘山院子,34000,,31.03074073791504,121.14575958251953,4,"[{'struture': '2室2厅1厨1卫', 'area': 70.0}, {'struture': '3室2厅1厨1卫', 'area': 88.0}, {'struture': '3室2厅1厨3卫', 'area': 121.0}, {'struture': '3室2厅1厨3卫', 'area': 142.0}]"
18,融创滨江壹号院,待定,,31.20427894592285,121.49160766601562,6,"[{'struture': '3室2厅1厨3卫', 'area': 162.0}, {'struture': '3室2厅1厨2卫', 'area': 171.0}, {'struture': '3室2厅1厨3卫', 'area': 247.0}, {'struture': '4室2厅1厨3卫', 'area': 227.0}, {'struture': '4室2厅1厨4卫', 'area': 292.0}, {'struture': '4室3厅1厨4卫', 'area': 410.0}]"
19,中鹰黑森林,120000,,31.275859832763672,121.41677856445312,12,"[{'struture': '3室2厅1厨2卫', 'area': 231.84}, {'struture': '3室2厅1厨2卫', 'area': 231.84}, {'struture': '5室2厅1厨2卫', 'area': 235.09}, {'struture': '3室2厅1厨2卫', 'area': 167.0}, {'struture': '3室2厅1厨2卫', 'area': 170.85}, {'struture': '3室2厅1厨2卫', 'area': 202.45}, {'struture': '3室2厅1厨2卫', 'area': 202.45}, {'struture': '3室2厅1厨2卫', 'area': 203.7}, {'struture': '3室2厅1厨2卫', 'area': 203.7}, {'struture': '3室2厅1厨2卫', 'area': 204.61}, {'struture': '3室2厅1厨2卫', 'area': 204.61}, {'struture': '5室2厅1厨2卫', 'area': 203.66}]"
20,恒大御景湾,45000,,31.32449722290039,121.2864990234375,10,"[{'struture': '4室2厅1厨3卫', 'area': 207.0}, {'struture': '3室2厅1厨2卫', 'area': 145.0}, {'struture': '4室2厅1厨2卫', 'area': 159.0}, {'struture': '4室2厅1厨3卫', 'area': 203.0}, {'struture': '4室2厅1厨3卫', 'area': 210.0}, {'struture': '2室2厅1厨1卫', 'area': 87.0}, {'struture': '3室2厅1厨1卫', 'area': 89.0}, {'struture': '3室2厅1厨2卫', 'area': 118.5}, {'struture': '3室2厅1厨2卫', 'area': 127.0}, {'struture': '3室2厅1厨2卫', 'area': 130.0}]"
21,仁恒公园世纪,125000,,31.214059829711914,121.54125213623047,5,"[{'struture': '5室2厅1厨4卫', 'area': 275.0}, {'struture': '2室2厅1厨1卫', 'area': 93.0}, {'struture': '3室2厅1厨2卫', 'area': 156.0}, {'struture': '4室2厅1厨3卫', 'area': 230.0}, {'struture': '4室2厅1厨3卫', 'area': 245.0}]"
22,长风瑞仕璟庭,待定,,31.235811233520508,121.39143371582031,0,[]
23,湖滨天地,待定,,30.900707244873047,121.93144989013672,6,"[{'struture': '1室1厅1厨1卫', 'area': 62.0}, {'struture': '3室2厅1厨1卫', 'area': 88.0}, {'struture': '3室2厅1厨2卫', 'area': 126.0}, {'struture': '3室2厅1厨2卫', 'area': 126.0}, {'struture': '3室2厅1厨2卫', 'area': 126.0}, {'struture': '3室2厅1厨2卫', 'area': 126.0}]"
24,陆家嘴壹号院,待定,,31.248628616333008,121.53146362304688,4,"[{'struture': '4室2厅1厨2卫', 'area': 170.0}, {'struture': '4室2厅1厨2卫', 'area': 210.0}, {'struture': '4室2厅1厨3卫', 'area': 230.0}, {'struture': '4室2厅1厨3卫', 'area': 250.0}]"
25,合景天悦,50000,,31.067441940307617,121.23069763183594,6,"[{'struture': '2室2厅1厨2卫', 'area': 99.0}, {'struture': '2室2厅1厨2卫', 'area': 99.0}, {'struture': '2室2厅1厨2卫', 'area': 99.0}, {'struture': '3室2厅1厨2卫', 'area': 121.0}, {'struture': '3室2厅1厨1卫', 'area': 90.0}, {'struture': '3室2厅1厨2卫', 'area': 118.0}]"
26,依云湖,18000,,30.833755493164062,121.3235092163086,4,"[{'struture': '3室2厅1厨1卫', 'area': 83.0}, {'struture': '3室2厅1厨1卫', 'area': 83.0}, {'struture': '3室2厅1厨2卫', 'area': 95.0}, {'struture': '4室2厅1厨2卫', 'area': 115.0}]"
27,前滩东方逸品,待定,,31.1569766998291,121.4842758178711,4,"[{'struture': '1室1厅1厨1卫', 'area': 59.0}, {'struture': '2室2厅1厨1卫', 'area': 88.0}, {'struture': '2室2厅1厨1卫', 'area': 89.0}, {'struture': '3室2厅1厨2卫', 'area': 134.0}]"
28,东郊壹号,20000,,31.226892471313477,121.60650634765625,6,"[{'struture': '4室4厅1厨3卫', 'area': 505.0}, {'struture': '4室4厅1厨2卫', 'area': 505.0}, {'struture': '5室4厅1厨3卫', 'area': 505.0}, {'struture': '5室4厅1厨3卫', 'area': 505.0}, {'struture': '5室4厅1厨3卫', 'area': 587.0}, {'struture': '5室4厅1厨3卫', 'area': 670.0}]"
29,凤凰城,49000,,31.025863647460938,121.42317962646484,7,"[{'struture': '3室2厅1厨1卫', 'area': 108.0}, {'struture': '3室2厅1厨1卫', 'area': 104.0}, {'struture': '3室2厅1厨2卫', 'area': 139.0}, {'struture': '2室2厅1厨1卫', 'area': 87.0}, {'struture': '3室2厅1厨2卫', 'area': 141.0}, {'struture': '4室2厅1厨2卫', 'area': 180.0}, {'struture': '5室2厅1厨3卫', 'area': 240.0}]"
30,湖畔天下,45000,,31.318647384643555,121.31189727783203,6,"[{'struture': '3室2厅1厨2卫', 'area': 120.0}, {'struture': '3室2厅1厨2卫', 'area': 103.94}, {'struture': '3室2厅1厨2卫', 'area': 107.0}, {'struture': '3室2厅1厨2卫', 'area': 112.5}, {'struture': '3室2厅1厨2卫', 'area': 113.08}, {'struture': '3室2厅1厨2卫', 'area': 113.41}]"
31,东外滩1号,95000,,31.28032875061035,121.56188201904297,10,"[{'struture': '2室2厅1厨1卫', 'area': 94.0}, {'struture': '2室2厅1厨1卫', 'area': 107.0}, {'struture': '3室2厅1厨2卫', 'area': 134.0}, {'struture': '3室2厅1厨2卫', 'area': 145.0}, {'struture': '3室2厅1厨2卫', 'area': 146.0}, {'struture': '4室2厅1厨2卫', 'area': 161.0}, {'struture': '3室2厅1厨2卫', 'area': 125.0}, {'struture': '1室2厅1厨1卫', 'area': 58.0}, {'struture': '1室2厅1厨1卫', 'area': 72.0}, {'struture': '2室2厅1厨1卫', 'area': 92.0}]"
32,中国铁建香榭国际,49800,,30.99504852294922,121.44303131103516,12,"[{'struture': '3室3厅1厨2卫', 'area': 112.0}, {'struture': '3室3厅1厨2卫', 'area': 134.0}, {'struture': '3室3厅1厨3卫', 'area': 137.0}, {'struture': '4室3厅1厨4卫', 'area': 161.0}, {'struture': '3室2厅1厨1卫', 'area': 89.0}, {'struture': '3室2厅1厨1卫', 'area': 89.0}, {'struture': '3室2厅1厨2卫', 'area': 123.0}, {'struture': '4室2厅1厨2卫', 'area': 119.0}, {'struture': '3室2厅1厨1卫', 'area': 89.0}, {'struture': '3室2厅1厨2卫', 'area': 89.0}, {'struture': '3室2厅1厨2卫', 'area': 122.0}, {'struture': '4室2厅1厨2卫', 'area': 123.0}]"
33,君庭,待定,,31.229673385620117,121.61148834228516,8,"[{'struture': '7室3厅2厨3卫', 'area': 1300.0}, {'struture': '4室2厅1厨4卫', 'area': 800.0}, {'struture': '7室3厅2厨3卫', 'area': 1350.0}, {'struture': '7室3厅1厨3卫', 'area': 1400.0}, {'struture': '7室3厅1厨3卫', 'area': 1500.0}, {'struture': '7室3厅1厨3卫', 'area': 1800.0}, {'struture': '7室3厅2厨3卫', 'area': 2050.0}, {'struture': '7室3厅2厨3卫', 'area': 2050.0}]"
34,泰府名邸,121800,,31.24224281311035,121.46145629882812,0,[]
35,露香园,140000,,31.23175621032715,121.49099731445312,5,"[{'struture': '5室3厅1厨4卫', 'area': 330.0}, {'struture': '3室2厅1厨2卫', 'area': 211.84}, {'struture': '3室2厅1厨1卫', 'area': 222.04}, {'struture': '4室2厅1厨3卫', 'area': 243.19}, {'struture': '4室2厅1厨4卫', 'area': 275.44}]"
36,海玥瑄邸,待定,,31.054401397705078,121.72477722167969,4,"[{'struture': '2室2厅1厨1卫', 'area': 81.0}, {'struture': '3室2厅1厨1卫', 'area': 92.0}, {'struture': '3室2厅1厨1卫', 'area': 96.0}, {'struture': '3室2厅1厨1卫', 'area': 98.0}]"
37,九龙仓滨江壹十八,113000,,31.219629287719727,121.52183532714844,8,"[{'struture': '4室2厅1厨3卫', 'area': 257.0}, {'struture': '4室2厅1厨5卫', 'area': 296.0}, {'struture': '4室2厅1厨5卫', 'area': 365.0}, {'struture': '3室2厅1厨3卫', 'area': 236.0}, {'struture': '4室2厅1厨4卫', 'area': 288.0}, {'struture': '4室2厅1厨5卫', 'area': 340.0}, {'struture': '5室2厅1厨6卫', 'area': 350.0}, {'struture': '5室2厅1厨6卫', 'area': 410.0}]"
38,中粮首创禧瑞祥云,375,,31.039722442626953,121.671630859375,3,"[{'struture': '3室2厅1厨2卫', 'area': 90.0}, {'struture': '3室2厅1厨2卫', 'area': 110.0}, {'struture': '2室2厅1厨2卫', 'area': 90.0}]"
39,翡丽甲第,100000,,31.264429092407227,121.52534484863281,2,"[{'struture': '3室2厅1厨2卫', 'area': 177.0}, {'struture': '4室2厅1厨2卫', 'area': 240.0}]"
40,品尊国际,1570,,31.262950897216797,121.42705535888672,12,"[{'struture': '3室2厅1厨2卫', 'area': 156.0}, {'struture': '4室2厅1厨3卫', 'area': 260.0}, {'struture': '1室1厅0厨1卫', 'area': 62.0}, {'struture': '1室1厅1厨1卫', 'area': 77.5}, {'struture': '1室2厅1厨1卫', 'area': 77.5}, {'struture': '2室2厅1厨1卫', 'area': 96.5}, {'struture': '2室2厅1厨1卫', 'area': 96.5}, {'struture': '2室2厅1厨1卫', 'area': 98.0}, {'struture': '2室2厅1厨1卫', 'area': 109.0}, {'struture': '2室2厅1厨1卫', 'area': 111.0}, {'struture': '2室2厅1厨1卫', 'area': 113.0}, {'struture': '2室2厅1厨2卫', 'area': 126.5}]"
41,安亭瑞仕锦庭,31000,,31.282197952270508,121.19357299804688,6,"[{'struture': '2室2厅1厨1卫', 'area': 89.54}, {'struture': '2室2厅1厨1卫', 'area': 99.22}, {'struture': '2室2厅1厨1卫', 'area': 101.23}, {'struture': '3室2厅1厨2卫', 'area': 159.27}, {'struture': '4室2厅1厨2卫', 'area': 164.95}, {'struture': '3室2厅1厨2卫', 'area': 122.18}]"
42,新西塘孔雀城,15800,,30.801586151123047,120.93058013916016,5,"[{'struture': '2室2厅1厨1卫', 'area': 65.0}, {'struture': '3室2厅1厨1卫', 'area': 80.0}, {'struture': '3室2厅1厨1卫', 'area': 85.0}, {'struture': '4室2厅1厨2卫', 'area': 99.0}, {'struture': '4室2厅1厨2卫', 'area': 120.0}]"
43,凯德新视界,待定,,30.96733856201172,121.81620788574219,12,"[{'struture': '2室2厅1厨1卫', 'area': 77.0}, {'struture': '1室1厅1厨1卫', 'area': 59.0}, {'struture': '2室2厅1厨1卫', 'area': 76.0}, {'struture': '2室2厅1厨1卫', 'area': 75.0}, {'struture': '2室2厅1厨1卫', 'area': 79.74}, {'struture': '2室2厅1厨1卫', 'area': 80.0}, {'struture': '2室2厅1厨1卫', 'area': 87.0}, {'struture': '2室2厅1厨1卫', 'area': 89.0}, {'struture': '3室2厅1厨1卫', 'area': 91.0}, {'struture': '3室2厅1厨2卫', 'area': 103.0}, {'struture': '3室2厅1厨2卫', 'area': 110.0}, {'struture': '3室2厅1厨2卫', 'area': 117.0}]"
44,保利天琴宇,36000,,31.365001678466797,121.27288055419922,9,"[{'struture': '4室2厅1厨3卫', 'area': 260.0}, {'struture': '4室2厅1厨4卫', 'area': 300.0}, {'struture': '2室2厅1厨1卫', 'area': 90.0}, {'struture': '3室2厅1厨1卫', 'area': 92.0}, {'struture': '3室2厅1厨2卫', 'area': 145.0}, {'struture': '4室2厅1厨4卫', 'area': 158.0}, {'struture': '4室2厅1厨3卫', 'area': 205.0}, {'struture': '4室3厅1厨4卫', 'area': 285.0}, {'struture': '4室3厅1厨4卫', 'area': 288.0}]"
45,象源丽都,72500,,31.241092681884766,121.38335418701172,7,"[{'struture': '2室2厅0厨1卫', 'area': 99.2}, {'struture': '2室2厅0厨1卫', 'area': 104.38}, {'struture': '2室2厅1厨1卫', 'area': 105.0}, {'struture': '2室2厅1厨1卫', 'area': 109.0}, {'struture': '2室2厅1厨2卫', 'area': 111.53}, {'struture': '2室2厅0厨1卫', 'area': 115.0}, {'struture': '2室2厅0厨1卫', 'area': 133.79}]"
46,绿地天呈,待定,,31.40273666381836,121.2469482421875,11,"[{'struture': '3室2厅1厨1卫', 'area': 90.0}, {'struture': '3室2厅1厨1卫', 'area': 90.0}, {'struture': '3室2厅1厨3卫', 'area': 133.0}, {'struture': '3室2厅1厨3卫', 'area': 133.0}, {'struture': '4室2厅1厨2卫', 'area': 118.0}, {'struture': '4室2厅1厨2卫', 'area': 120.0}, {'struture': '4室2厅1厨2卫', 'area': 135.0}, {'struture': '4室2厅1厨3卫', 'area': 149.0}, {'struture': '4室2厅1厨3卫', 'area': 149.0}, {'struture': '4室2厅1厨3卫', 'area': 152.0}, {'struture': '4室2厅1厨3卫', 'area': 152.0}]"
47,华府天地愉园,50065,,31.05755043029785,121.36392974853516,8,"[{'struture': '4室3厅1厨3卫', 'area': 183.0}, {'struture': '4室3厅1厨4卫', 'area': 189.0}, {'struture': '4室3厅1厨4卫', 'area': 194.0}, {'struture': '5室2厅1厨4卫', 'area': 159.0}, {'struture': '5室2厅1厨5卫', 'area': 206.0}, {'struture': '4室3厅1厨3卫', 'area': 152.0}, {'struture': '4室3厅1厨3卫', 'area': 153.0}, {'struture': '5室2厅1厨4卫', 'area': 162.0}]"
48,光明金山府,27000,,30.7689266204834,121.35408020019531,1,"[{'struture': '3室2厅1厨1卫', 'area': 99.0}]"
49,葛洲坝虹桥紫郡公馆,58000,,31.16806411743164,121.32257080078125,9,"[{'struture': '3室2厅1厨2卫', 'area': 116.0}, {'struture': '3室2厅1厨2卫', 'area': 113.0}, {'struture': '3室2厅1厨2卫', 'area': 116.0}, {'struture': '3室2厅1厨2卫', 'area': 118.0}, {'struture': '3室2厅1厨2卫', 'area': 128.0}, {'struture': '3室2厅1厨2卫', 'area': 133.0}, {'struture': '3室2厅1厨2卫', 'area': 138.0}, {'struture': '3室2厅1厨3卫', 'area': 170.0}, {'struture': '4室2厅1厨3卫', 'area': 182.0}]"
50,金地水悦堂,42900,,31.129085540771484,121.04637908935547,5,"[{'struture': '2室2厅1厨3卫', 'area': 116.0}, {'struture': '3室2厅1厨3卫', 'area': 141.0}, {'struture': '4室2厅1厨3卫', 'area': 122.0}, {'struture': '4室2厅1厨3卫', 'area': 126.0}, {'struture': '4室2厅1厨3卫', 'area': 129.0}]"
51,万科公园大道,待定,,31.030851364135742,121.38703155517578,9,"[{'struture': '3室2厅1厨2卫', 'area': 95.0}, {'struture': '4室2厅1厨2卫', 'area': 126.46}, {'struture': '1室2厅1厨1卫', 'area': 67.49}, {'struture': '2室2厅1厨1卫', 'area': 77.0}, {'struture': '2室2厅1厨1卫', 'area': 82.22}, {'struture': '2室2厅1厨1卫', 'area': 85.94}, {'struture': '3室2厅1厨1卫', 'area': 98.0}, {'struture': '3室2厅1厨2卫', 'area': 101.0}, {'struture': '4室2厅1厨2卫', 'area': 126.0}]"
52,日月光伯爵湾,38400,,31.286096572875977,121.16316986083984,8,"[{'struture': '3室2厅1厨2卫', 'area': 88.0}, {'struture': '3室2厅1厨2卫', 'area': 89.0}, {'struture': '4室2厅1厨3卫', 'area': 127.0}, {'struture': '4室2厅1厨3卫', 'area': 132.0}, {'struture': '4室2厅1厨3卫', 'area': 138.0}, {'struture': '4室2厅1厨3卫', 'area': 138.0}, {'struture': '4室2厅1厨3卫', 'area': 165.0}, {'struture': '3室2厅1厨2卫', 'area': 91.0}]"
53,中粮南桥锦云,36700,,30.9266300201416,121.49102020263672,6,"[{'struture': '3室2厅1厨1卫', 'area': 93.0}, {'struture': '3室2厅1厨2卫', 'area': 118.0}, {'struture': '3室2厅1厨2卫', 'area': 130.0}, {'struture': '2室2厅1厨1卫', 'area': 78.0}, {'struture': '2室2厅1厨1卫', 'area': 90.0}, {'struture': '2室2厅1厨1卫', 'area': 90.0}]"
54,融创领馆壹号院,1816,,31.125104904174805,121.45794677734375,3,"[{'struture': '3室2厅1厨3卫', 'area': 204.0}, {'struture': '4室2厅1厨4卫', 'area': 183.0}, {'struture': '4室2厅1厨4卫', 'area': 187.0}]"
55,英庭名墅,57400,,31.17171859741211,121.32648468017578,5,"[{'struture': '3室4厅1厨3卫', 'area': 226.0}, {'struture': '3室4厅2厨5卫', 'area': 267.0}, {'struture': '3室4厅2厨4卫', 'area': 357.0}, {'struture': '3室4厅2厨5卫', 'area': 445.0}, {'struture': '4室4厅2厨7卫', 'area': 515.0}]"
56,合生东郊别墅,11500,,31.229724884033203,121.60677337646484,4,"[{'struture': '4室3厅2厨5卫', 'area': 731.72}, {'struture': '4室3厅2厨5卫', 'area': 830.01}, {'struture': '4室3厅2厨5卫', 'area': 1074.38}, {'struture': '4室3厅2厨5卫', 'area': 875.6}]"
57,绿都绣云里,待定,,31.115079879760742,121.71725463867188,4,"[{'struture': '2室2厅1厨1卫', 'area': 67.0}, {'struture': '2室2厅1厨1卫', 'area': 69.0}, {'struture': '3室2厅1厨1卫', 'area': 91.0}, {'struture': '3室2厅1厨2卫', 'area': 116.0}]"
58,佘山玺樾,55245,,31.072654724121094,121.19883728027344,12,"[{'struture': '2室2厅1厨3卫', 'area': 91.0}, {'struture': '3室2厅1厨3卫', 'area': 115.0}, {'struture': '3室2厅1厨3卫', 'area': 128.0}, {'struture': '3室2厅1厨3卫', 'area': 152.0}, {'struture': '3室3厅1厨3卫', 'area': 223.0}, {'struture': '3室3厅1厨3卫', 'area': 223.0}, {'struture': '3室3厅1厨4卫', 'area': 228.0}, {'struture': '3室3厅1厨3卫', 'area': 234.0}, {'struture': '3室3厅1厨2卫', 'area': 243.0}, {'struture': '3室3厅1厨3卫', 'area': 251.0}, {'struture': '3室3厅1厨3卫', 'area': 260.0}, {'struture': '3室3厅1厨3卫', 'area': 263.0}]"
59,盛世荟庭,32395,,31.064050674438477,121.78363800048828,4,"[{'struture': '2室2厅1厨1卫', 'area': 84.0}, {'struture': '3室2厅1厨1卫', 'area': 94.0}, {'struture': '3室2厅1厨2卫', 'area': 108.0}, {'struture': '3室2厅1厨2卫', 'area': 116.0}]"
60,华润置地赛拉维,360,,30.963960647583008,121.443115234375,4,"[{'struture': '2室2厅1厨2卫', 'area': 91.4}, {'struture': '3室2厅1厨2卫', 'area': 95.0}, {'struture': '3室2厅1厨2卫', 'area': 101.47}, {'struture': '4室2厅1厨2卫', 'area': 122.0}]"
61,TODTOWN天荟悦麓,待定,,31.11717987060547,121.39166259765625,5,"[{'struture': '2室2厅1厨1卫', 'area': 104.0}, {'struture': '3室2厅1厨2卫', 'area': 151.0}, {'struture': '3室2厅1厨2卫', 'area': 154.0}, {'struture': '3室2厅1厨3卫', 'area': 176.0}, {'struture': '3室2厅1厨3卫', 'area': 178.0}]"
62,一品漫城尚郡,65000,,31.119760513305664,121.4980697631836,7,"[{'struture': '2室2厅1厨1卫', 'area': 98.0}, {'struture': '3室2厅1厨2卫', 'area': 120.0}, {'struture': '2室2厅1厨1卫', 'area': 98.0}, {'struture': '2室2厅1厨1卫', 'area': 74.0}, {'struture': '2室2厅1厨1卫', 'area': 83.0}, {'struture': '3室2厅1厨1卫', 'area': 115.0}, {'struture': '3室2厅1厨2卫', 'area': 132.0}]"
63,西上海御庭,待定,,31.293981552124023,121.21172332763672,11,"[{'struture': '2室2厅1厨1卫', 'area': 90.35}, {'struture': '2室2厅1厨1卫', 'area': 90.74}, {'struture': '2室2厅1厨1卫', 'area': 98.0}, {'struture': '2室2厅1厨1卫', 'area': 98.62}, {'struture': '2室2厅1厨1卫', 'area': 91.68}, {'struture': '2室2厅1厨1卫', 'area': 92.43}, {'struture': '2室2厅1厨1卫', 'area': 100.58}, {'struture': '2室2厅1厨2卫', 'area': 104.66}, {'struture': '2室2厅0厨2卫', 'area': 111.48}, {'struture': '3室2厅1厨2卫', 'area': 126.0}, {'struture': '3室2厅1厨2卫', 'area': 131.0}]"
64,绿洲康城金邸,61000,,31.158361434936523,121.58353424072266,5,"[{'struture': '3室2厅1厨3卫', 'area': 153.0}, {'struture': '3室2厅1厨3卫', 'area': 198.0}, {'struture': '3室2厅2厨3卫', 'area': 231.87}, {'struture': '3室2厅2厨3卫', 'area': 244.94}, {'struture': '4室2厅2厨3卫', 'area': 284.98}]"
65,恒大佘山首府,34000,,31.134353637695312,121.22572326660156,12,"[{'struture': '4室2厅1厨3卫', 'area': 218.16}, {'struture': '4室3厅1厨4卫', 'area': 220.0}, {'struture': '4室2厅1厨3卫', 'area': 224.0}, {'struture': '1室2厅1厨1卫', 'area': 60.0}, {'struture': '2室2厅1厨1卫', 'area': 79.0}, {'struture': '2室2厅1厨1卫', 'area': 80.0}, {'struture': '2室2厅1厨1卫', 'area': 83.0}, {'struture': '3室2厅1厨2卫', 'area': 124.0}, {'struture': '3室2厅1厨2卫', 'area': 156.88}, {'struture': '4室2厅1厨2卫', 'area': 144.0}, {'struture': '4室2厅1厨2卫', 'area': 147.0}, {'struture': '4室2厅1厨2卫', 'area': 148.0}]"
66,凤鸣海尚,208,,30.861255645751953,121.5757064819336,3,"[{'struture': '4室2厅1厨3卫', 'area': 120.0}, {'struture': '3室2厅1厨2卫', 'area': 90.0}, {'struture': '3室2厅1厨2卫', 'area': 92.0}]"
67,花园里,39000,,31.349592208862305,121.26851654052734,5,"[{'struture': '3室2厅1厨2卫', 'area': 150.0}, {'struture': '2室2厅1厨2卫', 'area': 130.0}, {'struture': '3室2厅1厨2卫', 'area': 127.0}, {'struture': '2室2厅1厨1卫', 'area': 88.0}, {'struture': '2室2厅1厨1卫', 'area': 95.0}]"
68,银亿公园壹号,120000,,31.21685028076172,121.55776977539062,4,"[{'struture': '3室2厅1厨3卫', 'area': 170.0}, {'struture': '3室2厅1厨3卫', 'area': 181.0}, {'struture': '3室2厅1厨3卫', 'area': 182.0}, {'struture': '4室2厅1厨3卫', 'area': 172.0}]"
69,融创海上桃源,440,,31.788808822631836,121.4646987915039,4,"[{'struture': '3室2厅1厨3卫', 'area': 143.0}, {'struture': '3室2厅1厨2卫', 'area': 135.0}, {'struture': '2室2厅1厨2卫', 'area': 95.0}, {'struture': '3室2厅1厨3卫', 'area': 89.0}]"
70,新华御湖上园,18000,,30.83698081970215,121.31989288330078,6,"[{'struture': '3室2厅1厨2卫', 'area': 89.0}, {'struture': '3室2厅1厨2卫', 'area': 89.0}, {'struture': '3室2厅1厨1卫', 'area': 82.0}, {'struture': '3室2厅1厨2卫', 'area': 91.0}, {'struture': '3室2厅1厨2卫', 'area': 91.0}, {'struture': '3室2厅1厨2卫', 'area': 97.0}]"
71,古北尚郡,待定,,31.189138412475586,121.38972473144531,3,"[{'struture': '1室2厅1厨1卫', 'area': 65.0}, {'struture': '2室2厅1厨1卫', 'area': 95.0}, {'struture': '3室2厅1厨2卫', 'area': 125.0}]"
72,御沁园,待定,,31.10999298095703,121.58085632324219,8,"[{'struture': '4室2厅1厨4卫', 'area': 84.0}, {'struture': '4室2厅1厨2卫', 'area': 169.0}, {'struture': '4室2厅1厨3卫', 'area': 206.0}, {'struture': '4室2厅1厨3卫', 'area': 206.0}, {'struture': '4室2厅1厨2卫', 'area': 209.0}, {'struture': '4室2厅1厨4卫', 'area': 236.0}, {'struture': '4室2厅1厨4卫', 'area': 236.0}, {'struture': '4室2厅1厨2卫', 'area': 240.0}]"
73,阳光星期8,37000,,30.92466926574707,121.48694610595703,4,"[{'struture': '2室2厅1厨1卫', 'area': 83.0}, {'struture': '3室2厅1厨1卫', 'area': 95.0}, {'struture': '3室2厅1厨2卫', 'area': 104.0}, {'struture': '4室2厅1厨2卫', 'area': 130.0}]"
74,龙德景苑,125730,,31.202911376953125,121.43025207519531,2,"[{'struture': '5室2厅1厨5卫', 'area': 349.62}, {'struture': '7室2厅1厨5卫', 'area': 421.16}]"
75,东郊罗兰别墅,130000,,31.231523513793945,121.61609649658203,4,"[{'struture': '5室7厅1厨7卫', 'area': 380.0}, {'struture': '6室5厅1厨8卫', 'area': 350.0}, {'struture': '6室8厅1厨6卫', 'area': 413.0}, {'struture': '4室4厅1厨6卫', 'area': 300.0}]"
76,云著深蓝,43000,,31.037715911865234,121.25865936279297,4,"[{'struture': '3室2厅1厨1卫', 'area': 88.0}, {'struture': '3室2厅1厨2卫', 'area': 99.0}, {'struture': '3室2厅1厨2卫', 'area': 108.0}, {'struture': '4室2厅1厨2卫', 'area': 126.0}]"
77,尚汇豪庭三期,待定,,31.183937072753906,121.43701171875,0,[]
78,首创禧悦风华,40183,,31.13898468017578,121.09335327148438,4,"[{'struture': '2室2厅1厨1卫', 'area': 75.0}, {'struture': '3室2厅1厨2卫', 'area': 90.0}, {'struture': '3室2厅1厨2卫', 'area': 95.0}, {'struture': '4室2厅1厨2卫', 'area': 108.0}]"
79,嘉宝前滩后院,90000,,31.16097640991211,121.51848602294922,3,"[{'struture': '4室3厅1厨3卫', 'area': 180.0}, {'struture': '5室3厅1厨3卫', 'area': 195.0}, {'struture': '5室3厅1厨3卫', 'area': 187.0}]"
80,外滩豪景苑,待定,,31.25363540649414,121.49507904052734,3,"[{'struture': '2室2厅1厨1卫', 'area': 108.0}, {'struture': '3室2厅1厨2卫', 'area': 156.0}, {'struture': '3室2厅1厨2卫', 'area': 186.0}]"
81,金融街融府,待定,,31.259187698364258,121.45763397216797,6,"[{'struture': '3室2厅1厨2卫', 'area': 120.0}, {'struture': '3室2厅1厨2卫', 'area': 130.0}, {'struture': '3室2厅1厨3卫', 'area': 169.0}, {'struture': '2室2厅1厨1卫', 'area': 90.0}, {'struture': '2室2厅1厨1卫', 'area': 90.0}, {'struture': '4室2厅1厨2卫', 'area': 142.0}]"
82,中金海棠湾别墅,58000,,31.104522705078125,121.5987777709961,12,"[{'struture': '6室5厅1厨3卫', 'area': 234.0}, {'struture': '6室3厅1厨4卫', 'area': 268.0}, {'struture': '6室2厅1厨4卫', 'area': 240.0}, {'struture': '6室3厅1厨4卫', 'area': 268.0}, {'struture': '3室2厅1厨2卫', 'area': 280.0}, {'struture': '3室2厅1厨2卫', 'area': 280.0}, {'struture': '3室2厅1厨2卫', 'area': 280.0}, {'struture': '3室2厅1厨2卫', 'area': 280.0}, {'struture': '3室2厅1厨2卫', 'area': 280.0}, {'struture': '3室2厅1厨2卫', 'area': 280.0}, {'struture': '3室2厅1厨2卫', 'area': 280.0}, {'struture': '3室2厅1厨2卫', 'area': 280.0}]"
83,中集金地美兰城,待定,,31.405860900878906,121.35511016845703,0,[]
84,融创壹号公馆,待定,,31.12860870361328,121.2673110961914,4,"[{'struture': '3室2厅1厨1卫', 'area': 85.0}, {'struture': '3室2厅1厨1卫', 'area': 87.0}, {'struture': '3室2厅1厨2卫', 'area': 93.0}, {'struture': '4室2厅1厨2卫', 'area': 121.0}]"
85,新城璞樾门第,45800,,31.147924423217773,121.11891174316406,7,"[{'struture': '3室3厅1厨4卫', 'area': 165.58}, {'struture': '2室2厅1厨2卫', 'area': 129.0}, {'struture': '3室2厅1厨1卫', 'area': 119.0}, {'struture': '3室2厅2厨1卫', 'area': 142.0}, {'struture': '3室2厅1厨3卫', 'area': 144.23}, {'struture': '4室3厅1厨3卫', 'area': 132.26}, {'struture': '4室3厅1厨3卫', 'area': 157.47}]"
86,中建朗阅府,待定,,31.181976318359375,121.6328353881836,0,[]
87,绿波景园,36000,,31.114503860473633,121.27899932861328,5,"[{'struture': '4室2厅1厨2卫', 'area': 136.63}, {'struture': '2室2厅1厨1卫', 'area': 90.0}, {'struture': '2室2厅1厨1卫', 'area': 90.21}, {'struture': '2室2厅1厨1卫', 'area': 92.88}, {'struture': '2室2厅1厨1卫', 'area': 92.88}]"
88,佘山一品,1000,,31.105464935302734,121.1815414428711,5,"[{'struture': '5室2厅1厨3卫', 'area': 230.0}, {'struture': '5室3厅1厨4卫', 'area': 270.0}, {'struture': '5室2厅1厨4卫', 'area': 300.0}, {'struture': '5室2厅1厨3卫', 'area': 210.0}, {'struture': '5室2厅1厨5卫', 'area': 360.0}]"
89,金地自在城玺湾,待定,,31.122413635253906,121.25812530517578,4,"[{'struture': '3室2厅1厨1卫', 'area': 90.0}, {'struture': '3室2厅1厨1卫', 'area': 90.0}, {'struture': '3室2厅1厨2卫', 'area': 112.0}, {'struture': '4室2厅1厨2卫', 'area': 126.0}]"
90,正荣国领,65000,,31.412548065185547,121.3702163696289,8,"[{'struture': '4室2厅1厨4卫', 'area': 145.0}, {'struture': '4室4厅1厨4卫', 'area': 115.0}, {'struture': '3室2厅1厨2卫', 'area': 148.0}, {'struture': '5室4厅1厨4卫', 'area': 227.0}, {'struture': '6室3厅1厨5卫', 'area': 178.0}, {'struture': '6室4厅1厨5卫', 'area': 360.0}, {'struture': '4室3厅1厨3卫', 'area': 180.0}, {'struture': '7室4厅1厨5卫', 'area': 200.0}]"
91,光语著,34000,,30.903743743896484,121.5122299194336,7,"[{'struture': '1室1厅1厨1卫', 'area': 65.0}, {'struture': '3室2厅0厨2卫', 'area': 84.0}, {'struture': '3室2厅1厨1卫', 'area': 84.0}, {'struture': '3室2厅1厨2卫', 'area': 90.0}, {'struture': '4室2厅1厨3卫', 'area': 125.0}, {'struture': '4室2厅1厨3卫', 'area': 125.0}, {'struture': '4室2厅1厨3卫', 'area': 135.0}]"
92,昆山万科海上传奇,19000,,31.187419891357422,120.96792602539062,3,"[{'struture': '2室2厅1厨1卫', 'area': 90.0}, {'struture': '2室2厅1厨2卫', 'area': 108.0}, {'struture': '3室2厅1厨2卫', 'area': 125.0}]"
93,衡源西岸壹号,待定,,31.156740188598633,121.46208190917969,0,[]
94,大学里,36000,,31.287437438964844,121.21731567382812,10,"[{'struture': '2室2厅1厨1卫', 'area': 76.0}, {'struture': '3室2厅1厨1卫', 'area': 88.11}, {'struture': '3室2厅1厨1卫', 'area': 88.27}, {'struture': '3室2厅1厨2卫', 'area': 138.0}, {'struture': '4室2厅1厨3卫', 'area': 157.0}, {'struture': '3室2厅1厨2卫', 'area': 115.0}, {'struture': '2室2厅1厨1卫', 'area': 88.0}, {'struture': '3室2厅1厨1卫', 'area': 98.0}, {'struture': '3室2厅1厨1卫', 'area': 116.0}, {'struture': '3室2厅1厨2卫', 'area': 120.0}]"
95,长泰西郊别墅,54000,,31.09659194946289,121.2927474975586,10,"[{'struture': '3室3厅1厨3卫', 'area': 350.0}, {'struture': '4室3厅2厨4卫', 'area': 266.0}, {'struture': '5室3厅2厨4卫', 'area': 297.0}, {'struture': '4室3厅1厨3卫', 'area': 220.0}, {'struture': '4室3厅2厨4卫', 'area': 360.0}, {'struture': '4室3厅2厨4卫', 'area': 360.0}, {'struture': '4室3厅1厨3卫', 'area': 360.0}, {'struture': '4室3厅2厨5卫', 'area': 400.0}, {'struture': '5室3厅1厨4卫', 'area': 410.0}, {'struture': '5室3厅2厨5卫', 'area': 450.0}]"
96,佘山水岸名邸,38000,,31.106748580932617,121.18919372558594,4,"[{'struture': '3室2厅1厨2卫', 'area': 95.0}, {'struture': '3室2厅1厨3卫', 'area': 123.0}, {'struture': '4室2厅1厨2卫', 'area': 120.0}, {'struture': '4室2厅1厨3卫', 'area': 134.0}]"
97,嘉宝梦之星,40000,,31.354480743408203,121.24366760253906,5,"[{'struture': '2室2厅1厨1卫', 'area': 77.0}, {'struture': '3室2厅1厨1卫', 'area': 89.0}, {'struture': '3室2厅1厨2卫', 'area': 91.0}, {'struture': '3室2厅1厨2卫', 'area': 101.0}, {'struture': '4室2厅1厨2卫', 'area': 120.0}]"
98,国瑞瀛台,23000,,31.76568031311035,121.49542999267578,7,"[{'struture': '4室3厅1厨4卫', 'area': 158.0}, {'struture': '1室2厅1厨1卫', 'area': 67.0}, {'struture': '2室2厅1厨1卫', 'area': 77.0}, {'struture': '2室2厅1厨1卫', 'area': 79.0}, {'struture': '2室2厅1厨1卫', 'area': 86.0}, {'struture': '3室2厅1厨1卫', 'area': 90.0}, {'struture': '3室2厅1厨1卫', 'area': 98.0}]"
99,新城上坤樾山,55000,,31.107521057128906,121.24107360839844,5,"[{'struture': '3室2厅1厨4卫', 'area': 108.0}, {'struture': '3室2厅1厨4卫', 'area': 108.0}, {'struture': '4室2厅1厨4卫', 'area': 136.0}, {'struture': '4室2厅1厨4卫', 'area': 165.0}, {'struture': '4室2厅1厨4卫', 'area': 165.0}]"
100,建邦16区二期,98000,,31.273143768310547,121.50387573242188,12,"[{'struture': '2室2厅1厨1卫', 'area': 98.0}, {'struture': '2室2厅1厨1卫', 'area': 101.0}, {'struture': '3室2厅1厨1卫', 'area': 124.0}, {'struture': '3室2厅1厨2卫', 'area': 131.0}, {'struture': '3室2厅1厨2卫', 'area': 135.0}, {'struture': '1室2厅1厨1卫', 'area': 79.0}, {'struture': '2室2厅1厨1卫', 'area': 91.0}, {'struture': '2室2厅1厨1卫', 'area': 93.0}, {'struture': '2室2厅1厨1卫', 'area': 100.0}, {'struture': '2室2厅1厨1卫', 'area': 115.0}, {'struture': '3室2厅1厨2卫', 'area': 124.0}, {'struture': '3室2厅1厨2卫', 'area': 142.0}]"
101,嘉涛湾,32000,,31.115243911743164,121.04428100585938,7,"[{'struture': '3室4厅1厨4卫', 'area': 263.0}, {'struture': '3室4厅1厨4卫', 'area': 268.0}, {'struture': '4室4厅1厨4卫', 'area': 240.0}, {'struture': '4室4厅1厨4卫', 'area': 251.0}, {'struture': '4室4厅1厨4卫', 'area': 363.0}, {'struture': '5室4厅1厨4卫', 'area': 283.0}, {'struture': '5室4厅1厨5卫', 'area': 386.0}]"
102,湖山香颂湾,31000,,30.75459861755371,121.34378051757812,4,"[{'struture': '3室2厅1厨2卫', 'area': 127.0}, {'struture': '2室2厅1厨1卫', 'area': 87.0}, {'struture': '3室2厅1厨2卫', 'area': 116.0}, {'struture': '4室2厅1厨2卫', 'area': 145.0}]"
103,鹏欣一品漫城三期浅山别墅,2500,,31.121912002563477,121.49773406982422,12,"[{'struture': '3室2厅1厨3卫', 'area': 313.0}, {'struture': '3室2厅1厨3卫', 'area': 313.0}, {'struture': '3室2厅1厨3卫', 'area': 313.0}, {'struture': '4室3厅1厨4卫', 'area': 288.0}, {'struture': '4室3厅1厨4卫', 'area': 288.0}, {'struture': '4室3厅1厨4卫', 'area': 288.0}, {'struture': '4室3厅1厨4卫', 'area': 288.0}, {'struture': '4室3厅1厨4卫', 'area': 288.0}, {'struture': '4室3厅1厨4卫', 'area': 288.0}, {'struture': '4室3厅1厨4卫', 'area': 288.0}, {'struture': '4室3厅1厨4卫', 'area': 288.0}, {'struture': '4室3厅1厨4卫', 'area': 313.0}]"
104,西虹桥壹号,390,,31.14469337463379,121.08698272705078,5,"[{'struture': '3室2厅1厨1卫', 'area': 82.0}, {'struture': '3室2厅1厨2卫', 'area': 92.0}, {'struture': '3室2厅1厨2卫', 'area': 93.0}, {'struture': '4室2厅1厨2卫', 'area': 120.0}, {'struture': '4室2厅1厨2卫', 'area': 116.0}]"
105,古北ONE,105000,,31.199731826782227,121.40325927734375,0,[]
106,悦城华庭,175,,30.91217613220215,121.65859985351562,0,[]
107,静安康鑫家园,90000,,31.247146606445312,121.45674133300781,0,[]
108,信义嘉庭,37100,,31.378259658813477,121.2803726196289,12,"[{'struture': '4室2厅1厨2卫', 'area': 130.0}, {'struture': '3室2厅1厨1卫', 'area': 90.0}, {'struture': '3室2厅1厨1卫', 'area': 110.0}, {'struture': '3室2厅1厨2卫', 'area': 145.0}, {'struture': '3室2厅1厨2卫', 'area': 150.0}, {'struture': '1室1厅1厨1卫', 'area': 50.0}, {'struture': '2室2厅1厨1卫', 'area': 90.0}, {'struture': '3室2厅1厨1卫', 'area': 90.0}, {'struture': '4室2厅1厨2卫', 'area': 130.0}, {'struture': '4室2厅1厨2卫', 'area': 130.0}, {'struture': '4室2厅1厨2卫', 'area': 120.0}, {'struture': '2室2厅1厨1卫', 'area': 80.0}]"
109,合生广富汇,55700,,31.071857452392578,121.2019271850586,10,"[{'struture': '3室2厅1厨4卫', 'area': 269.0}, {'struture': '3室2厅1厨4卫', 'area': 269.0}, {'struture': '3室2厅1厨1卫', 'area': 88.0}, {'struture': '3室2厅1厨4卫', 'area': 262.0}, {'struture': '3室2厅1厨4卫', 'area': 264.0}, {'struture': '3室2厅1厨4卫', 'area': 267.0}, {'struture': '5室6厅1厨5卫', 'area': 267.0}, {'struture': '5室6厅1厨5卫', 'area': 267.0}, {'struture': '5室6厅1厨5卫', 'area': 267.0}, {'struture': '5室6厅1厨5卫', 'area': 267.0}]"
110,富绅时代公馆,41000,,31.167585372924805,121.10227966308594,4,"[{'struture': '3室2厅1厨2卫', 'area': 102.0}, {'struture': '3室2厅1厨2卫', 'area': 110.0}, {'struture': '2室2厅1厨1卫', 'area': 76.0}, {'struture': '3室2厅1厨1卫', 'area': 87.0}]"
111,桂语云溪,42800,,31.011964797973633,121.20631408691406,0,[]
112,浦西玫瑰园,27600,,31.292892456054688,121.14269256591797,10,"[{'struture': '2室2厅1厨1卫', 'area': 72.0}, {'struture': '2室2厅1厨1卫', 'area': 74.0}, {'struture': '3室2厅1厨1卫', 'area': 83.0}, {'struture': '3室2厅1厨2卫', 'area': 85.0}, {'struture': '3室2厅1厨2卫', 'area': 86.0}, {'struture': '3室2厅1厨2卫', 'area': 88.0}, {'struture': '3室2厅1厨1卫', 'area': 88.0}, {'struture': '3室2厅1厨2卫', 'area': 88.0}, {'struture': '3室2厅1厨2卫', 'area': 88.0}, {'struture': '3室2厅1厨1卫', 'area': 88.0}]"
113,凤凰城天悦,299,,30.883533477783203,121.75308227539062,4,"[{'struture': '3室2厅1厨1卫', 'area': 85.0}, {'struture': '3室2厅1厨2卫', 'area': 94.0}, {'struture': '3室2厅1厨3卫', 'area': 115.0}, {'struture': '3室2厅1厨3卫', 'area': 120.0}]"
114,上实海上公元,41000,,31.35015869140625,121.27523040771484,5,"[{'struture': '2室2厅1厨1卫', 'area': 88.0}, {'struture': '3室2厅1厨2卫', 'area': 117.0}, {'struture': '3室2厅1厨2卫', 'area': 126.0}, {'struture': '3室2厅1厨1卫', 'area': 86.0}, {'struture': '3室2厅1厨2卫', 'area': 116.0}]"
115,华亭首府,43000,,31.035921096801758,121.19183349609375,3,"[{'struture': '3室2厅1厨2卫', 'area': 138.0}, {'struture': '3室2厅1厨2卫', 'area': 139.0}, {'struture': '4室2厅1厨5卫', 'area': 240.0}]"
116,泷湾,949,,31.145418167114258,121.21285247802734,12,"[{'struture': '4室3厅1厨5卫', 'area': 279.0}, {'struture': '4室3厅1厨5卫', 'area': 279.0}, {'struture': '4室3厅1厨5卫', 'area': 279.0}, {'struture': '4室3厅1厨5卫', 'area': 286.0}, {'struture': '4室3厅1厨5卫', 'area': 286.0}, {'struture': '4室3厅1厨5卫', 'area': 286.0}, {'struture': '5室3厅1厨6卫', 'area': 314.0}, {'struture': '5室3厅1厨6卫', 'area': 314.0}, {'struture': '5室3厅1厨6卫', 'area': 314.0}, {'struture': '5室3厅1厨6卫', 'area': 326.0}, {'struture': '5室3厅1厨6卫', 'area': 326.0}, {'struture': '5室3厅1厨6卫', 'area': 326.0}]"
117,新虹桥首府,待定,,31.15678596496582,121.31089782714844,10,"[{'struture': '3室2厅1厨2卫', 'area': 116.0}, {'struture': '1室2厅1厨1卫', 'area': 70.0}, {'struture': '1室2厅1厨1卫', 'area': 85.0}, {'struture': '2室1厅1厨1卫', 'area': 86.8}, {'struture': '2室2厅1厨1卫', 'area': 88.0}, {'struture': '2室2厅1厨1卫', 'area': 90.3}, {'struture': '3室2厅1厨2卫', 'area': 118.66}, {'struture': '3室2厅1厨2卫', 'area': 124.81}, {'struture': '4室2厅1厨4卫', 'area': 263.14}, {'struture': '5室2厅1厨3卫', 'area': 252.02}]"
118,远洋丽兹堡,4800,,31.407072067260742,121.37244415283203,4,"[{'struture': '5室5厅2厨6卫', 'area': 634.0}, {'struture': '5室5厅2厨6卫', 'area': 654.0}, {'struture': '6室6厅1厨6卫', 'area': 821.0}, {'struture': '7室6厅1厨8卫', 'area': 1239.0}]"
119,光明云庐,待定,,31.09165382385254,121.27560424804688,0,[]
120,同润蓝美俊庭别墅,35000,,30.968713760375977,121.75453186035156,2,"[{'struture': '3室2厅1厨3卫', 'area': 150.0}, {'struture': '4室2厅1厨3卫', 'area': 160.0}]"
121,首创禧悦晴朗,40800,,31.137758255004883,121.08598327636719,6,"[{'struture': '3室2厅1厨2卫', 'area': 93.0}, {'struture': '2室2厅1厨1卫', 'area': 59.0}, {'struture': '3室2厅1厨1卫', 'area': 82.0}, {'struture': '3室2厅1厨2卫', 'area': 93.0}, {'struture': '4室2厅1厨2卫', 'area': 108.0}, {'struture': '4室2厅1厨2卫', 'area': 121.0}]"
122,大华清水湾花园三期华府樟园,待定,,31.230884552001953,121.42066192626953,12,"[{'struture': '5室3厅1厨3卫', 'area': 430.0}, {'struture': '1室2厅1厨1卫', 'area': 81.0}, {'struture': '1室2厅1厨1卫', 'area': 88.0}, {'struture': '1室2厅1厨1卫', 'area': 89.0}, {'struture': '1室2厅1厨1卫', 'area': 91.0}, {'struture': '2室2厅1厨1卫', 'area': 106.0}, {'struture': '3室2厅1厨2卫', 'area': 180.0}, {'struture': '3室2厅1厨3卫', 'area': 241.0}, {'struture': '4室2厅1厨2卫', 'area': 195.0}, {'struture': '4室2厅1厨3卫', 'area': 227.0}, {'struture': '4室2厅1厨3卫', 'area': 274.0}, {'struture': '4室2厅1厨3卫', 'area': 301.0}]"
123,西郊庄园马德里洋房,1600,,31.208026885986328,121.29202270507812,4,"[{'struture': '3室2厅1厨3卫', 'area': 220.0}, {'struture': '4室2厅1厨3卫', 'area': 260.0}, {'struture': '1室2厅1厨1卫', 'area': 90.0}, {'struture': '1室2厅1厨1卫', 'area': 90.0}]"
124,凯德星贸邸,待定,,31.246843338012695,121.4659423828125,7,"[{'struture': '3室2厅1厨2卫', 'area': 145.0}, {'struture': '3室2厅1厨3卫', 'area': 190.0}, {'struture': '3室2厅1厨3卫', 'area': 191.0}, {'struture': '3室2厅1厨3卫', 'area': 200.0}, {'struture': '4室2厅1厨3卫', 'area': 217.0}, {'struture': '4室2厅1厨3卫', 'area': 233.0}, {'struture': '4室2厅1厨4卫', 'area': 255.0}]"
125,柏澜晶舍,50000,,31.123079299926758,121.60602569580078,3,"[{'struture': '3室2厅1厨2卫', 'area': 99.0}, {'struture': '3室2厅1厨2卫', 'area': 100.0}, {'struture': '3室2厅1厨2卫', 'area': 120.0}]"
126,中南君悦府,41000,,31.14209747314453,121.08441925048828,10,"[{'struture': '4室2厅1厨2卫', 'area': 126.0}, {'struture': '3室2厅1厨2卫', 'area': 114.0}, {'struture': '4室3厅1厨3卫', 'area': 132.0}, {'struture': '4室2厅1厨2卫', 'area': 126.0}, {'struture': '3室2厅1厨2卫', 'area': 89.0}, {'struture': '3室2厅1厨2卫', 'area': 89.0}, {'struture': '3室2厅1厨2卫', 'area': 89.0}, {'struture': '3室2厅1厨2卫', 'area': 89.0}, {'struture': '3室2厅1厨2卫', 'area': 114.0}, {'struture': '4室3厅1厨3卫', 'area': 132.0}]"
127,金科新弘古北天御,待定,,31.191919326782227,121.41786193847656,0,[]
128,东海御庭,1550,,31.211259841918945,121.77983856201172,6,"[{'struture': '3室3厅1厨4卫', 'area': 358.0}, {'struture': '4室2厅2厨5卫', 'area': 346.76}, {'struture': '4室3厅1厨4卫', 'area': 432.0}, {'struture': '5室3厅1厨6卫', 'area': 439.0}, {'struture': '5室3厅1厨6卫', 'area': 500.0}, {'struture': '3室2厅1厨4卫', 'area': 352.0}]"
129,远香湖九号,43000,,31.351837158203125,121.27153015136719,12,"[{'struture': '4室3厅1厨2卫', 'area': 247.0}, {'struture': '4室3厅1厨2卫', 'area': 247.0}, {'struture': '3室2厅1厨3卫', 'area': 223.0}, {'struture': '3室2厅1厨3卫', 'area': 223.0}, {'struture': '3室2厅1厨3卫', 'area': 224.0}, {'struture': '3室2厅1厨3卫', 'area': 224.0}, {'struture': '3室2厅1厨3卫', 'area': 229.0}, {'struture': '3室2厅1厨3卫', 'area': 229.0}, {'struture': '3室2厅1厨3卫', 'area': 229.0}, {'struture': '5室2厅1厨3卫', 'area': 206.0}, {'struture': '2室2厅1厨1卫', 'area': 116.0}, {'struture': '2室2厅1厨1卫', 'area': 132.0}]"
130,洋江唐顿公馆,待定,,31.136478424072266,121.32676696777344,0,[]
131,华谊逸品澜湾,待定,,31.31312370300293,121.30904388427734,7,"[{'struture': '2室2厅1厨1卫', 'area': 78.0}, {'struture': '2室2厅1厨1卫', 'area': 82.0}, {'struture': '2室2厅1厨2卫', 'area': 89.0}, {'struture': '2室2厅1厨2卫', 'area': 89.0}, {'struture': '2室2厅1厨2卫', 'area': 89.0}, {'struture': '3室2厅1厨1卫', 'area': 94.0}, {'struture': '3室2厅1厨2卫', 'area': 111.0}]"
132,荣信虹桥世嘉,2400,,31.180152893066406,121.40164947509766,12,"[{'struture': '5室3厅1厨5卫', 'area': 350.0}, {'struture': '5室3厅1厨6卫', 'area': 342.76}, {'struture': '1室2厅1厨1卫', 'area': 72.51}, {'struture': '2室2厅1厨1卫', 'area': 89.18}, {'struture': '2室2厅1厨1卫', 'area': 90.0}, {'struture': '2室2厅1厨1卫', 'area': 90.51}, {'struture': '2室2厅1厨1卫', 'area': 91.0}, {'struture': '3室2厅1厨2卫', 'area': 120.0}, {'struture': '3室2厅1厨2卫', 'area': 123.56}, {'struture': '3室2厅1厨2卫', 'area': 160.0}, {'struture': '4室2厅1厨2卫', 'area': 165.0}, {'struture': '4室2厅1厨2卫', 'area': 166.0}]"
133,尚峰名邸,待定,,31.154325485229492,121.47636413574219,0,[]
134,颐湾丽庭,35000,,31.121397018432617,121.04220581054688,12,"[{'struture': '4室3厅1厨3卫', 'area': 207.0}, {'struture': '6室3厅1厨3卫', 'area': 245.0}, {'struture': '4室3厅1厨3卫', 'area': 292.0}, {'struture': '4室3厅0厨5卫', 'area': 283.0}, {'struture': '4室3厅1厨3卫', 'area': 219.0}, {'struture': '4室3厅1厨3卫', 'area': 207.0}, {'struture': '4室3厅1厨3卫', 'area': 207.0}, {'struture': '4室3厅1厨3卫', 'area': 207.0}, {'struture': '4室3厅1厨3卫', 'area': 219.0}, {'struture': '4室3厅1厨3卫', 'area': 219.0}, {'struture': '4室3厅1厨3卫', 'area': 219.0}, {'struture': '4室3厅1厨5卫', 'area': 283.0}]"
135,卓越维港,待定,,31.02680015563965,121.38259887695312,3,"[{'struture': '3室2厅1厨2卫', 'area': 90.0}, {'struture': '3室2厅1厨2卫', 'area': 87.0}, {'struture': '4室3厅1厨2卫', 'area': 100.0}]"
136,合生财富海景公馆,29000,,30.733646392822266,121.35961151123047,6,"[{'struture': '2室2厅1厨1卫', 'area': 83.0}, {'struture': '3室2厅1厨2卫', 'area': 95.0}, {'struture': '2室2厅1厨1卫', 'area': 95.0}, {'struture': '3室2厅1厨1卫', 'area': 123.0}, {'struture': '4室2厅1厨2卫', 'area': 160.0}, {'struture': '4室3厅2厨3卫', 'area': 177.0}]"
137,安亭中央公园,32000,,31.296602249145508,121.16252136230469,5,"[{'struture': '3室2厅1厨2卫', 'area': 138.83}, {'struture': '1室2厅1厨1卫', 'area': 74.85}, {'struture': '2室2厅1厨1卫', 'area': 92.96}, {'struture': '2室2厅1厨1卫', 'area': 101.12}, {'struture': '2室2厅1厨1卫', 'area': 103.37}]"
138,首创天阅滨江,待定,,31.262277603149414,121.52584075927734,3,"[{'struture': '1室1厅1厨1卫', 'area': 65.0}, {'struture': '3室2厅1厨2卫', 'area': 124.0}, {'struture': '4室2厅1厨2卫', 'area': 156.0}]"
139,新城上坤樾山璟里,45000,,31.102426528930664,121.24575805664062,4,"[{'struture': '3室2厅1厨3卫', 'area': 119.0}, {'struture': '4室2厅1厨3卫', 'area': 130.0}, {'struture': '3室2厅1厨2卫', 'area': 91.0}, {'struture': '4室2厅1厨2卫', 'area': 115.0}]"
140,鸿泰乐颐小镇,14000,,31.790498733520508,121.42715454101562,2,"[{'struture': '1室1厅1厨1卫', 'area': 65.0}, {'struture': '1室1厅1厨1卫', 'area': 55.0}]"
141,灿辉晶典1733,待定,,31.172321319580078,121.29108428955078,0,[]
142,万科mixtown,23000,,31.28325843811035,121.0826644897461,12,"[{'struture': '2室2厅1厨1卫', 'area': 66.0}, {'struture': '3室2厅1厨2卫', 'area': 85.0}, {'struture': '3室2厅1厨1卫', 'area': 86.0}, {'struture': '3室2厅1厨1卫', 'area': 90.0}, {'struture': '3室2厅1厨2卫', 'area': 127.0}, {'struture': '4室2厅1厨2卫', 'area': 127.0}, {'struture': '4室2厅1厨2卫', 'area': 135.0}, {'struture': '1室2厅1厨1卫', 'area': 68.0}, {'struture': '2室1厅1厨1卫', 'area': 66.0}, {'struture': '2室1厅1厨1卫', 'area': 66.0}, {'struture': '2室2厅1厨1卫', 'area': 82.0}, {'struture': '2室2厅1厨1卫', 'area': 82.0}]"
143,盛世御珑湾,95000,,31.323637008666992,121.52306365966797,7,"[{'struture': '2室2厅1厨1卫', 'area': 83.96}, {'struture': '2室2厅1厨1卫', 'area': 84.47}, {'struture': '2室2厅1厨1卫', 'area': 87.58}, {'struture': '3室2厅1厨2卫', 'area': 113.0}, {'struture': '3室2厅1厨2卫', 'area': 115.0}, {'struture': '3室2厅1厨2卫', 'area': 122.02}, {'struture': '3室2厅1厨2卫', 'area': 133.58}]"
144,金隅金成府,待定,,31.414661407470703,121.28707885742188,3,"[{'struture': '3室2厅1厨1卫', 'area': 91.0}, {'struture': '3室2厅1厨2卫', 'area': 99.0}, {'struture': '4室2厅1厨2卫', 'area': 123.0}]"
145,象屿名俊豪庭,22950,,31.302419662475586,121.14424133300781,9,"[{'struture': '1室2厅1厨1卫', 'area': 70.0}, {'struture': '2室2厅1厨1卫', 'area': 89.0}, {'struture': '2室2厅1厨2卫', 'area': 98.0}, {'struture': '2室2厅1厨2卫', 'area': 98.0}, {'struture': '1室2厅1厨1卫', 'area': 62.0}, {'struture': '2室2厅1厨1卫', 'area': 83.0}, {'struture': '2室2厅1厨1卫', 'area': 92.0}, {'struture': '2室2厅1厨2卫', 'area': 97.0}, {'struture': '3室2厅1厨2卫', 'area': 117.0}]"
146,外冈壹号,24000,,31.363218307495117,121.1828384399414,5,"[{'struture': '4室2厅1厨3卫', 'area': 168.0}, {'struture': '3室2厅1厨1卫', 'area': 103.0}, {'struture': '4室2厅1厨2卫', 'area': 137.0}, {'struture': '4室2厅1厨4卫', 'area': 263.0}, {'struture': '4室2厅2厨4卫', 'area': 312.0}]"
147,明天华城三期,待定,,31.109756469726562,121.58407592773438,8,"[{'struture': '1室2厅1厨1卫', 'area': 72.0}, {'struture': '2室2厅1厨1卫', 'area': 90.0}, {'struture': '2室2厅1厨1卫', 'area': 97.0}, {'struture': '2室2厅1厨1卫', 'area': 97.0}, {'struture': '2室2厅1厨1卫', 'area': 97.0}, {'struture': '3室2厅1厨2卫', 'area': 130.0}, {'struture': '3室2厅1厨2卫', 'area': 145.0}, {'struture': '3室2厅1厨2卫', 'area': 149.0}]"
148,路劲佘山院子东园,45000,,31.031036376953125,121.14807891845703,9,"[{'struture': '2室1厅1厨1卫', 'area': 70.0}, {'struture': '2室1厅1厨1卫', 'area': 70.0}, {'struture': '2室1厅1厨1卫', 'area': 70.0}, {'struture': '2室1厅1厨1卫', 'area': 70.0}, {'struture': '2室1厅1厨1卫', 'area': 70.0}, {'struture': '2室2厅1厨1卫', 'area': 90.0}, {'struture': '2室2厅1厨1卫', 'area': 90.0}, {'struture': '3室2厅1厨1卫', 'area': 90.0}, {'struture': '3室2厅1厨1卫', 'area': 90.0}]"
149,联仲都悦汇,53241,,31.037687301635742,121.36497497558594,5,"[{'struture': '3室2厅1厨3卫', 'area': 184.0}, {'struture': '3室2厅1厨3卫', 'area': 184.0}, {'struture': '4室2厅1厨4卫', 'area': 212.0}, {'struture': '4室2厅1厨4卫', 'area': 256.0}, {'struture': '4室2厅1厨4卫', 'area': 256.0}]"
150,安亭新镇,待定,,31.277753829956055,121.17423248291016,8,"[{'struture': '2室2厅1厨4卫', 'area': 130.0}, {'struture': '2室3厅1厨3卫', 'area': 130.0}, {'struture': '3室2厅1厨3卫', 'area': 115.0}, {'struture': '3室2厅1厨3卫', 'area': 115.0}, {'struture': '3室2厅1厨3卫', 'area': 116.0}, {'struture': '3室2厅1厨2卫', 'area': 145.0}, {'struture': '4室2厅1厨3卫', 'area': 125.0}, {'struture': '4室2厅1厨3卫', 'area': 125.0}]"
151,绿地天呈别墅,待定,,31.40273666381836,121.2469482421875,6,"[{'struture': '3室2厅1厨3卫', 'area': 133.0}, {'struture': '3室2厅1厨3卫', 'area': 133.0}, {'struture': '4室2厅1厨3卫', 'area': 149.0}, {'struture': '4室2厅1厨3卫', 'area': 149.0}, {'struture': '4室2厅1厨3卫', 'area': 152.0}, {'struture': '4室2厅1厨3卫', 'area': 152.0}]"
152,原筑江南,42500,,30.927122116088867,121.58747863769531,6,"[{'struture': '4室2厅1厨3卫', 'area': 282.0}, {'struture': '4室2厅1厨5卫', 'area': 302.85}, {'struture': '6室2厅1厨5卫', 'area': 391.74}, {'struture': '4室2厅1厨5卫', 'area': 302.85}, {'struture': '6室2厅1厨5卫', 'area': 350.12}, {'struture': '7室3厅1厨7卫', 'area': 494.63}]"
153,中骏雍景湾,待定,,31.122093200683594,121.04962158203125,5,"[{'struture': '3室2厅1厨3卫', 'area': 100.0}, {'struture': '3室2厅1厨4卫', 'area': 105.0}, {'struture': '3室2厅1厨4卫', 'area': 107.0}, {'struture': '3室2厅1厨4卫', 'area': 110.0}, {'struture': '4室2厅1厨3卫', 'area': 117.0}]"
154,陕西北路1688乐活居,680,,31.253217697143555,121.4468765258789,3,"[{'struture': '2室2厅1厨1卫', 'area': 76.18}, {'struture': '2室2厅1厨1卫', 'area': 84.31}, {'struture': '2室2厅1厨1卫', 'area': 59.81}]"
155,新华联奥莱悦府,待定,,31.17251205444336,121.23098754882812,4,"[{'struture': '3室2厅1厨2卫', 'area': 125.0}, {'struture': '4室2厅1厨3卫', 'area': 145.0}, {'struture': '2室2厅1厨2卫', 'area': 83.0}, {'struture': '3室2厅1厨2卫', 'area': 89.0}]"
156,宝业爱多邦,38000,,31.150663375854492,121.16128540039062,4,"[{'struture': '3室2厅1厨2卫', 'area': 116.0}, {'struture': '4室2厅1厨2卫', 'area': 135.0}, {'struture': '2室2厅1厨1卫', 'area': 78.0}, {'struture': '3室2厅1厨2卫', 'area': 94.0}]"
157,光明九胤,待定,,30.963104248046875,121.49578857421875,0,[]
158,水月周庄,待定,,31.13191032409668,120.86746978759766,12,"[{'struture': '3室2厅1厨3卫', 'area': 119.0}, {'struture': '3室2厅1厨3卫', 'area': 117.0}, {'struture': '3室2厅1厨2卫', 'area': 121.0}, {'struture': '3室2厅1厨2卫', 'area': 123.0}, {'struture': '3室2厅1厨3卫', 'area': 146.7}, {'struture': '3室2厅1厨3卫', 'area': 168.0}, {'struture': '3室2厅1厨4卫', 'area': 169.0}, {'struture': '3室2厅1厨3卫', 'area': 182.0}, {'struture': '3室3厅1厨3卫', 'area': 184.0}, {'struture': '3室2厅1厨4卫', 'area': 188.0}, {'struture': '3室3厅1厨3卫', 'area': 256.0}, {'struture': '4室2厅1厨3卫', 'area': 434.0}]"
159,新城尚品,385,,31.06965446472168,121.31857299804688,6,"[{'struture': '2室2厅1厨2卫', 'area': 112.0}, {'struture': '2室2厅1厨2卫', 'area': 121.0}, {'struture': '3室2厅1厨2卫', 'area': 128.0}, {'struture': '3室2厅1厨2卫', 'area': 130.0}, {'struture': '4室2厅1厨2卫', 'area': 163.0}, {'struture': '4室2厅1厨2卫', 'area': 165.0}]"
160,毕加索花园小镇,21000,,30.805227279663086,121.3047866821289,5,"[{'struture': '3室2厅1厨2卫', 'area': 103.0}, {'struture': '3室2厅1厨1卫', 'area': 112.0}, {'struture': '3室3厅1厨3卫', 'area': 146.0}, {'struture': '2室2厅1厨1卫', 'area': 78.0}, {'struture': '2室2厅1厨1卫', 'area': 88.0}]"
161,新江湾城首府别墅,待定,,31.339017868041992,121.5235366821289,2,"[{'struture': '4室2厅1厨4卫', 'area': 395.0}, {'struture': '4室3厅1厨4卫', 'area': 260.0}]"
162,恒文璞悦,41000,,31.165868759155273,121.14137268066406,0,[]
163,惠南一方新城,待定,,31.041013717651367,121.74443817138672,4,"[{'struture': '1室1厅1厨1卫', 'area': 65.0}, {'struture': '2室1厅1厨1卫', 'area': 92.0}, {'struture': '3室2厅1厨1卫', 'area': 114.0}, {'struture': '3室2厅1厨2卫', 'area': 132.0}]"
164,海湾艺墅,900,,30.82913589477539,121.5310287475586,2,"[{'struture': '3室4厅1厨3卫', 'area': 279.12}, {'struture': '4室3厅1厨3卫', 'area': 272.0}]"
165,新城上坤樾山明月,待定,,31.103296279907227,121.24048614501953,7,"[{'struture': '2室2厅1厨2卫', 'area': 119.0}, {'struture': '2室2厅1厨3卫', 'area': 140.0}, {'struture': '2室2厅1厨3卫', 'area': 140.0}, {'struture': '3室2厅1厨3卫', 'area': 176.0}, {'struture': '3室2厅1厨2卫', 'area': 127.0}, {'struture': '4室2厅1厨3卫', 'area': 128.0}, {'struture': '3室3厅1厨3卫', 'area': 190.0}]"
166,中国铁建青秀城二期,待定,,31.36737823486328,121.40486907958984,10,"[{'struture': '2室2厅1厨1卫', 'area': 79.0}, {'struture': '2室2厅1厨1卫', 'area': 89.0}, {'struture': '2室2厅1厨2卫', 'area': 121.0}, {'struture': '3室2厅1厨1卫', 'area': 97.0}, {'struture': '3室2厅1厨1卫', 'area': 100.0}, {'struture': '3室2厅1厨1卫', 'area': 106.0}, {'struture': '3室2厅1厨2卫', 'area': 120.0}, {'struture': '3室2厅1厨2卫', 'area': 130.0}, {'struture': '4室3厅1厨2卫', 'area': 130.0}, {'struture': '5室3厅1厨2卫', 'area': 162.0}]"
167,金大元御珑宫廷,3500,,31.208372116088867,121.65718078613281,8,"[{'struture': '5室7厅1厨7卫', 'area': 360.0}, {'struture': '6室5厅2厨6卫', 'area': 360.0}, {'struture': '7室3厅1厨3卫', 'area': 438.0}, {'struture': '3室3厅1厨4卫', 'area': 290.0}, {'struture': '3室4厅1厨4卫', 'area': 360.0}, {'struture': '4室2厅1厨3卫', 'area': 260.0}, {'struture': '4室2厅1厨3卫', 'area': 300.0}, {'struture': '5室7厅1厨5卫', 'area': 420.0}]"
168,廊桥公馆,19462,,31.299331665039062,121.11701965332031,10,"[{'struture': '1室2厅1厨1卫', 'area': 72.0}, {'struture': '2室2厅1厨1卫', 'area': 83.0}, {'struture': '2室2厅1厨1卫', 'area': 93.0}, {'struture': '2室2厅1厨1卫', 'area': 95.0}, {'struture': '2室2厅1厨1卫', 'area': 97.0}, {'struture': '2室2厅1厨1卫', 'area': 99.0}, {'struture': '3室2厅1厨1卫', 'area': 105.0}, {'struture': '3室2厅1厨1卫', 'area': 105.0}, {'struture': '3室2厅1厨2卫', 'area': 134.0}, {'struture': '4室2厅1厨2卫', 'area': 140.0}]"
169,美溪里,20000,,30.812419891357422,121.2910385131836,5,"[{'struture': '3室2厅1厨3卫', 'area': 126.0}, {'struture': '3室2厅1厨2卫', 'area': 127.0}, {'struture': '3室2厅1厨3卫', 'area': 144.0}, {'struture': '3室2厅1厨4卫', 'area': 159.0}, {'struture': '4室2厅1厨4卫', 'area': 187.0}]"
170,朗诗新西郊,待定,,31.212188720703125,121.38629913330078,5,"[{'struture': '3室2厅1厨3卫', 'area': 180.0}, {'struture': '3室2厅1厨3卫', 'area': 180.0}, {'struture': '3室2厅1厨3卫', 'area': 206.0}, {'struture': '4室2厅1厨3卫', 'area': 210.0}, {'struture': '4室2厅1厨3卫', 'area': 232.0}]"
171,天和尚海庭前,47000,,30.982580184936523,121.56290435791016,4,"[{'struture': '4室3厅1厨3卫', 'area': 130.0}, {'struture': '4室3厅1厨4卫', 'area': 130.0}, {'struture': '4室3厅1厨4卫', 'area': 130.0}, {'struture': '4室3厅1厨3卫', 'area': 130.0}]"
172,锦秋御尚,63000,,31.330785751342773,121.39017486572266,12,"[{'struture': '5室3厅1厨5卫', 'area': 206.0}, {'struture': '1室1厅1厨1卫', 'area': 58.45}, {'struture': '1室2厅1厨1卫', 'area': 60.9}, {'struture': '1室2厅1厨1卫', 'area': 61.5}, {'struture': '1室2厅1厨1卫', 'area': 63.0}, {'struture': '2室2厅1厨1卫', 'area': 79.75}, {'struture': '2室2厅1厨1卫', 'area': 81.0}, {'struture': '2室2厅1厨1卫', 'area': 90.54}, {'struture': '2室2厅1厨1卫', 'area': 90.54}, {'struture': '2室2厅1厨1卫', 'area': 91.0}, {'struture': '2室2厅1厨1卫', 'area': 92.0}, {'struture': '2室2厅1厨1卫', 'area': 92.07}]"
173,凤鸣美谷,45000,,30.877077102661133,121.46720886230469,4,"[{'struture': '3室2厅1厨2卫', 'area': 89.0}, {'struture': '3室2厅1厨2卫', 'area': 96.0}, {'struture': '3室2厅1厨2卫', 'area': 96.0}, {'struture': '4室2厅1厨3卫', 'area': 120.0}]"
174,欣悦华庭,190,,30.9467830657959,121.73596954345703,5,"[{'struture': '3室2厅1厨1卫', 'area': 96.0}, {'struture': '3室2厅1厨2卫', 'area': 123.0}, {'struture': '1室2厅1厨1卫', 'area': 69.0}, {'struture': '2室2厅1厨1卫', 'area': 90.0}, {'struture': '2室2厅1厨1卫', 'area': 90.0}]"
175,紫都上海晶园,2600,,31.109821319580078,121.19873809814453,12,"[{'struture': '4室3厅1厨4卫', 'area': 320.0}, {'struture': '4室3厅1厨4卫', 'area': 380.0}, {'struture': '2室4厅1厨3卫', 'area': 380.0}, {'struture': '3室4厅1厨4卫', 'area': 320.0}, {'struture': '3室4厅1厨3卫', 'area': 350.0}, {'struture': '4室3厅1厨4卫', 'area': 300.0}, {'struture': '4室3厅1厨3卫', 'area': 300.0}, {'struture': '4室3厅1厨4卫', 'area': 300.0}, {'struture': '4室3厅1厨4卫', 'area': 320.0}, {'struture': '4室2厅1厨4卫', 'area': 350.0}, {'struture': '4室3厅1厨3卫', 'area': 350.0}, {'struture': '4室3厅1厨4卫', 'area': 350.0}]"
176,银河丽湾二期,36100,,30.924257278442383,121.50007629394531,3,"[{'struture': '4室2厅1厨4卫', 'area': 245.0}, {'struture': '4室2厅1厨3卫', 'area': 245.0}, {'struture': '4室2厅1厨4卫', 'area': 296.0}]"
177,圣得庄园,60000,,31.068086624145508,121.41464233398438,4,"[{'struture': '5室3厅1厨5卫', 'area': 300.0}, {'struture': '5室3厅1厨5卫', 'area': 337.82}, {'struture': '6室2厅1厨6卫', 'area': 550.0}, {'struture': '6室3厅1厨6卫', 'area': 670.0}]"
178,蓝城春风江南,30000,,30.77830696105957,121.14544677734375,9,"[{'struture': '2室2厅1厨3卫', 'area': 108.0}, {'struture': '3室2厅1厨3卫', 'area': 115.0}, {'struture': '3室2厅1厨3卫', 'area': 140.0}, {'struture': '3室2厅1厨3卫', 'area': 144.0}, {'struture': '3室2厅1厨3卫', 'area': 146.0}, {'struture': '3室2厅1厨4卫', 'area': 159.0}, {'struture': '4室2厅1厨3卫', 'area': 172.0}, {'struture': '4室2厅1厨3卫', 'area': 176.0}, {'struture': '4室2厅1厨4卫', 'area': 188.0}]"
179,融信铂爵,43000,,31.14219856262207,121.08650970458984,4,"[{'struture': '4室2厅1厨2卫', 'area': 123.0}, {'struture': '3室2厅1厨1卫', 'area': 90.0}, {'struture': '3室2厅1厨1卫', 'area': 90.0}, {'struture': '3室2厅1厨2卫', 'area': 108.0}]"
180,秋月朗庭尚东区,33000,,30.930320739746094,121.52845001220703,12,"[{'struture': '2室2厅1厨2卫', 'area': 87.0}, {'struture': '3室2厅1厨2卫', 'area': 100.0}, {'struture': '3室2厅1厨2卫', 'area': 105.0}, {'struture': '4室2厅1厨2卫', 'area': 125.0}, {'struture': '3室2厅1厨1卫', 'area': 90.0}, {'struture': '3室2厅1厨2卫', 'area': 108.0}, {'struture': '3室2厅1厨2卫', 'area': 118.0}, {'struture': '2室2厅1厨1卫', 'area': 80.0}, {'struture': '3室2厅1厨2卫', 'area': 90.0}, {'struture': '3室2厅1厨2卫', 'area': 105.0}, {'struture': '3室2厅1厨2卫', 'area': 105.0}, {'struture': '3室2厅1厨2卫', 'area': 112.0}]"
181,东方华璟园,26000,,30.933273315429688,121.58855438232422,8,"[{'struture': '3室2厅1厨2卫', 'area': 131.0}, {'struture': '2室2厅1厨1卫', 'area': 104.0}, {'struture': '1室2厅1厨1卫', 'area': 58.0}, {'struture': '1室2厅1厨1卫', 'area': 58.0}, {'struture': '2室2厅1厨1卫', 'area': 86.0}, {'struture': '2室2厅1厨1卫', 'area': 87.0}, {'struture': '2室2厅1厨1卫', 'area': 88.0}, {'struture': '3室2厅1厨2卫', 'area': 114.0}]"
182,步阳御江金都二期,665,,31.405555725097656,121.2541732788086,8,"[{'struture': '4室2厅1厨2卫', 'area': 195.0}, {'struture': '2室2厅1厨1卫', 'area': 90.0}, {'struture': '2室2厅1厨2卫', 'area': 110.0}, {'struture': '3室2厅1厨2卫', 'area': 120.0}, {'struture': '3室2厅1厨2卫', 'area': 120.0}, {'struture': '3室2厅1厨2卫', 'area': 140.0}, {'struture': '3室2厅1厨2卫', 'area': 140.0}, {'struture': '3室2厅1厨2卫', 'area': 177.0}]"
183,旭辉依云湾三期,待定,,31.35513687133789,121.39466094970703,2,"[{'struture': '2室2厅1厨2卫', 'area': 133.0}, {'struture': '4室2厅1厨3卫', 'area': 209.0}]"
184,鑫宇嘉苑,23000,,31.293760299682617,121.15538024902344,12,"[{'struture': '3室2厅1厨2卫', 'area': 120.0}, {'struture': '3室2厅1厨2卫', 'area': 121.0}, {'struture': '3室2厅1厨2卫', 'area': 122.0}, {'struture': '3室2厅1厨2卫', 'area': 123.0}, {'struture': '3室2厅1厨2卫', 'area': 126.0}, {'struture': '3室2厅1厨2卫', 'area': 128.0}, {'struture': '3室2厅1厨3卫', 'area': 180.0}, {'struture': '3室2厅1厨3卫', 'area': 183.0}, {'struture': '3室2厅1厨3卫', 'area': 181.0}, {'struture': '5室2厅1厨4卫', 'area': 223.0}, {'struture': '5室2厅1厨4卫', 'area': 225.0}, {'struture': '3室2厅1厨1卫', 'area': 97.0}]"
185,金领国际别墅,62000,,31.260570526123047,121.6866226196289,6,"[{'struture': '4室2厅1厨3卫', 'area': 271.47}, {'struture': '1室2厅1厨1卫', 'area': 185.0}, {'struture': '2室1厅0厨2卫', 'area': 183.22}, {'struture': '2室3厅1厨3卫', 'area': 199.86}, {'struture': '3室0厅0厨2卫', 'area': 185.0}, {'struture': '4室2厅1厨4卫', 'area': 247.36}]"
186,嘉和美苑,待定,,30.910303115844727,121.93199920654297,8,"[{'struture': '2室2厅1厨2卫', 'area': 115.0}, {'struture': '3室2厅1厨1卫', 'area': 105.0}, {'struture': '3室2厅1厨2卫', 'area': 141.0}, {'struture': '3室2厅1厨2卫', 'area': 141.0}, {'struture': '3室2厅1厨2卫', 'area': 142.0}, {'struture': '3室2厅1厨2卫', 'area': 142.0}, {'struture': '4室3厅1厨3卫', 'area': 243.0}, {'struture': '4室3厅1厨3卫', 'area': 251.0}]"
187,碧桂园天凝源著,12500,,30.89492416381836,120.82243347167969,12,"[{'struture': '2室2厅1厨1卫', 'area': 73.0}, {'struture': '2室2厅1厨1卫', 'area': 73.0}, {'struture': '3室2厅1厨2卫', 'area': 83.0}, {'struture': '3室2厅1厨2卫', 'area': 100.0}, {'struture': '2室2厅1厨1卫', 'area': 73.0}, {'struture': '2室2厅1厨1卫', 'area': 73.0}, {'struture': '3室2厅1厨1卫', 'area': 83.0}, {'struture': '3室2厅1厨2卫', 'area': 100.0}, {'struture': '4室2厅1厨2卫', 'area': 143.0}, {'struture': '2室2厅1厨1卫', 'area': 73.0}, {'struture': '3室2厅1厨1卫', 'area': 83.0}, {'struture': '4室2厅1厨2卫', 'area': 143.0}]"
188,磐达华庭,待定,,30.90955352783203,121.93280029296875,5,"[{'struture': '1室1厅1厨1卫', 'area': 63.0}, {'struture': '2室2厅1厨1卫', 'area': 80.0}, {'struture': '2室2厅1厨1卫', 'area': 82.67}, {'struture': '3室2厅1厨1卫', 'area': 95.85}, {'struture': '3室2厅1厨3卫', 'area': 236.0}]"
189,海玥瀜庭,待定,,30.907888412475586,121.04317474365234,0,[]
190,盛誉世家,42000,,31.169836044311523,121.10894775390625,3,"[{'struture': '3室2厅1厨2卫', 'area': 127.0}, {'struture': '3室2厅1厨2卫', 'area': 139.0}, {'struture': '3室2厅1厨2卫', 'area': 105.0}]"
191,佘山东郡,1650,,31.108774185180664,121.24654388427734,5,"[{'struture': '5室3厅4厨1卫', 'area': 342.58}, {'struture': '6室5厅1厨5卫', 'area': 361.0}, {'struture': '6室5厅1厨7卫', 'area': 457.0}, {'struture': '7室4厅1厨5卫', 'area': 354.0}, {'struture': '6室5厅1厨5卫', 'area': 324.0}]"
192,华润佘山九里,待定,,31.11119270324707,121.26776885986328,4,"[{'struture': '4室2厅1厨3卫', 'area': 138.0}, {'struture': '4室2厅1厨3卫', 'area': 167.12}, {'struture': '4室2厅1厨3卫', 'area': 194.24}, {'struture': '4室2厅1厨2卫', 'area': 147.0}]"
193,御涛园,待定,,31.05074691772461,121.3585205078125,4,"[{'struture': '5室3厅1厨5卫', 'area': 332.0}, {'struture': '5室3厅1厨5卫', 'area': 301.0}, {'struture': '7室3厅1厨6卫', 'area': 442.0}, {'struture': '7室3厅1厨6卫', 'area': 524.0}]"
194,安亭誉墅,44500,,31.297840118408203,121.16120910644531,4,"[{'struture': '4室2厅1厨4卫', 'area': 271.0}, {'struture': '4室2厅1厨4卫', 'area': 273.0}, {'struture': '5室2厅1厨5卫', 'area': 299.0}, {'struture': '4室2厅1厨4卫', 'area': 299.0}]"
195,朱泾名园,29000,,30.89918327331543,121.16699981689453,7,"[{'struture': '2室2厅1厨1卫', 'area': 92.58}, {'struture': '3室2厅1厨1卫', 'area': 98.51}, {'struture': '3室2厅1厨2卫', 'area': 106.47}, {'struture': '3室2厅1厨2卫', 'area': 109.21}, {'struture': '3室2厅1厨2卫', 'area': 119.45}, {'struture': '3室2厅1厨2卫', 'area': 128.19}, {'struture': '4室2厅1厨2卫', 'area': 139.85}]"
196,上海檀香湾,待定,,31.034122467041016,121.6551742553711,1,"[{'struture': '4室3厅1厨3卫', 'area': 193.0}]"
197,运杰御澜雅苑,550,,31.159135818481445,121.15342712402344,4,"[{'struture': '3室2厅1厨2卫', 'area': 96.0}, {'struture': '3室2厅1厨2卫', 'area': 96.0}, {'struture': '3室2厅1厨2卫', 'area': 125.0}, {'struture': '3室2厅1厨2卫', 'area': 126.0}]"
198,悦临雅苑,待定,,30.91101837158203,121.93126678466797,7,"[{'struture': '2室2厅1厨1卫', 'area': 85.0}, {'struture': '2室2厅1厨2卫', 'area': 103.0}, {'struture': '2室2厅1厨2卫', 'area': 109.0}, {'struture': '2室2厅1厨2卫', 'area': 111.0}, {'struture': '2室2厅1厨2卫', 'area': 123.0}, {'struture': '3室2厅1厨2卫', 'area': 139.0}, {'struture': '3室2厅1厨2卫', 'area': 145.0}]"
199,一品漫城四期壹品别墅,2700,,31.122024536132812,121.49594116210938,1,"[{'struture': '5室3厅2厨5卫', 'area': 330.0}]"
200,海上壹街区,待定,,31.636430740356445,121.433837890625,0,[]
201,棕榈滩高尔夫别墅,1200,,30.833858489990234,121.56068420410156,7,"[{'struture': '6室2厅1厨4卫', 'area': 421.95}, {'struture': '5室3厅1厨4卫', 'area': 332.19}, {'struture': '5室3厅1厨4卫', 'area': 368.0}, {'struture': '5室3厅1厨3卫', 'area': 411.0}, {'struture': '5室2厅1厨4卫', 'area': 352.0}, {'struture': '6室3厅1厨4卫', 'area': 408.81}, {'struture': '6室2厅1厨5卫', 'area': 415.53}]"
202,徐汇区漕河泾社区196a-08地块,待定,,31.170705795288086,121.44764709472656,0,[]
203,蓝湖湾,10000,,31.795665740966797,121.44017028808594,8,"[{'struture': '1室2厅1厨1卫', 'area': 66.0}, {'struture': '2室2厅1厨1卫', 'area': 88.0}, {'struture': '2室2厅1厨1卫', 'area': 93.0}, {'struture': '2室2厅1厨1卫', 'area': 94.0}, {'struture': '2室2厅1厨1卫', 'area': 94.0}, {'struture': '3室2厅1厨2卫', 'area': 112.0}, {'struture': '3室2厅1厨1卫', 'area': 115.0}, {'struture': '3室2厅1厨2卫', 'area': 118.0}]"
204,北蔡社区Z000501单元03-02、03-03地块,待定,,31.203474044799805,121.55619049072266,0,[]
205,帕缇欧香苑,38000,,31.1449031829834,121.13057708740234,12,"[{'struture': '3室2厅1厨2卫', 'area': 118.0}, {'struture': '3室2厅1厨2卫', 'area': 136.0}, {'struture': '4室2厅1厨2卫', 'area': 162.0}, {'struture': '3室4厅1厨3卫', 'area': 220.0}, {'struture': '4室4厅1厨3卫', 'area': 220.0}, {'struture': '4室4厅1厨3卫', 'area': 220.0}, {'struture': '4室4厅1厨3卫', 'area': 220.0}, {'struture': '4室4厅1厨3卫', 'area': 220.0}, {'struture': '4室4厅1厨3卫', 'area': 220.0}, {'struture': '4室3厅1厨5卫', 'area': 394.0}, {'struture': '4室3厅1厨5卫', 'area': 446.0}, {'struture': '4室3厅1厨5卫', 'area': 493.0}]"
206,碧桂园玫瑰公馆,430,,30.87895393371582,121.08741760253906,7,"[{'struture': '5室2厅1厨3卫', 'area': 163.0}, {'struture': '5室2厅1厨3卫', 'area': 169.0}, {'struture': '2室2厅1厨1卫', 'area': 77.0}, {'struture': '2室2厅1厨1卫', 'area': 83.0}, {'struture': '2室2厅1厨1卫', 'area': 84.0}, {'struture': '3室2厅1厨1卫', 'area': 91.0}, {'struture': '3室2厅1厨1卫', 'area': 95.0}]"
207,臻水岸苑,45500,,31.148035049438477,121.23135375976562,5,"[{'struture': '7室2厅1厨5卫', 'area': 287.0}, {'struture': '7室2厅2厨5卫', 'area': 287.0}, {'struture': '7室2厅1厨6卫', 'area': 320.0}, {'struture': '7室2厅2厨5卫', 'area': 294.0}, {'struture': '7室3厅1厨5卫', 'area': 294.0}]"
208,东原公馆,28000,,31.15361976623535,121.12020111083984,2,"[{'struture': '3室2厅1厨1卫', 'area': 124.0}, {'struture': '1室1厅1厨1卫', 'area': 56.0}]"
209,深城投十一街区,待定,,31.3343505859375,121.28205871582031,3,"[{'struture': '2室2厅1厨1卫', 'area': 73.0}, {'struture': '3室2厅1厨1卫', 'area': 81.0}, {'struture': '3室2厅1厨1卫', 'area': 89.0}]"
210,杭州湾海上传奇,13000,,30.34404182434082,121.20328521728516,5,"[{'struture': '2室2厅1厨1卫', 'area': 67.0}, {'struture': '2室2厅1厨1卫', 'area': 79.0}, {'struture': '3室2厅1厨2卫', 'area': 99.0}, {'struture': '4室2厅1厨2卫', 'area': 129.0}, {'struture': '4室2厅1厨2卫', 'area': 143.0}]"
211,海湾名悦豪庭,23000,,30.871545791625977,121.57386779785156,5,"[{'struture': '3室2厅1厨1卫', 'area': 93.0}, {'struture': '3室2厅1厨1卫', 'area': 93.0}, {'struture': '3室2厅1厨1卫', 'area': 107.0}, {'struture': '4室2厅1厨2卫', 'area': 132.0}, {'struture': '3室2厅1厨2卫', 'area': 118.0}]"
212,龙光西塘江南大境,待定,,30.94150161743164,120.900146484375,0,[]
213,绿洲香格丽花园别墅,40000,,31.426082611083984,121.28740692138672,6,"[{'struture': '4室2厅1厨5卫', 'area': 217.0}, {'struture': '5室2厅1厨5卫', 'area': 210.0}, {'struture': '4室2厅1厨5卫', 'area': 230.0}, {'struture': '4室2厅1厨4卫', 'area': 310.0}, {'struture': '4室2厅1厨3卫', 'area': 188.0}, {'struture': '4室2厅1厨3卫', 'area': 193.0}]"
214,太仓合生伴海花园,9700,,31.637271881103516,121.1999282836914,4,"[{'struture': '3室2厅1厨1卫', 'area': 89.0}, {'struture': '3室2厅1厨2卫', 'area': 110.0}, {'struture': '3室2厅1厨2卫', 'area': 114.0}, {'struture': '4室2厅1厨2卫', 'area': 145.0}]"
215,越秀向东岛,待定,,31.460216522216797,121.18197631835938,0,[]
216,半岛君望,3000,,30.942649841308594,121.47555541992188,7,"[{'struture': '3室2厅2厨3卫', 'area': 429.92}, {'struture': '4室2厅2厨4卫', 'area': 324.54}, {'struture': '4室2厅2厨4卫', 'area': 357.11}, {'struture': '4室2厅2厨4卫', 'area': 384.0}, {'struture': '4室2厅2厨4卫', 'area': 403.06}, {'struture': '4室2厅2厨4卫', 'area': 428.84}, {'struture': '4室2厅2厨4卫', 'area': 439.35}]"
217,嘉定区嘉定新城E17-1地块,待定,,31.336898803710938,121.26365661621094,0,[]
218,大宁揽翠艺墅,100000,,31.294965744018555,121.46357727050781,2,"[{'struture': '4室2厅1厨3卫', 'area': 260.0}, {'struture': '4室2厅1厨4卫', 'area': 260.0}]"
219,慧智公寓,6000,,31.24340057373047,121.62570190429688,0,[]
220,融创江南悦,15000,,30.836273193359375,121.08919525146484,7,"[{'struture': '3室2厅1厨1卫', 'area': 87.0}, {'struture': '2室1厅1厨1卫', 'area': 75.0}, {'struture': '3室1厅1厨1卫', 'area': 89.0}, {'struture': '3室1厅1厨1卫', 'area': 89.0}, {'struture': '3室1厅1厨1卫', 'area': 89.0}, {'struture': '3室1厅1厨2卫', 'area': 89.0}, {'struture': '4室1厅1厨2卫', 'area': 110.0}]"
221,绿地象屿德馨嘉苑,22950,,31.29854965209961,121.09967041015625,3,"[{'struture': '2室2厅1厨2卫', 'area': 95.0}, {'struture': '3室2厅1厨1卫', 'area': 85.0}, {'struture': '4室2厅1厨2卫', 'area': 115.0}]"
222,上海龙湖天鉅,1250,,31.03209686279297,121.42137145996094,0,[]
223,中南泷悦府,12500,,30.622207641601562,121.10658264160156,5,"[{'struture': '3室2厅1厨2卫', 'area': 84.71}, {'struture': '4室2厅1厨2卫', 'area': 98.24}, {'struture': '2室2厅1厨1卫', 'area': 67.35}, {'struture': '3室2厅1厨2卫', 'area': 89.58}, {'struture': '4室2厅1厨2卫', 'area': 122.82}]"
224,宝邸院墅,1050,,31.488353729248047,121.33959197998047,1,"[{'struture': '5室3厅1厨3卫', 'area': 310.0}]"
225,嘉兴恒大御景湾,14800,,30.621185302734375,121.11151123046875,5,"[{'struture': '3室2厅1厨1卫', 'area': 93.0}, {'struture': '3室2厅1厨2卫', 'area': 121.0}, {'struture': '3室2厅1厨2卫', 'area': 121.0}, {'struture': '3室2厅1厨2卫', 'area': 117.0}, {'struture': '4室2厅1厨2卫', 'area': 135.0}]"
226,碧桂园山湖源著,12500,,30.623964309692383,121.10743713378906,1,"[{'struture': '2室1厅1厨1卫', 'area': 70.0}]"
227,碧桂园天玺,11000,,30.875904083251953,120.41265869140625,4,"[{'struture': '4室2厅1厨2卫', 'area': 143.0}, {'struture': '4室2厅1厨3卫', 'area': 193.0}, {'struture': '5室2厅1厨3卫', 'area': 270.0}, {'struture': '3室2厅1厨2卫', 'area': 124.0}]"
228,览海国际高尔夫社区,1280,,31.467693328857422,121.82780456542969,8,"[{'struture': '3室2厅1厨4卫', 'area': 230.0}, {'struture': '4室3厅1厨5卫', 'area': 265.0}, {'struture': '4室2厅1厨3卫', 'area': 354.0}, {'struture': '4室2厅1厨3卫', 'area': 354.0}, {'struture': '4室2厅1厨3卫', 'area': 360.0}, {'struture': '4室2厅1厨3卫', 'area': 360.0}, {'struture': '4室2厅1厨3卫', 'area': 369.0}, {'struture': '4室2厅1厨3卫', 'area': 369.0}]"
229,浦东新区南码头街道滨江单元06-05地块,待定,,31.207351684570312,121.5178451538086,0,[]
230,华美公馆,待定,,30.825101852416992,121.08311462402344,2,"[{'struture': '3室2厅1厨1卫', 'area': 84.0}, {'struture': '3室2厅1厨2卫', 'area': 100.0}]"
231,中南闻荷府,待定,,30.879894256591797,120.72706604003906,10,"[{'struture': '3室2厅1厨2卫', 'area': 89.0}, {'struture': '4室2厅1厨2卫', 'area': 118.0}, {'struture': '3室2厅1厨3卫', 'area': 127.0}, {'struture': '3室2厅1厨3卫', 'area': 130.0}, {'struture': '3室2厅1厨3卫', 'area': 134.0}, {'struture': '3室2厅1厨3卫', 'area': 137.0}, {'struture': '4室2厅1厨3卫', 'area': 127.0}, {'struture': '4室2厅1厨3卫', 'area': 138.0}, {'struture': '4室2厅1厨3卫', 'area': 142.0}, {'struture': '4室2厅1厨3卫', 'area': 154.0}]"
232,奉贤南桥新城15单元23A-01A地块,待定,,30.971782684326172,121.51530456542969,0,[]
233,张江南区配套生活基地A3-06地块,待定,,31.173500061035156,121.63029479980469,0,[]
234,嘉宝梦之悦,22200,,31.298927307128906,121.06814575195312,6,"[{'struture': '2室2厅1厨1卫', 'area': 86.0}, {'struture': '2室2厅1厨1卫', 'area': 87.0}, {'struture': '2室2厅1厨1卫', 'area': 82.0}, {'struture': '2室2厅1厨2卫', 'area': 94.0}, {'struture': '2室2厅1厨2卫', 'area': 110.0}, {'struture': '1室2厅1厨1卫', 'area': 74.0}]"
235,元宝湾二期,9600,,30.969350814819336,120.81684875488281,7,"[{'struture': '2室2厅1厨1卫', 'area': 82.0}, {'struture': '2室2厅1厨1卫', 'area': 93.0}, {'struture': '2室2厅1厨1卫', 'area': 103.0}, {'struture': '3室2厅1厨1卫', 'area': 99.0}, {'struture': '3室2厅1厨1卫', 'area': 101.0}, {'struture': '3室2厅1厨1卫', 'area': 103.0}, {'struture': '3室2厅1厨2卫', 'area': 131.0}]"
236,旭辉光耀城,15500,,30.864561080932617,120.91793823242188,2,"[{'struture': '2室2厅1厨1卫', 'area': 65.0}, {'struture': '3室2厅1厨1卫', 'area': 87.0}]"
237,景源名墅,1050,,30.913576126098633,121.42571258544922,5,"[{'struture': '4室3厅1厨4卫', 'area': 333.0}, {'struture': '4室3厅1厨4卫', 'area': 404.0}, {'struture': '3室2厅1厨2卫', 'area': 276.0}, {'struture': '4室2厅1厨4卫', 'area': 240.0}, {'struture': '6室3厅2厨5卫', 'area': 511.0}]"
238,正阳世纪星城,2500,,30.912582397460938,121.48578643798828,5,"[{'struture': '6室3厅1厨4卫', 'area': 372.0}, {'struture': '6室2厅1厨5卫', 'area': 361.0}, {'struture': '3室3厅1厨3卫', 'area': 226.96}, {'struture': '3室3厅1厨3卫', 'area': 251.98}, {'struture': '6室3厅1厨3卫', 'area': 325.0}]"
239,长宁区古北社区W040502单元E1-10地块,待定,,31.201263427734375,121.41547393798828,0,[]
240,滨江裕花园,23000,,31.287019729614258,121.0833969116211,12,"[{'struture': '1室2厅1厨1卫', 'area': 69.0}, {'struture': '1室2厅1厨1卫', 'area': 69.0}, {'struture': '1室2厅1厨1卫', 'area': 72.0}, {'struture': '1室2厅1厨1卫', 'area': 72.0}, {'struture': '2室2厅1厨1卫', 'area': 89.0}, {'struture': '2室2厅1厨1卫', 'area': 89.0}, {'struture': '2室2厅1厨1卫', 'area': 94.0}, {'struture': '2室2厅1厨1卫', 'area': 94.0}, {'struture': '2室2厅1厨1卫', 'area': 94.0}, {'struture': '2室2厅1厨1卫', 'area': 94.0}, {'struture': '2室2厅1厨2卫', 'area': 102.0}, {'struture': '2室2厅1厨1卫', 'area': 90.0}]"
241,中都华庭,14000,,30.788593292236328,120.9551010131836,6,"[{'struture': '2室2厅1厨1卫', 'area': 78.0}, {'struture': '3室2厅1厨1卫', 'area': 89.0}, {'struture': '3室2厅1厨1卫', 'area': 89.0}, {'struture': '3室2厅1厨2卫', 'area': 89.0}, {'struture': '3室2厅1厨2卫', 'area': 108.0}, {'struture': '40室2厅1厨2卫', 'area': 128.0}]"
242,华夏东城一品,11500,,31.61485481262207,120.48420715332031,12,"[{'struture': '2室2厅1厨1卫', 'area': 82.0}, {'struture': '3室2厅1厨2卫', 'area': 109.0}, {'struture': '3室2厅1厨1卫', 'area': 108.0}, {'struture': '3室2厅1厨2卫', 'area': 109.0}, {'struture': '3室2厅1厨1卫', 'area': 116.0}, {'struture': '3室2厅1厨2卫', 'area': 120.0}, {'struture': '4室2厅1厨2卫', 'area': 129.0}, {'struture': '4室2厅1厨2卫', 'area': 136.0}, {'struture': '2室2厅1厨2卫', 'area': 223.0}, {'struture': '2室2厅1厨2卫', 'area': 224.0}, {'struture': '2室2厅1厨2卫', 'area': 228.0}, {'struture': '2室2厅1厨2卫', 'area': 229.0}]"
243,新城悦隽,10000,,30.654157638549805,121.10035705566406,4,"[{'struture': '1室2厅1厨1卫', 'area': 67.0}, {'struture': '2室1厅1厨1卫', 'area': 67.0}, {'struture': '2室2厅1厨1卫', 'area': 87.0}, {'struture': '3室1厅1厨1卫', 'area': 87.0}]"
244,碧桂园南浔公馆,10935,,30.850845336914062,120.437255859375,4,"[{'struture': '3室2厅1厨2卫', 'area': 115.0}, {'struture': '4室2厅1厨2卫', 'area': 140.0}, {'struture': '4室2厅1厨2卫', 'area': 190.0}, {'struture': '5室2厅1厨3卫', 'area': 260.0}]"
245,翡翠·公馆,14999,,30.871435165405273,120.94131469726562,7,"[{'struture': '2室2厅1厨1卫', 'area': 91.91}, {'struture': '3室2厅1厨2卫', 'area': 88.32}, {'struture': '3室2厅1厨1卫', 'area': 89.61}, {'struture': '3室2厅1厨1卫', 'area': 99.07}, {'struture': '3室2厅1厨2卫', 'area': 113.39}, {'struture': '3室2厅1厨2卫', 'area': 118.98}, {'struture': '4室2厅1厨1卫', 'area': 86.68}]"
246,碧桂园湖悦天境花园,19500,,31.038299560546875,120.86297607421875,5,"[{'struture': '4室2厅1厨3卫', 'area': 150.0}, {'struture': '4室2厅1厨2卫', 'area': 125.0}, {'struture': '4室2厅1厨3卫', 'area': 125.0}, {'struture': '3室2厅1厨1卫', 'area': 95.0}, {'struture': '4室2厅1厨4卫', 'area': 115.0}]"
247,水月源岸花园,待定,,31.13280487060547,120.85514068603516,5,"[{'struture': '3室2厅1厨2卫', 'area': 95.0}, {'struture': '3室2厅1厨2卫', 'area': 115.0}, {'struture': '3室2厅1厨3卫', 'area': 132.0}, {'struture': '4室2厅1厨3卫', 'area': 142.0}, {'struture': '4室2厅1厨4卫', 'area': 186.0}]"
248,云樾天境,14000,,31.563396453857422,121.0824203491211,2,"[{'struture': '3室2厅1厨2卫', 'area': 105.0}, {'struture': '3室2厅1厨2卫', 'area': 109.0}]"
249,紫樱阁,39800,,31.18092918395996,121.1290512084961,0,[]
250,纳帕溪醍,待定,,31.29277229309082,121.1605453491211,7,"[{'struture': '4室2厅1厨3卫', 'area': 299.85}, {'struture': '4室2厅1厨3卫', 'area': 299.85}, {'struture': '4室3厅1厨3卫', 'area': 299.85}, {'struture': '4室2厅1厨4卫', 'area': 323.36}, {'struture': '4室3厅1厨4卫', 'area': 323.36}, {'struture': '4室2厅1厨4卫', 'area': 323.36}, {'struture': '4室2厅1厨4卫', 'area': 323.36}]"
251,金泽镇练西路南侧地块,待定,,31.054086685180664,120.99507141113281,0,[]
252,汇贤阁别墅,5800,,31.156225204467773,121.31503295898438,4,"[{'struture': '5室3厅1厨3卫', 'area': 314.78}, {'struture': '5室3厅1厨3卫', 'area': 314.78}, {'struture': '5室3厅1厨3卫', 'area': 314.78}, {'struture': '5室3厅1厨3卫', 'area': 314.78}]"
253,万科翡翠铂樾,待定,,31.480592727661133,121.14026641845703,0,[]
254,世合理想大地明德居,11000,,30.711090087890625,120.85670471191406,5,"[{'struture': '2室2厅1厨2卫', 'area': 94.49}, {'struture': '3室2厅1厨1卫', 'area': 94.39}, {'struture': '3室2厅1厨2卫', 'area': 114.37}, {'struture': '3室2厅1厨2卫', 'area': 127.68}, {'struture': '4室2厅1厨2卫', 'area': 146.57}]"
255,建发泱著,待定,,31.480228424072266,121.14324188232422,0,[]
256,融创杭州湾壹号,12500,,30.34388542175293,121.20712280273438,2,"[{'struture': '3室2厅1厨2卫', 'area': 90.0}, {'struture': '3室2厅1厨2卫', 'area': 94.0}]"
257,云溪四季,19300,,31.038349151611328,120.8681411743164,3,"[{'struture': '3室2厅1厨2卫', 'area': 106.0}, {'struture': '4室2厅1厨2卫', 'area': 116.0}, {'struture': '3室2厅1厨2卫', 'area': 89.0}]"
258,印溪佳园,15000,,31.56431007385254,121.0851058959961,7,"[{'struture': '3室2厅1厨2卫', 'area': 93.0}, {'struture': '4室2厅1厨2卫', 'area': 108.0}, {'struture': '4室2厅1厨3卫', 'area': 128.0}, {'struture': '4室2厅1厨3卫', 'area': 149.0}, {'struture': '2室2厅1厨1卫', 'area': 72.0}, {'struture': '2室2厅1厨1卫', 'area': 73.0}, {'struture': '3室2厅1厨1卫', 'area': 86.0}]"
259,恒天祥符荡,19000,,30.961109161376953,120.92961120605469,12,"[{'struture': '4室2厅1厨4卫', 'area': 192.0}, {'struture': '4室2厅1厨4卫', 'area': 192.0}, {'struture': '4室2厅1厨5卫', 'area': 213.0}, {'struture': '4室2厅1厨5卫', 'area': 213.0}, {'struture': '4室2厅1厨5卫', 'area': 213.0}, {'struture': '4室2厅1厨5卫', 'area': 213.0}, {'struture': '5室4厅1厨4卫', 'area': 192.0}, {'struture': '5室4厅1厨4卫', 'area': 192.0}, {'struture': '5室4厅1厨4卫', 'area': 192.0}, {'struture': '5室4厅1厨4卫', 'area': 192.0}, {'struture': '5室4厅1厨4卫', 'area': 232.0}, {'struture': '5室4厅1厨4卫', 'area': 232.0}]"
260,世合理想大地阳明清境,14900,,30.711090087890625,120.85670471191406,7,"[{'struture': '4室2厅1厨3卫', 'area': 231.55}, {'struture': '4室2厅1厨3卫', 'area': 233.88}, {'struture': '4室2厅1厨3卫', 'area': 234.2}, {'struture': '4室2厅1厨3卫', 'area': 271.09}, {'struture': '4室2厅1厨3卫', 'area': 272.29}, {'struture': '5室2厅1厨4卫', 'area': 336.49}, {'struture': '4室2厅1厨3卫', 'area': 213.15}]"
261,蔚蓝四季花园,19000,,31.231164932250977,120.44741821289062,4,"[{'struture': '3室2厅1厨1卫', 'area': 80.0}, {'struture': '3室2厅1厨2卫', 'area': 99.0}, {'struture': '4室2厅1厨2卫', 'area': 117.0}, {'struture': '1室2厅1厨1卫', 'area': 65.0}]"
262,中南菩悦海悦湾,210,,30.299591064453125,121.34970092773438,4,"[{'struture': '5室4厅1厨4卫', 'area': 144.0}, {'struture': '4室3厅1厨4卫', 'area': 120.0}, {'struture': '4室3厅1厨4卫', 'area': 120.0}, {'struture': '4室3厅1厨4卫', 'area': 120.0}]"
263,泰禾金尊府,15000,,32.12540817260742,119.04197692871094,12,"[{'struture': '4室2厅1厨2卫', 'area': 145.0}, {'struture': '4室2厅1厨2卫', 'area': 145.0}, {'struture': '5室2厅1厨2卫', 'area': 145.0}, {'struture': '3室2厅1厨2卫', 'area': 92.0}, {'struture': '3室2厅1厨2卫', 'area': 100.0}, {'struture': '4室2厅1厨2卫', 'area': 131.0}, {'struture': '4室2厅1厨2卫', 'area': 145.0}, {'struture': '3室2厅1厨2卫', 'area': 110.0}, {'struture': '3室2厅1厨2卫', 'area': 132.0}, {'struture': '4室2厅1厨2卫', 'area': 131.0}, {'struture': '4室2厅1厨2卫', 'area': 143.0}, {'struture': '3室2厅1厨1卫', 'area': 92.0}]"
264,金科旭辉·公元城市,16000,,30.85236930847168,120.96928405761719,3,"[{'struture': '2室2厅1厨1卫', 'area': 66.0}, {'struture': '3室2厅1厨1卫', 'area': 87.0}, {'struture': '3室2厅1厨1卫', 'area': 87.0}]"
265,世合理想大地望湖居,11300,,30.71217155456543,120.8563232421875,3,"[{'struture': '4室2厅1厨2卫', 'area': 171.0}, {'struture': '4室2厅1厨2卫', 'area': 180.0}, {'struture': '4室2厅1厨2卫', 'area': 188.0}]"
266,海上时光,14000,,31.615182876586914,121.20402526855469,3,"[{'struture': '3室2厅1厨1卫', 'area': 96.0}, {'struture': '3室2厅1厨2卫', 'area': 117.0}, {'struture': '4室2厅1厨2卫', 'area': 142.0}]"
267,中梁东湖壹号院,11000,,30.714046478271484,121.03665161132812,7,"[{'struture': '3室1厅1厨2卫', 'area': 80.0}, {'struture': '3室1厅1厨2卫', 'area': 89.0}, {'struture': '4室1厅1厨2卫', 'area': 108.0}, {'struture': '4室1厅1厨2卫', 'area': 110.0}, {'struture': '4室1厅1厨2卫', 'area': 114.0}, {'struture': '4室1厅1厨2卫', 'area': 118.0}, {'struture': '4室1厅1厨2卫', 'area': 128.0}]"
268,融创海越府,15800,,30.729957580566406,121.01782989501953,6,"[{'struture': '2室2厅1厨1卫', 'area': 75.0}, {'struture': '2室2厅1厨1卫', 'area': 75.0}, {'struture': '3室2厅1厨2卫', 'area': 89.0}, {'struture': '3室2厅1厨2卫', 'area': 89.0}, {'struture': '3室2厅1厨20卫', 'area': 89.0}, {'struture': '4室2厅1厨2卫', 'area': 115.0}]"
269,中南正荣海上明悦,13800,,30.74130630493164,121.1980972290039,3,"[{'struture': '2室2厅1厨1卫', 'area': 74.0}, {'struture': '3室2厅1厨2卫', 'area': 91.0}, {'struture': '4室2厅1厨2卫', 'area': 103.0}]"
270,蓝光雍锦湾,12000,,30.29689598083496,121.3281021118164,2,"[{'struture': '3室2厅1厨2卫', 'area': 88.0}, {'struture': '3室2厅1厨2卫', 'area': 95.0}]"
271,富力湖州壹号,14000,,30.86073112487793,120.1517105102539,7,"[{'struture': '3室2厅1厨1卫', 'area': 88.0}, {'struture': '3室2厅1厨2卫', 'area': 104.0}, {'struture': '3室2厅1厨2卫', 'area': 104.0}, {'struture': '4室2厅1厨2卫', 'area': 126.0}, {'struture': '4室2厅1厨2卫', 'area': 129.0}, {'struture': '4室2厅1厨2卫', 'area': 139.0}, {'struture': '4室2厅1厨2卫', 'area': 139.0}]"
272,旭辉M梦想城,20000,,30.91320037841797,120.95934295654297,3,"[{'struture': '3室2厅1厨1卫', 'area': 89.0}, {'struture': '3室2厅1厨2卫', 'area': 101.0}, {'struture': '4室2厅1厨2卫', 'area': 112.0}]"
273,裕沁庭,21000,,31.469348907470703,121.1463394165039,11,"[{'struture': '3室2厅1厨3卫', 'area': 199.0}, {'struture': '3室2厅1厨3卫', 'area': 199.0}, {'struture': '4室2厅1厨5卫', 'area': 288.0}, {'struture': '4室2厅1厨5卫', 'area': 288.0}, {'struture': '4室2厅1厨5卫', 'area': 288.0}, {'struture': '4室2厅1厨5卫', 'area': 288.0}, {'struture': '4室2厅1厨5卫', 'area': 339.0}, {'struture': '4室2厅1厨5卫', 'area': 339.0}, {'struture': '4室3厅1厨4卫', 'area': 346.0}, {'struture': '4室3厅1厨4卫', 'area': 346.0}, {'struture': '5室2厅1厨6卫', 'area': 368.0}]"
274,雅居乐金茂中央公园,待定,,30.71110725402832,120.771240234375,0,[]
275,韵湖豪庭,待定,,31.557823181152344,121.07623291015625,5,"[{'struture': '2室2厅1厨1卫', 'area': 76.0}, {'struture': '2室2厅1厨1卫', 'area': 77.0}, {'struture': '3室2厅1厨1卫', 'area': 89.0}, {'struture': '3室2厅1厨1卫', 'area': 89.0}, {'struture': '3室2厅1厨2卫', 'area': 108.0}]"
276,万科悦中环,待定,,30.7731990814209,120.73133850097656,7,"[{'struture': '3室2厅1厨1卫', 'area': 88.0}, {'struture': '3室2厅1厨2卫', 'area': 114.0}, {'struture': '3室2厅1厨2卫', 'area': 118.0}, {'struture': '3室2厅1厨2卫', 'area': 127.0}, {'struture': '3室2厅1厨2卫', 'area': 130.0}, {'struture': '3室2厅1厨2卫', 'area': 135.0}, {'struture': '4室2厅1厨2卫', 'area': 154.0}]"
277,魏武宸章,13500,,30.863527297973633,120.91663360595703,5,"[{'struture': '4室2厅1厨2卫', 'area': 129.0}, {'struture': '3室2厅1厨2卫', 'area': 89.0}, {'struture': '3室2厅1厨2卫', 'area': 89.0}, {'struture': '4室2厅1厨2卫', 'area': 115.0}, {'struture': '4室2厅1厨2卫', 'area': 125.0}]"
278,悦湖四季,15480,,31.792394638061523,121.66767120361328,3,"[{'struture': '3室2厅1厨1卫', 'area': 90.0}, {'struture': '3室2厅1厨2卫', 'area': 115.0}, {'struture': '4室2厅1厨2卫', 'area': 130.0}]"
279,金科集美嘉悦,18000,,30.916324615478516,120.96121215820312,3,"[{'struture': '3室2厅1厨2卫', 'area': 91.0}, {'struture': '4室2厅1厨2卫', 'area': 114.0}, {'struture': '4室2厅1厨2卫', 'area': 114.0}]"
280,翡丽风华,20000,,30.819665908813477,120.91996765136719,3,"[{'struture': '3室2厅1厨2卫', 'area': 102.0}, {'struture': '3室2厅1厨2卫', 'area': 136.0}, {'struture': '4室2厅1厨2卫', 'area': 139.0}]"
281,盈浦街道胜利路西侧02-01地块,待定,,31.169570922851562,121.10687255859375,0,[]
282,万联花园,16500,,30.82304573059082,120.92890930175781,6,"[{'struture': '1室2厅1厨1卫', 'area': 45.0}, {'struture': '1室2厅1厨1卫', 'area': 50.0}, {'struture': '2室2厅1厨1卫', 'area': 78.0}, {'struture': '3室2厅1厨1卫', 'area': 90.0}, {'struture': '3室2厅1厨2卫', 'area': 128.0}, {'struture': '3室2厅1厨2卫', 'area': 142.0}]"
283,漫悦兰庭,14200,,31.61932373046875,121.21663665771484,0,[]
284,云澜天境,待定,,31.42190933227539,121.11891174316406,0,[]
285,新城中骏悦隽半岛,16000,,30.82015609741211,120.89738464355469,4,"[{'struture': '2室2厅1厨1卫', 'area': 67.0}, {'struture': '3室2厅1厨2卫', 'area': 87.0}, {'struture': '3室2厅1厨1卫', 'area': 87.0}, {'struture': '3室2厅1厨2卫', 'area': 105.0}]"
286,建发泱誉,待定,,31.49007225036621,121.14525604248047,0,[]
287,旭辉星瀚城,16100,,30.81742286682129,120.90359497070312,3,"[{'struture': '2室2厅1厨1卫', 'area': 67.0}, {'struture': '3室2厅1厨1卫', 'area': 86.0}, {'struture': '3室2厅1厨2卫', 'area': 109.0}]"
288,锦城豪庭,15000,,30.916990280151367,120.9576416015625,8,"[{'struture': '2室2厅1厨1卫', 'area': 73.0}, {'struture': '2室2厅1厨1卫', 'area': 75.0}, {'struture': '2室2厅1厨1卫', 'area': 75.0}, {'struture': '2室2厅1厨1卫', 'area': 76.0}, {'struture': '3室2厅1厨1卫', 'area': 86.0}, {'struture': '3室2厅1厨1卫', 'area': 89.0}, {'struture': '2室2厅1厨1卫', 'area': 73.0}, {'struture': '2室2厅1厨1卫', 'area': 89.0}]"
289,龙光玖誉湾花园,19129.7,,31.02652359008789,120.85285186767578,3,"[{'struture': '3室2厅1厨2卫', 'area': 89.0}, {'struture': '3室2厅1厨2卫', 'area': 95.0}, {'struture': '4室2厅1厨2卫', 'area': 111.0}]"
290,诺丁公馆,12000,,31.563203811645508,121.0775146484375,4,"[{'struture': '3室2厅1厨1卫', 'area': 122.4}, {'struture': '3室2厅1厨2卫', 'area': 134.0}, {'struture': '4室2厅1厨2卫', 'area': 141.6}, {'struture': '4室2厅1厨2卫', 'area': 170.4}]"
291,海樾风华,待定,,30.679737091064453,120.97306060791016,3,"[{'struture': '2室2厅1厨1卫', 'area': 77.0}, {'struture': '3室2厅1厨1卫', 'area': 87.0}, {'struture': '3室2厅1厨1卫', 'area': 89.0}]"
292,新西塘孔雀城悦玲珑,15000,,30.80812644958496,120.91752624511719,2,"[{'struture': '2室2厅1厨1卫', 'area': 65.0}, {'struture': '3室2厅1厨1卫', 'area': 85.0}]"
293,江南御苑,18000,,30.8479061126709,120.9697265625,0,[]
294,聚米喆园,10500,,30.899038314819336,120.81047058105469,4,"[{'struture': '3室2厅1厨2卫', 'area': 87.0}, {'struture': '3室2厅1厨2卫', 'area': 88.0}, {'struture': '3室2厅1厨2卫', 'area': 98.0}, {'struture': '4室2厅1厨2卫', 'area': 120.0}]"
295,观澜天境花园,待定,,31.04745101928711,120.85746002197266,0,[]
296,都会之光花苑,待定,,31.47933006286621,121.13920593261719,2,"[{'struture': '4室2厅1厨2卫', 'area': 116.0}, {'struture': '4室2厅1厨2卫', 'area': 116.0}]"
297,石榴玉兰湾,待定,,30.866470336914062,120.40092468261719,5,"[{'struture': '3室2厅1厨1卫', 'area': 80.0}, {'struture': '3室2厅1厨1卫', 'area': 100.0}, {'struture': '3室2厅1厨2卫', 'area': 108.0}, {'struture': '3室2厅1厨2卫', 'area': 120.0}, {'struture': '4室2厅1厨2卫', 'area': 135.0}]"
298,中交四季美庐,230,,30.823293685913086,120.90640258789062,12,"[{'struture': '3室1厅1厨2卫', 'area': 105.0}, {'struture': '4室1厅1厨2卫', 'area': 129.0}, {'struture': '4室1厅1厨2卫', 'area': 131.0}, {'struture': '3室1厅1厨1卫', 'area': 89.0}, {'struture': '3室1厅1厨3卫', 'area': 101.0}, {'struture': '3室1厅1厨2卫', 'area': 108.0}, {'struture': '3室1厅1厨2卫', 'area': 120.0}, {'struture': '3室1厅1厨3卫', 'area': 133.0}, {'struture': '4室1厅1厨2卫', 'area': 115.0}, {'struture': '4室1厅1厨2卫', 'area': 118.0}, {'struture': '4室1厅1厨4卫', 'area': 118.0}, {'struture': '4室1厅1厨2卫', 'area': 129.0}]"
299,龙光玖誉湾,19000,,30.83429718017578,120.90718841552734,3,"[{'struture': '3室2厅1厨2卫', 'area': 92.0}, {'struture': '3室2厅1厨2卫', 'area': 100.0}, {'struture': '4室2厅1厨2卫', 'area': 122.0}]"
300,龙湖春江郦城,15200,,30.735559463500977,121.00727844238281,5,"[{'struture': '3室2厅1厨1卫', 'area': 81.0}, {'struture': '3室2厅1厨2卫', 'area': 89.0}, {'struture': '3室2厅1厨2卫', 'area': 89.0}, {'struture': '3室2厅1厨2卫', 'area': 89.0}, {'struture': '4室2厅1厨2卫', 'area': 122.0}]"
301,旭辉星罗城,待定,,30.809825897216797,120.9197998046875,0,[]
302,合景尚峰,15600,,30.916540145874023,120.95675659179688,4,"[{'struture': '2室2厅1厨1卫', 'area': 66.0}, {'struture': '3室2厅1厨1卫', 'area': 84.0}, {'struture': '3室2厅1厨1卫', 'area': 87.0}, {'struture': '3室2厅1厨1卫', 'area': 87.0}]"
303,新宏水岸蓝庭,待定,,30.881126403808594,120.24752044677734,3,"[{'struture': '4室2厅1厨2卫', 'area': 115.0}, {'struture': '4室2厅1厨2卫', 'area': 123.0}, {'struture': '4室2厅1厨2卫', 'area': 142.0}]"
304,江欣望江府,待定,,31.733257293701172,121.74038696289062,3,"[{'struture': '1室2厅1厨1卫', 'area': 92.0}, {'struture': '2室2厅1厨1卫', 'area': 101.0}, {'struture': '3室2厅1厨1卫', 'area': 117.0}]"
305,依云悦府,待定,,31.561681747436523,121.0919189453125,4,"[{'struture': '3室2厅1厨1卫', 'area': 87.0}, {'struture': '3室2厅1厨2卫', 'area': 98.0}, {'struture': '3室2厅1厨2卫', 'area': 98.0}, {'struture': '4室2厅1厨2卫', 'area': 113.0}]"
306,弘明·澜湖郡,待定,,37.42177963256836,116.34915924072266,0,[]
307,锦绣东方国风小镇,待定,,30.35773468017578,121.1964340209961,3,"[{'struture': '3室2厅1厨1卫', 'area': 89.0}, {'struture': '3室2厅1厨2卫', 'area': 111.0}, {'struture': '4室2厅1厨2卫', 'area': 116.0}]"
